乳・小麦・卵を使わないハンバーグ		766	22.1	31.3	91.7	2.8
乳・小麦・卵を使わないハンバーグ(小盛り)		592	19.5	31.0	53.2	2.8
ソイカリーバーグディッシュ		761	25.6	26.5	103.2	3.5
大盛ディッシュサラダ (乳小麦卵を使わないHB・ソイHB用)	追加分	91	0.7	7.4	5.5	0.6
レギュラーハンバーグディッシュ	S	723	26.1	26.9	91.1	2.3
エッグバーグディッシュ	S	806	32.9	32.5	91.2	2.6
チーズバーグディッシュ	S	863	34.5	38.4	91.8	3.4
パインバーグディッシュ	S	778	26.4	26.9	104.6	2.3
おろしそバーグディッシュ	S	730	26.3	26.9	92.8	2.3
フォンデュ風チーズバーグディッシュ	S	880	32.4	40.6	93.0	3.3
カリーバーグディッシュ	S	863	31.0	36.5	98.7	3.3
エッグカリーバーグディッシュ	S	946	37.8	42.2	98.8	3.6
チーズカリーバーグディッシュ	S	1004	39.4	48.1	99.4	4.4
パインカリーバーグディッシュ	S	918	31.3	36.5	112.2	3.3
黒デミバーグディッシュ	S	773	28.5	29.1	95.7	2.7
オムデミチーズバーグディッシュ	S	979	36.8	45.9	101.3	3.6
チーズダッカルビ風バーグディッシュ	S	889	32.7	34.5	110.0	2.9
レギュラーハンバーグディッシュ	M	814	33.3	32.1	94.9	2.9
エッグバーグディッシュ	M	897	40.0	37.7	95.1	3.1
チーズバーグディッシュ	M	955	41.6	43.7	95.7	3.9
パインバーグディッシュ	M	869	33.5	32.1	108.5	2.9
おろしそバーグディッシュ	M	822	33.5	32.1	96.7	2.9
フォンデュ風チーズバーグディッシュ	M	971	39.5	45.8	96.9	3.9
カリーバーグディッシュ	M	954	38.2	41.7	102.6	3.9
エッグカリーバーグディッシュ	M	1037	44.9	47.4	102.7	4.1
チーズカリーバーグディッシュ	M	1095	46.5	53.3	103.3	4.9
パインカリーバーグディッシュ	M	1009	38.4	41.7	116.1	3.9
黒デミバーグディッシュ	M	864	35.7	34.3	99.6	3.2
オムデミチーズバーグディッシュ	M	1070	43.9	51.2	105.2	4.1
チーズダッカルビ風バーグディッシュ	M	980	39.8	39.8	113.9	3.4
ポテサラパケットディッシュ(シングル)		848	30.8	35.9	97.7	2.9
ポテサラパケットディッシュ(ダブル)		1236	55.7	59.6	116.5	5.3
大盛ディッシュサラダ	追加分	120	0.6	11.2	3.8	0.4
レギュラーハンバーグディッシュ	L	996	47.3	42.3	103.6	4.3
エッグバーグディッシュ	L	1079	54.0	47.9	103.8	4.5
チーズバーグディッシュ	L	1137	55.6	53.8	104.3	5.3
パインバーグディッシュ	L	1051	47.5	42.3	117.1	4.3
おろしそバーグディッシュ	L	1004	47.5	42.3	105.3	4.3
フォンデュ風チーズバーグディッシュ	L	1153	53.6	56.0	105.6	5.3
カリーバーグディッシュ	L	1129	51.9	51.8	110.0	4.9
エッグカリーバーグディッシュ	L	1212	58.6	57.4	110.2	5.1
チーズカリーバーグディッシュ	L	1270	60.2	63.4	110.7	5.9
パインカリーバーグディッシュ	L	1184	52.1	51.8	123.5	4.9
黒デミバーグディッシュ	L	1039	49.4	44.4	107.0	4.2
オムデミチーズバーグディッシュ	L	1245	57.6	61.2	112.6	5.1
チーズダッカルビ風バーグディッシュ	L	1155	53.5	49.8	121.4	4.4
レギュラー	ライトセット	409	16.7	15.8	48.4	1.7
エッグ	ライトセット	492	23.5	21.5	48.6	1.9
チーズ	ライトセット	549	25.1	27.4	49.2	2.7
パイン	ライトセット	464	17.0	15.8	62.0	1.7
おろしそ	ライトセット	416	16.9	15.9	50.2	1.7
エッグ	トッピング	83	6.8	5.7	0.2	0.2
チーズ	トッピング	141	8.4	11.6	0.7	1.0
パイン3枚	トッピング	55	0.3	0.0	13.7	0.0
おろしそ	トッピング	8	0.2	0.0	1.7	0.0
S ハンバーグ	トッピング	262	20.3	14.7	12.1	1.9
S エッグバーグ	トッピング	345	27.0	20.4	12.2	2.1
S チーズバーグ	トッピング	403	28.6	26.3	12.8	2.9
S パインバーグ	トッピング	317	20.5	14.7	25.7	1.9
S おろしそバーグ	トッピング	269	20.5	14.8	13.8	1.9
コーンスープ	スープ	98	3.6	3.0	14.4	0.7
みそ汁	スープ	43	2.5	1.8	4.5	1.9
レギュラーバーグステーキ	S	316	23.2	15.7	21.3	2.5
エッグバーグステーキ	S	399	30.0	21.4	21.5	2.8
チーズバーグステーキ	S	457	31.5	27.3	22.1	3.6
パインバーグステーキ	S	371	23.4	15.7	34.8	2.5
おろしそバーグステーキ	S	323	23.4	15.8	23.0	2.5
フォンデュ風チーズバーグステーキ	S	521	32.7	33.3	23.5	4.0
黒デミバーグステーキ	S	358	25.3	17.8	24.8	2.5
ねぎポンおろしバーグステーキ	S	336	22.9	14.9	28.9	4.2
レギュラーバーグステーキ	M	407	30.3	21.0	25.2	3.1
エッグバーグステーキ	M	490	37.1	26.6	25.4	3.3
チーズバーグステーキ	M	548	38.7	32.5	25.9	4.1
パインバーグステーキ	M	462	30.6	21.0	38.7	3.1
おろしそバーグステーキ	M	415	30.5	21.0	26.9	3.1
フォンデュ風チーズバーグステーキ	M	612	39.9	38.5	27.4	4.5
黒デミバーグステーキ	M	450	32.4	23.1	28.6	3.0
ねぎポンおろしバーグステーキ	M	427	30.0	20.2	32.8	4.7
レギュラーバーグステーキ	L	582	44.0	31.0	32.7	4.1
エッグバーグステーキ	L	665	50.8	36.6	32.8	4.3
チーズバーグステーキ	L	723	52.4	42.6	33.4	5.1
パインバーグステーキ	L	637	44.3	31.0	46.2	4.1
おろしそバーグステーキ	L	589	44.2	31.0	34.4	4.1
フォンデュ風チーズバーグステーキ	L	787	53.6	48.6	34.8	5.5
黒デミバーグステーキ	L	624	46.1	33.1	36.1	4.0
ねぎポンおろしバーグステーキ	L	602	43.7	30.2	40.3	5.7
コロコロステーキ	その他ステーキ	468	32.5	28.1	17.7	2.9
S ハンバーグ&コロコロステーキ	その他ステーキ	570	41.1	32.0	27.7	4.1
M ハンバーグ&コロコロステーキ	その他ステーキ	668	48.5	37.3	32.8	5.1
L ハンバーグ&コロコロステーキ	その他ステーキ	843	62.2	47.4	40.3	6.1
S びっくりエビフライ&ハンバーグステーキ	その他ステーキ	795	37.1	56.0	39.1	4.1
M びっくりエビフライ&ハンバーグステーキ	その他ステーキ	886	44.3	61.2	43.0	4.7
L びっくりエビフライ&ハンバーグステーキ	その他ステーキ	1061	58.0	71.3	50.4	5.7
ガーリックチキン&ハンバーグステーキS	その他ステーキ	594	49.7	32.5	26.6	5.7
ガーリックチキン&ハンバーグステーキM	その他ステーキ	685	56.8	37.7	30.5	6.2
ガーリックチキン&ハンバーグステーキL	その他ステーキ	860	70.6	47.7	37.9	7.2
ガーリックチキンステーキ	その他ステーキ	457	42.1	25.8	14.8	4.4
びっくりフライドポテト S	アペタイザー	449	4.8	25.3	44.1	2.6
びっくりフライドポテト L	アペタイザー	685	7.9	34.9	74.1	4.4
スパイシーポテト S	アペタイザー	450	4.9	25.3	44.3	2.3
スパイシーポテト L	アペタイザー	687	8.0	34.9	74.4	3.8
ザンギ&ポテト	アペタイザー	816	35.6	49.0	54.7	5.6
オーロラシュリンプ&ポテト	アペタイザー	671	17.8	41.9	49.5	3.2
イカの箱舟	アペタイザー	449	30.9	34.4	2.2	1.9
ブロッコリーの箱舟	アペタイザー	512	10.1	48.7	13.8	1.1
焼きカリーライス	アペタイザー	539	19.7	18.7	70.8	1.8
マカロニ&チーズ	アペタイザー	381	16.4	22.8	27.9	1.8
追加カリーソース	アペタイザー	147	5.2	9.8	8.8	1.4
追加チーズソース	アペタイザー	157	6.3	13.8	2.0	1.0
マーメイドサラダ S	サラダ	110	5.5	7.0	7.5	1.0
マーメイドサラダ L	サラダ	220	11.0	14.0	15.1	1.9
シーザーサラダ S	サラダ	178	5.9	15.3	5.0	1.0
シーザーサラダ L	サラダ	357	11.7	30.7	9.9	2.0
ネギ塩サラダS	サラダ	77	1.3	5.9	6.2	0.9
ネギ塩サラダL	サラダ	150	2.5	11.5	12.3	1.7
ディッシュサラダ S	サラダ	125	0.9	11.5	4.8	0.4
ディッシュサラダ L	サラダ	362	2.1	34.0	12.6	1.3
SS ハンバーグ&ビバ!ミートスパ	軽食	707	32.3	26.1	81.2	3.6
S ハンバーグ&ビバ!ミートスパ	軽食	791	38.8	30.9	84.7	4.1
ビバ!ミートスパ	軽食	536	18.8	16.3	73.9	2.6
薪釜マルゲリータ	軽食	704	25.5	30.1	79.1	4.3
小ライス	その他	252	3.8	0.5	55.7	0.0
ライス	その他	336	5.0	0.6	74.2	0.0
大盛りライス	その他	554	8.3	1.0	122.4	0.0
カリフラワーライス	その他	42	4.3	0.2	8.2	0.0
ドンキーセット(ライス・みそ汁・ディッシュサラダ)	その他	504	8.4	13.9	83.5	2.3
・リンゴゼリー選択	ぶ~ちゃんのおこさまランチ	454	18.1	13.8	62.6	2.2
・ミルポックル選択	ぶ~ちゃんのおこさまランチ	523	21.1	17.2	69.0	2.3
プチトッピング エッグ	トッピング	83	6.8	5.7	0.2	0.2
プチトッピング チーズ	トッピング	70	4.2	5.8	0.4	0.5
プチトッピング パイン	トッピング	18	0.1	0.0	4.5	0.0
プチトッピング おろしそ	トッピング	4	0.1	0.0	0.9	0.0
おこさまカレー		245	4.2	4.0	46.3	1.3
おこさまスパゲティ		248	7.7	7.4	37.8	1.4
プチうどん		160	6.3	1.9	29.4	1.4
おこさまザンギ		211	15.7	13.1	8.6	1.6
ミニマム レギュラーバーグディッシュ		409	16.7	15.8	48.4	1.7
ミニマムエッグバーグディッシュ		492	23.5	21.5	48.6	1.9
ミニマムチーズバーグディッシュ		549	25.1	27.4	49.2	2.7
ミニマムパインバーグディッシュ		464	17.0	15.8	62.0	1.7
ミニマムおろしそバーグディッシュ		416	16.9	15.9	50.2	1.7
おこさまコーンスープ	お子様スープ・ドリンク	98	3.6	3.0	14.4	0.7
おこさまコーラ	お子様スープ・ドリンク	76	0.1	0.0	18.9	0.0
おこさま太陽のオレンジ	お子様スープ・ドリンク	108	0.8	0.2	28.4	0.0
おこさまメロンソーダ	お子様スープ・ドリンク	76	0.0	0.0	19.2	0.0
おこさまイチゴミルク	お子様スープ・ドリンク	291	6.3	6.9	52.8	0.2
乳酸菌飲料 ミルポックル	お子様スープ・ドリンク	214	6.1	6.8	32.2	0.2
おこさまリンゴジュース	お子様スープ・ドリンク	64	0.1	0.0	15.8	0.0
しっとりクラシックチョコケーキ		306	3.8	21.4	24.6	0.1
北海道ミニソフト		130	3.4	6.2	14.9	0.1
北海道ミニソフト チョコソース		205	4.0	6.5	33.4	0.1
北海道ミニソフト イチゴソース		167	3.6	6.2	24.3	0.1
北海道ソフトクリーム		194	5.2	9.2	22.3	0.1
北海道ソフトクリーム チョコソース		295	6.0	9.7	47.0	0.1
北海道ソフトクリーム イチゴソース		244	5.4	9.3	34.9	0.1
ガトーショコラパフェ		462	8.5	25.3	50.5	0.2
塩キャラメルプリンパフェ		363	4.6	20.6	40.6	0.6
珈琲パフェ		391	5.4	20.7	46.4	0.3
シナモンロール		369	5.9	16.0	50.6	0.5
北海道ミニソフト(アイスクリーム)	ソフトサーバー洗浄時メニュー	85	1.5	4.9	8.9	0.0
北海道ミニソフト チョコソース(アイスクリーム)	ソフトサーバー洗浄時メニュー	98	1.6	5.0	11.9	0.1
北海道ミニソフト イチゴソース(アイスクリーム)	ソフトサーバー洗浄時メニュー	91	1.6	4.9	10.4	0.0
ガトーショコラパフェ	ソフトサーバー洗浄時メニュー	433	7.0	24.8	46.3	0.2
ドンキーハウスビール〈樽生〉 大	ビール	230	3.0	0.0	17.7	0.0
ドンキーハウスビール〈樽生〉 中	ビール	185	2.4	0.0	14.3	0.0
ドンキーハウスビール〈樽生〉 小	ビール	99	1.3	0.0	7.7	0.0
ドンキーフリー(ピルスナー)	ノンアルコール	89	1.0	0.3	20.8	0.0
ドンキーフリー(スタウト)	ノンアルコール	92	1.3	0.3	21.8	0.0
北の星流	店舗限定ビール	152	2.3	0.0	13.2	0.0
コーラ S	ドリンク	76	0.1	0.0	18.9	0.0
コーラ L	ドリンク	95	0.1	0.0	23.6	0.0
びっくりコーラ	ドリンク	190	0.2	0.0	47.3	0.0
メロンソーダ S	ドリンク	76	0.0	0.0	19.2	0.0
メロンソーダ L	ドリンク	95	0.0	0.0	24.0	0.0
びっくりメロンソーダ	ドリンク	190	0.0	0.0	48.0	0.0
コーラアイスフロート S	ドリンク	161	1.6	4.9	27.7	0.1
コーラアイスフロート L	ドリンク	180	1.6	4.9	32.5	0.1
ソーダアイスフロート S	ドリンク	161	1.5	4.9	28.0	0.1
ソーダアイスフロート L	ドリンク	180	1.5	4.9	32.9	0.1
森のリンゴスカッシュ S	ドリンク	40	0.0	0.0	10.0	0.0
森のリンゴスカッシュ L	ドリンク	50	0.0	0.0	12.5	0.0
びっくり森のりんごスカッシュ	ドリンク	100	0.0	0.0	25.0	0.0
森のリンゴスカッシュアイスフロートS	ドリンク	125	1.5	4.9	18.9	0.0
森のリンゴスカッシュアイスフロート L	ドリンク	135	1.5	4.9	21.4	0.0
太陽のオレンジ S	ドリンク	108	0.8	0.2	28.4	0.0
太陽のオレンジ L	ドリンク	135	1.0	0.3	35.5	0.0
びっくり太陽のオレンジ	ドリンク	270	2.0	0.5	71.0	0.0
いきいき乳酸菌ヨーデル S	ドリンク	266	9.0	12.3	29.7	0.3
いきいき乳酸菌ヨーデル L	ドリンク	418	14.1	19.4	46.6	0.4
つぶつぶ食感イチゴミルク S	ドリンク	291	6.3	6.9	52.8	0.2
つぶつぶ食感イチゴミルク L	ドリンク	440	9.6	10.6	79.5	0.2
イチゴミルクソフトフロート S	ドリンク	356	8.0	10.0	60.2	0.2
イチゴミルクソフトフロート L	ドリンク	505	11.3	13.6	86.9	0.3
のみごろキウイ S	ドリンク	197	1.2	0.2	50.4	0.0
のみごろキウイ L	ドリンク	304	1.8	0.3	77.9	0.0
のみごろキウイソフトフロート S	ドリンク	261	2.9	3.3	57.9	0.0
のみごろキウイソフトフロート L	ドリンク	368	3.6	3.3	85.3	0.0
ウーロン茶(アイス) S	ドリンク	0	0.0	0.0	0.0	0.0
ウーロン茶(アイス) L	ドリンク	0	0.0	0.0	0.0	0.1
びっくりウーロン茶	ドリンク	0	0.0	0.0	0.0	0.1
ウーロン茶(ホット)	ドリンク	0	0.0	0.0	0.0	0.0
ホットコーヒー(シングルオリジン)		5	0.3	0.0	1.0	0.0
ホットコーヒー(ブレンド)		5	0.3	0.0	1.0	0.0
ホットカフェラテ		115	5.8	6.6	8.1	0.2
アイスコーヒー S(シングルオリジン)		6	0.3	0.0	1.1	0.0
アイスコーヒー L(シングルオリジン)		9	0.4	0.0	1.6	0.0
びっくりアイスコーヒー(シングルオリジン)		15	0.8	0.0	2.7	0.0
アイスコーヒー S(ブレンド)		6	0.3	0.0	1.1	0.0
アイスコーヒー L(ブレンド)		9	0.4	0.0	1.6	0.0
びっくりアイスコーヒー(ブレンド)		15	0.8	0.0	2.7	0.0
アイスカフェラテ S		115	5.8	6.6	8.1	0.2
アイスカフェラテ L		146	7.4	8.4	10.3	0.2
びっくりアイスカフェラテ		291	14.8	16.8	20.4	0.4
アイスクリーミーラテ S		327	8.7	20.1	27.8	0.2
アイスクリーミーラテ L		472	12.0	29.1	40.2	0.3
コーヒーフレッシュ		10	0.2	0.9	0.2	0.0
スティックシュガー		16	0.0	0.0	4.0	0.0
ガムシロ		34	0.0	0.0	8.8	0.0
SS いろどりディッシュ レギュラー	いろどりセットメニュー	437	19.4	12.8	62.7	2.5
SS いろどりディッシュ エッグ	いろどりセットメニュー	520	26.2	18.5	62.8	2.7
SS いろどりディッシュ チーズ	いろどりセットメニュー	578	27.8	24.4	63.4	3.5
SS いろどりディッシュ パイン	いろどりセットメニュー	492	19.7	12.8	76.2	2.5
SS いろどりディッシュ おろしそ	いろどりセットメニュー	445	19.6	12.8	64.4	2.5
S いろどりディッシュ レギュラー	いろどりセットメニュー	683	28.5	17.3	103.3	3.0
S いろどりディッシュ エッグ	いろどりセットメニュー	767	35.2	23.0	103.5	3.2
S いろどりディッシュ チーズ	いろどりセットメニュー	824	36.8	28.9	104.1	4.0
S いろどりディッシュ パイン	いろどりセットメニュー	738	28.7	17.3	116.9	3.0
S いろどりディッシュ おろしそ	いろどりセットメニュー	691	28.7	17.3	105.1	3.0
ビーフコンソメスープ	いろどりセットメニュー	19	1.0	0.8	2.0	1.4
S ハンバーグ&コロコロステーキランチ	ハンバーグステーキランチ(ライス・みそ汁付)	949	48.6	34.3	106.6	6.0
M ハンバーグ&コロコロステーキランチ	ハンバーグステーキランチ(ライス・みそ汁付)	1047	56.0	39.7	111.7	7.0
L ハンバーグ&コロコロステーキランチ	ハンバーグステーキランチ(ライス・みそ汁付)	1222	69.7	49.7	119.1	8.0
S ハンバーグ&コロコロステーキランチ	ハンバーグステーキランチ(カリフラワーライス・みそ汁付)	654	47.9	33.9	40.5	6.0
M ハンバーグ&コロコロステーキランチ	ハンバーグステーキランチ(カリフラワーライス・みそ汁付)	753	55.4	39.3	45.6	7.0
L ハンバーグ&コロコロステーキランチ	ハンバーグステーキランチ(カリフラワーライス・みそ汁付)	928	69.1	49.3	53.1	8.0
S レギュラーバーグディッシュセット	ハンバーグディッシュセット(みそ汁付)	766	28.6	28.6	95.6	4.2
S エッグバーグディッシュセット	ハンバーグディッシュセット(みそ汁付)	849	35.4	34.3	95.8	4.4
S チーズバーグディッシュセット	ハンバーグディッシュセット(みそ汁付)	906	37.0	40.2	96.3	5.2
S パインバーグディッシュセット	ハンバーグディッシュセット(みそ汁付)	820	28.9	28.6	109.1	4.2
S おろしそバーグディッシュセット	ハンバーグディッシュセット(みそ汁付)	773	28.8	28.7	97.3	4.2
M レギュラーバーグディッシュセット	ハンバーグディッシュセット(みそ汁付)	857	35.8	33.9	99.5	4.7
M エッグバーグディッシュセット	ハンバーグディッシュセット(みそ汁付)	940	42.6	39.5	99.6	4.9
M チーズバーグディッシュセット	ハンバーグディッシュセット(みそ汁付)	997	44.2	45.4	100.2	5.7
M パインバーグディッシュセット	ハンバーグディッシュセット(みそ汁付)	912	36.1	33.9	113.0	4.7
M おろしそバーグディッシュセット	ハンバーグディッシュセット(みそ汁付)	864	36.0	33.9	101.2	4.7
L レギュラーバーグディッシュセット	ハンバーグディッシュセット(みそ汁付)	1039	49.8	44.0	108.1	6.2
L エッグバーグディッシュセット	ハンバーグディッシュセット(みそ汁付)	1122	56.6	49.7	108.3	6.4
L チーズバーグディッシュセット	ハンバーグディッシュセット(みそ汁付)	1179	58.2	55.6	108.9	7.2
L パインバーグディッシュセット	ハンバーグディッシュセット(みそ汁付)	1094	50.1	44.0	121.7	6.2
L おろしそバーグディッシュセット	ハンバーグディッシュセット(みそ汁付)	1046	50.0	44.1	109.9	6.2
S オムデミチーズバーグディッシュランチ	ハンバーグディッシュセット(みそ汁付)	1021	39.3	47.7	105.8	5.4
M オムデミチーズバーグディッシュランチ	ハンバーグディッシュセット(みそ汁付)	1113	46.5	52.9	109.7	6.0
L オムデミチーズバーグディッシュランチ	ハンバーグディッシュセット(みそ汁付)	1287	60.2	63.0	117.2	7.0
モーニングセット(トースト)		403	14.4	18.3	44.3	1.9
モーニングセット(トースト) (チーズトースト)		587	24.6	33.6	45.9	2.7
モーニングセット(トースト) (ポテサラトースト)		580	19.3	32.5	51.8	2.6
モーニングセット(トースト) (イチゴホイップトースト)		480	15.0	19.3	60.9	1.8
【プレーントースト】 ドンキースペシャルブレックファスト (スクランブルエッグ)		702	21.3	42.7	60.0	3.0
【プレーントースト】 ドンキースペシャルブレックファスト (目玉焼き)		723	30.5	42.1	55.3	2.9
【チーズトースト】 ドンキースペシャルブレックファスト (スクランブルエッグ)		886	31.5	58.0	61.6	3.8
【チーズトースト】 ドンキースペシャルブレックファスト (目玉焼き)		907	40.6	57.5	56.9	3.7
【ポテサラトースト】 ドンキースペシャルブレックファスト (スクランブルエッグ)		879	26.2	56.8	67.5	3.7
【ポテサラトースト】 ドンキースペシャルブレックファスト (目玉焼き)		900	35.4	56.3	62.8	3.6
【イチゴホイップトースト】 ドンキースペシャルブレックファスト (スクランブルエッグ)		778	21.9	43.7	76.6	2.9
【イチゴホイップトースト】 ドンキースペシャルブレックファスト (目玉焼き)		800	31.1	43.1	71.9	2.8
ミニマムバーグディッシュ		409	16.7	15.8	48.4	1.7
卵かけご飯		476	14.6	7.9	82.5	3.4
卵かけご飯 (ライス小盛)		392	13.3	7.8	64.0	3.4
卵かけご飯 (ライス大盛)		695	17.8	8.3	130.8	3.4
シャンディレモン	季節ビールとノンアルコール	116	0.7	0.0	13.2	0.1
ドンキーフリー(レモン)	季節ビールとノンアルコール	96	0.7	0.0	23.1	0.0
てりたまマヨバーグディッシュS	日本の秋に、月見ハンバーグ	958	33.1	43.6	103.4	3.7
てりたまマヨバーグディッシュM	日本の秋に、月見ハンバーグ	1049	40.3	48.8	107.3	4.2
てりたまマヨバーグディッシュL	日本の秋に、月見ハンバーグ	1224	54.0	58.9	114.8	5.3
ベーコンエッグベネバーグディッシュS	日本の秋に、月見ハンバーグ	1003	35.7	49.8	99.5	3.7
ベーコンエッグベネバーグディッシュM	日本の秋に、月見ハンバーグ	1094	42.8	55.1	103.4	4.2
ベーコンエッグベネバーグディッシL	日本の秋に、月見ハンバーグ	1276	56.8	65.2	112.1	5.6
てりたまマヨポテト	日本の秋に、月見ハンバーグ	794	14.5	40.9	79.6	4.9
月見モンブランパフェ	月見デザート	382	4.8	16.7	53.6	0.3
月見マロンサンデー	月見デザート	294	5.9	12.4	39.2	0.2
バニラアイスと月見マロンシフォンプレート	月見デザート	412	5.6	23.4	44.5	0.2
ジョッキパフェ(月見マロン)	月見デザート	854	10.9	38.5	116.5	0.6
夏氷ソフト(イチゴ)	氷デザート	211	4.2	7.0	32.9	0.2
夏氷ソフト(ドラゴンフルーツ&マンゴー)	氷デザート	222	4.6	7.1	35.1	0.1
フィッシュ&チップス (店舗提供・TO・宅配共通)	フィッシュ&チップス	665	16.8	41.5	50.7	3.2
ハンバーグ S	テイクアウト・宅配・ハンバーグ	312	23.1	15.7	20.4	2.5
ハンバーグ M	テイクアウト・宅配・ハンバーグ	403	30.2	20.9	24.3	3.1
ハンバーグ L	テイクアウト・宅配・ハンバーグ	578	44.0	31.0	31.8	4.1
チーズハンバーグ S	テイクアウト・宅配・ハンバーグ	453	31.5	27.3	21.1	3.6
チーズハンバーグ M	テイクアウト・宅配・ハンバーグ	544	38.6	32.5	25.0	4.1
チーズハンバーグ L	テイクアウト・宅配・ハンバーグ	719	52.3	42.6	32.5	5.1
エッグハンバーグ S	テイクアウト・宅配・ハンバーグ	395	29.9	21.4	20.6	2.8
エッグハンバーグ M	テイクアウト・宅配・ハンバーグ	486	37.0	26.6	24.5	3.3
エッグハンバーグ L	テイクアウト・宅配・ハンバーグ	661	50.7	36.6	31.9	4.3
パインハンバーグ S	テイクアウト・宅配・ハンバーグ	367	23.4	15.7	33.9	2.5
パインハンバーグ M	テイクアウト・宅配・ハンバーグ	458	30.5	20.9	37.8	3.1
パインハンバーグ L	テイクアウト・宅配・ハンバーグ	633	44.2	31.0	45.3	4.1
フォンデュ風チーズハンバーグ S	テイクアウト・宅配・ハンバーグ	469	29.4	29.5	22.4	3.5
フォンデュ風チーズハンバーグ M	テイクアウト・宅配・ハンバーグ	560	36.5	34.7	26.3	4.0
フォンデュ風チーズハンバーグ L	テイクアウト・宅配・ハンバーグ	735	50.2	44.7	33.7	5.1
黒デミバーグ S	テイクアウト・宅配・ハンバーグ	354	25.2	17.8	23.8	2.5
黒デミバーグ M	テイクアウト・宅配・ハンバーグ	446	32.3	23.1	27.7	3.0
黒デミバーグ L	テイクアウト・宅配・ハンバーグ	620	46.1	33.1	35.2	4.0
ポテサラパケットバーグ(シングル)	テイクアウト・宅配・ハンバーグ	438	27.8	24.7	27.1	3.1
ポテサラパケットバーグ(ダブル)	テイクアウト・宅配・ハンバーグ	818	52.4	48.4	44.6	5.1
びっくりエビフライ&ハンバーグS	テイクアウト・宅配・ハンバーグ	795	37.1	56.0	39.1	4.1
びっくりエビフライ&ハンバーグM	テイクアウト・宅配・ハンバーグ	882	44.2	61.2	42.1	4.7
びっくりエビフライ&ハンバーグL	テイクアウト・宅配・ハンバーグ	1057	57.9	71.3	49.5	5.7
ガーリックチキン&ハンバーグS	テイクアウト・宅配・ハンバーグ	576	49.0	32.2	23.3	4.8
ガーリックチキン&ハンバーグM	テイクアウト・宅配・ハンバーグ	667	56.2	37.4	27.1	5.3
ガーリックチキン&ハンバーグL	テイクアウト・宅配・ハンバーグ	842	69.9	47.4	34.6	6.3
ガーリックチキンステーキ	テイクアウト・宅配・ハンバーグ	453	42.0	25.8	13.8	4.4
おこさまランチ	テイクアウト・宅配・おこさまハンバーグ	488	18.5	13.9	69.9	2.6
レギュラーバーグディッシュ S	テイクアウト・宅配・ハンバーグディッシュ	708	26.3	24.2	92.7	3.0
レギュラーバーグディッシュ M	テイクアウト・宅配・ハンバーグディッシュ	799	33.4	29.5	96.6	3.6
レギュラーバーグディッシュ L	テイクアウト・宅配・ハンバーグディッシュ	974	47.2	39.5	104.0	4.6
エッグバーグディッシュ S	テイクアウト・宅配・ハンバーグディッシュ	791	33.1	29.9	92.9	3.3
エッグバーグディッシュ M	テイクアウト・宅配・ハンバーグディッシュ	882	40.2	35.1	96.8	3.8
エッグバーグディッシュ L	テイクアウト・宅配・ハンバーグディッシュ	1057	53.9	45.2	104.2	4.8
チーズバーグディッシュ S	テイクアウト・宅配・ハンバーグディッシュ	848	34.7	35.8	93.4	4.1
チーズバーグディッシュ M	テイクアウト・宅配・ハンバーグディッシュ	939	41.8	41.1	97.3	4.6
チーズバーグディッシュ L	テイクアウト・宅配・ハンバーグディッシュ	1114	55.5	51.1	104.8	5.6
パインバーグディッシュ S	テイクアウト・宅配・ハンバーグディッシュ	762	26.6	24.2	106.2	3.0
パインバーグディッシュ M	テイクアウト・宅配・ハンバーグディッシュ	854	33.7	29.5	110.1	3.6
パインバーグディッシュ L	テイクアウト・宅配・ハンバーグディッシュ	1028	47.4	39.5	117.6	4.6
フォンデュ風チーズバーグディッシュ S	テイクアウト・宅配・ハンバーグディッシュ	864	32.6	38.0	94.7	4.0
フォンデュ風チーズバーグディッシュ M	テイクアウト・宅配・ハンバーグディッシュ	956	39.7	43.2	98.6	4.5
フォンデュ風チーズバーグディッシュ L	テイクアウト・宅配・ハンバーグディッシュ	1130	53.4	53.3	106.0	5.6
黒デミバーグディッシュ S	テイクアウト・宅配・ハンバーグディッシュ	750	28.4	26.4	96.1	3.0
黒デミバーグディッシュ M	テイクアウト・宅配・ハンバーグディッシュ	841	35.5	31.6	100.0	3.5
黒デミバーグディッシュ L	テイクアウト・宅配・ハンバーグディッシュ	1016	49.3	41.6	107.5	4.5
オムデミチーズバーグディッシュS	テイクアウト・宅配・ハンバーグディッシュ	956	36.7	43.2	101.7	3.8
オムデミチーズバーグディッシュM	テイクアウト・宅配・ハンバーグディッシュ	1047	43.8	48.4	105.6	4.3
オムデミチーズバーグディッシュL	テイクアウト・宅配・ハンバーグディッシュ	1222	57.5	58.4	113.1	5.4
チーズダッカルビ風バーグディッシュ S	テイクアウト・宅配・ハンバーグディッシュ	866	32.5	31.8	110.5	3.1
チーズダッカルビ風バーグディッシュ M	テイクアウト・宅配・ハンバーグディッシュ	958	39.7	37.0	114.4	3.7
チーズダッカルビ風バーグディッシュ L	テイクアウト・宅配・ハンバーグディッシュ	1132	53.4	47.0	121.8	4.7
ポテサラパケットディッシュ(シングル)	テイクアウト・宅配・ハンバーグディッシュ	833	31.0	33.3	99.4	3.6
ポテサラパケットディッシュ(ダブル)	テイクアウト・宅配・ハンバーグディッシュ	1213	55.6	56.9	116.9	5.6
チーズソース【ホワイト】	テイクアウト・宅配・追加ソース	157	6.3	13.8	2.0	1.0
カリーソース	テイクアウト・宅配・追加ソース	147	5.2	9.8	8.8	1.4
ライス	テイクアウト・宅配・アラカルト	336	5.0	0.6	74.2	0.0
大盛ライス	テイクアウト・宅配・アラカルト	554	8.3	1.0	122.4	0.0
小盛ライス	テイクアウト・宅配・アラカルト	252	3.8	0.5	55.7	0.0
みそ汁	テイクアウト・宅配・アラカルト	43	2.5	1.8	4.5	1.9
びっくりフライドポテト	テイクアウト・宅配・サイドメニュー	685	7.9	34.9	74.1	4.4
スパイシーポテト	テイクアウト・宅配・サイドメニュー	687	8.0	34.9	74.4	3.8
ザンギ&ポテト	テイクアウト・宅配・サイドメニュー	816	35.6	49.0	54.7	5.6
オーロラシュリンプ&ポテト	テイクアウト・宅配・サイドメニュー	671	17.8	41.9	49.5	3.2
マーメイドサラダ S	テイクアウト・宅配・サイドメニュー	110	5.5	7.0	7.5	1.0
マーメイドサラダ L	テイクアウト・宅配・サイドメニュー	220	11.0	14.0	15.1	1.9
ネギ塩サラダS	テイクアウト・宅配・サイドメニュー	77	1.3	5.9	6.2	0.9
ネギ塩サラダL	テイクアウト・宅配・サイドメニュー	150	2.5	11.5	12.3	1.7
カップサラダ	テイクアウト・宅配・サイドメニュー	102	0.7	8.8	5.2	0.7
ボックスサラダ	テイクアウト・宅配・サイドメニュー	362	2.1	34.0	12.6	1.3
ホットコーヒー (シングルオリジン・ブレンド)	テイクアウト・宅配・ドリンク	5	0.3	0.0	1.0	0.0
アイスコーヒー (シングルオリジン・ブレンド)	テイクアウト・宅配・ドリンク	6	0.3	0.0	1.1	0.0
アイスカフェラテ	テイクアウト・宅配・ドリンク	115	5.8	6.6	8.1	0.2
いきいき乳酸菌ヨーデル	テイクアウト・宅配・ドリンク	266	9.0	12.3	29.7	0.3
イチゴミルク	テイクアウト・宅配・ドリンク	291	6.3	6.9	52.8	0.2
オレンジジュース	テイクアウト・宅配・ドリンク	108	0.8	0.2	28.4	0.0
のみごろキウイ	テイクアウト・宅配・ドリンク	197	1.2	0.2	50.4	0.0
ドンキーフリー(ピルスナー)	テイクアウト・宅配・ドリンク	89	1.0	0.3	20.8	0.0
ドンキーフリー(スタウト)	テイクアウト・宅配・ドリンク	92	1.3	0.3	21.8	0.0
北海道ソフトクリーム	テイクアウト・宅配・デザート	194	5.2	9.2	22.3	0.1
北海道ソフトクリーム チョコソース	テイクアウト・宅配・デザート	295	6.0	9.7	47.0	0.1
北海道ソフトクリーム イチゴソース	テイクアウト・宅配・デザート	244	5.4	9.3	34.9	0.1
