ワッパーチーズ	305g	750	32.7	46.3	51.4	3.7
ワッパーチーズジュニア	150g	372	16.1	21.8	28.2	1.7
ダブルワッパーチーズ	385g	985	51.2	64.1	51.5	3.9
ダブルワッパーチーズジュニア	182g	467	24.6	28.6	28.2	1.8
トリプルワッパーチーズ	465g	1219	69.7	81.9	51.6	4.1
アボカドワッパー	323g	732	28.7	45.1	54.5	3.0
アボカドワッパージュニア	164g	370	14.2	21.9	30.2	1.4
クアトロチーズワッパー	308g	823	37.5	53.7	48.0	3.8
クアトロチーズワッパージュニア	151g	409	18.5	25.5	26.5	1.7
ワッパー	283g	672	28.2	39.9	50.8	3.0
ワッパージュニア	139g	333	13.8	18.6	27.9	1.3
ダブルワッパー	363g	906	46.7	57.7	50.9	3.1
トリプルワッパー	443g	1141	65.2	75.5	50.9	3.3
スモーキーBBQワッパー	283g	674	28.1	39.9	51.1	2.9
スモーキーBBQワッパージュニア	139g	334	13.8	18.6	28.0	1.3
テリヤキワッパー	283g	684	28.2	40.0	53.4	3.0
テリヤキワッパージュニア	139g	339	13.9	18.7	29.2	1.4
スパイシーワッパー	290g	680	28.3	39.9	52.5	3.7
スパイシーワッパージュニア	143g	338	13.9	18.6	28.9	1.7
ベーコンチーズワッパー	320g	818	37.1	51.8	51.7	4.3
ベーコンチーズワッパージュニア	157g	406	18.3	24.6	28.3	2.0
マッシュルームワッパー	309g	794	30.1	53.4	50.0	2.8
ダブルマッシュルームワッパー	389g	1031	49.2	71.3	50.0	2.9
マッシュルームワッパージュニア	153g	395	13.4	26.1	27.6	1.2
ベーコンダブルチーズバーガー	168g	494	31.1	28.7	27.9	2.6
ダブルチーズバーガー	153g	425	26.7	23.2	27.6	2.1
ハンバーガー	99g	252	13.7	10.1	27.0	1.2
チーズバーガー	110g	291	15.9	13.3	27.3	1.6
チーズダブルチーズバーガー	167g	471	29.2	26.9	28.1	2.4
ビーフ&ダブルハッシュ ビッグマウスギルティ	351g	1072	37.1	75.4	60.7	4.7
ダブルビーフ&ベーコン ビッグマウスギルティ	329g	1059	57.4	78.9	30.3	4.2
クラシック スモーキーフライドチキンバーガー	208g	563	26.7	32.7	40.7	2.8
チーズ・クラシック スモーキーフライドチキンバーガー	207g	523	28.9	27.2	40.7	3.1
スパイシーマヨ スモーキーフライドチキンバーガー	208g	538	26.8	29.3	42.0	3.2
タルタルチキンバーガー	138g	425	14.4	25.8	34.7	2.0
スモークハウス スモーキーフライドチキン	221g	539	27.8	27.7	45.3	3.6
スモーキーテリヤキバーガー	123g	347	14.1	18.4	31.3	1.6
ハッシュ&BBQバーガー	171g	494	15.5	28.2	44.1	2.0
BBQレタスバーガー	123g	336	13.9	18.2	29.1	1.4
フィッシュバーガー	134g	374	14.4	18.4	37.9	2.1
クラシック ホットドッグ	109g	302	12.3	19.0	20.5	1.9
BBQ&チーズ ホットドッグ	123g	343	13.8	22.2	21.9	2.4
フレンチフライS	74g	216	3.0	9.8	29.0	0.9
フレンチフライM	105g	306	4.3	13.9	41.1	1.3
フレンチフライL	150g	438	6.1	19.9	58.8	1.8
チリチーズフライ	134g	308	7.8	16.9	31.4	2.7
オニオンリング	91g	339	3.0	24.1	27.8	1.0
シーザーサラダ(ドレッシングあり)	69g	106	3.0	9.3	2.7	0.7
シーザーサラダ(ドレッシングなし)	59g	43	2.7	3.0	1.6	0.2
(別添)シーザードレッシング	10g	63	0.3	6.3	1.1	0.5
チキンナゲット(5ピース、ソース抜き)	88g	228	11.2	14.5	15.2	1.2
チキンナゲット(8ピース、ソース抜き)	140g	364	17.9	23.2	24.4	1.9
チキンナゲット(16ピース、ソース抜き) ※デリバリー専用限定商品	280g	728	35.8	46.5	48.7	3.8
チーズチキンナゲット(5ピース、ソース抜き)	100g	265	12.5	15.0	20.1	1.7
チーズチキンナゲット(8ピース、ソース抜き)	160g	424	20.0	24.0	32.2	2.7
チーズチキンナゲット(16ピース、ソース抜き)	320g	848	40.0	48.0	64.3	5.3
スナックチキン	53g	137	8.0	7.6	9.2	1.0
アメリカンスモーキーチキン 4ピース	160g	220	23.8	13.0	2.0	1.7
ハッシュブラウン	59g	160	1.6	10.0	15.4	0.6
マスタードソース	18g	32	0.1	1.2	5.2	0.5
バーベキューソース	18g	26	0.2	0.1	6.2	0.4
アップルパイ	67g	203	1.9	10.7	24.4	0.3
キャラメルサンデー	130g	129	1.5	3.2	23.8	0.2
チョコレートサンデー	130g	129	1.5	3.1	24.1	0.2
プレーン	デザート・120g	102	1.4	3.0	17.6	0.2
フロートドリンク コカ・コーラ	340g（氷含む）	145	2.0	3.8	25.9	0.2
フロートドリンク コカ・コーラゼロ	340g（氷含む）	91	2.0	3.8	12.5	0.2
フロートドリンク メロンソーダ	340g（氷含む）	151	2.0	3.8	27.4	0.2
フロートドリンク ドクターペッパー	340g（氷含む）	133	0.9	2.0	27.8	0.1
フロートドリンク アイスコーヒー	340g（氷含む）	92	2.0	3.8	12.5	0.2
コカ・コーラS	265g	90	0.0	0.0	22.7	0.0
コカ・コーラM	425g	129	0.0	0.0	32.4	0.0
コカ・コーラL	530g	181	0.0	0.0	45.4	0.0
コカ・コーラゼロS	265g	0	0.0	0.0	0.2	0.0
コカ・コーラゼロM	425g	0	0.0	0.0	0.3	0.0
コカ・コーラゼロL	530g	0	0.0	0.0	0.4	0.0
ドクターペッパーS	265g	76	0.0	0.0	18.9	0.0
ドクターペッパーM	425g	108	0.0	0.0	27.0	0.0
ドクターペッパーL	530g	151	0.0	0.0	37.8	0.0
カナダドライジンジャエールS	265g	78	0.0	0.0	18.9	0.0
カナダドライジンジャエールM	425g	111	0.0	0.0	27.0	0.0
カナダドライジンジャエールL	530g	155	0.0	0.0	37.8	0.0
「ファン」烏龍茶S	265g	0	0.0	0.0	0.2	0.0
「ファン」烏龍茶M	425g	0	0.0	0.0	0.3	0.0
「ファン」烏龍茶L	530g	0	0.0	0.0	0.4	0.1
ファンタメロンソーダS	265g	101	0.0	0.0	25.2	0.0
ファンタメロンソーダM	425g	144	0.0	0.0	36.0	0.0
ファンタメロンソーダL	530g	202	0.0	0.0	50.4	0.0
アップルジュースS	265g	97	0.4	0.2	23.1	0.0
アップルジュースM	425g	138	0.6	0.3	33.0	0.0
アップルジュースL	530g	193	0.8	0.4	46.2	0.0
スプライトS	265g	82	0.0	0.0	18.9	0.0
スプライトM	425g	117	0.0	0.0	27.0	0.0
スプライトL	530g	164	0.0	0.0	37.8	0.0
アイスコーヒーS	265g	6	0.3	0.0	1.1	0.0
アイスコーヒーM	425g	8	0.4	0.0	1.3	0.0
アイスコーヒーL	530g	12	0.6	0.0	2.1	0.0
アイスティーS	265g	2	0.2	0.0	0.2	0.0
アイスティーM	425g	2	0.2	0.0	0.2	0.0
アイスティーL	530g	3	0.3	0.0	0.3	0.0
ブレンドコーヒーS	190g	8	0.4	0.0	1.3	0.0
ブレンドコーヒーM	240g	10	0.5	0.0	1.7	0.0
ダージリンティーS	190g	2	0.2	0.0	0.2	0.0
ダージリンティーM	230g	2	0.2	0.0	0.2	0.0
ガムシロップ	6g	17	0.0	0.0	4.2	0.0
コーヒーフレッシュ	3g	7	0.1	0.7	0.1	0.0
レモンポーション	3g	1	0.0	0.0	0.2	0.0
スティックシュガー	3g	12	0.0	0.0	3.0	0.0
チーズ&チーズチキン	120g	339	16.0	15.6	33.6	2.2
ダブルスモーキーBBQワッパー	363g	908	46.6	57.7	51.2	3.0
トリプルスモーキーBBQワッパー	443g	1143	65.1	75.5	51.3	3.2
ダブルテリヤキワッパー	363g	919	46.7	57.8	53.4	3.2
トリプルテリヤキワッパー	443g	1153	65.2	75.6	53.5	3.4
ダブルスパイシーワッパー	370g	914	46.9	57.7	52.6	3.8
トリプルスパイシーワッパー	450g	1149	65.4	75.5	52.7	4.0
