トムヤムクンスープカレー	ライス量「普通(200g)」	643	18.7	22.1	95.9	4.1
もちっと揚げあんぱん		341	5.2	13.1	50.7	0.5
バターチキンカレー	ライス量「普通(300g)」	919	27.4	33.0	131.7	4.5
秋の野菜カレー	ポークソース、ライス量「普通(300g)」	929	12.3	29.8	156.6	4.8
（トッピング）秋の野菜		228	1.3	11.5	29.7	1.3
手仕込チキン南蛮カツカレー	ポークソース、ライス量「普通(300g)」	1526	35.7	81.5	166.9	6.3
（トッピング）手仕込チキン南蛮カツ		825	24.7	63.3	40.0	2.9
ビーフカツカレー	ポークソース、ライス量「普通(300g)」	1124	25.7	47.3	152.1	4.2
（トッピング）ビーフカツ		423	14.7	29.0	25.2	0.8
手仕込チキンカツカレー	ポークソース、ライス量「普通(300g)」	1255	32.5	60.2	150.5	4.2
（トッピング）手仕込チキンカツ		553	21.5	41.9	23.6	0.7
カキフライカレー	ポークソース、ライス量「普通(300g)」	1073	21.1	41.8	158.0	4.8
（トッピング）カキフライ		372	10.1	23.5	31.1	1.3
（トッピング）2個カキフライ		186	5.0	11.8	15.5	0.7
ポークカレー		701	11.0	18.3	126.9	3.4
甘口ポークカレー		681	10.8	17.0	124.7	2.5
ビーフカレー		823	17.3	29.6	125.8	3.1
ココイチベジカレー		688	10.1	15.6	130.7	3.8
ハヤシライス		845	16.4	30.1	132.4	3.1
チキンにこみカレー		769	24.4	19.7	128.7	4.3
フライドチキン(5個)カレー		1026	28.6	41.4	145.2	4.7
ハンバーグ(2個)カレー		925	24.2	32.9	137.0	4.7
豚しゃぶカレー		1052	23.6	51.5	128.8	3.5
メンチカツカレー		1047	20.5	40.7	152.8	4.5
ソーセージ(4本)カレー		980	21.2	41.5	132.0	5.0
チキンカツカレー		1115	32.3	43.7	151.6	4.8
パリパリチキンカレー		995	29.2	36.4	139.1	4.8
ロースカツカレー		1116	27.1	48.7	149.3	4.3
手仕込とんかつカレー		1272	34.2	63.4	146.4	4.0
牛すじ煮込みカレー		846	25.0	25.3	136.9	5.4
なす(6個)カレー		872	11.9	34.9	131.6	3.4
ほうれん草カレー		712	12.5	18.5	128.6	3.6
やさいカレー		783	12.8	20.1	142.4	3.5
スクランブルエッグカレー		846	15.4	30.2	132.0	4.0
納豆カレー		787	18.0	22.4	132.3	3.4
きのこカレー		711	12.5	18.4	129.8	3.9
クリームコロッケ(カニ入り)(2個)カレー		1085	16.6	45.5	156.1	4.8
チーズカレー		896	23.9	34.1	128.3	4.4
フィッシュフライ(2本)カレー		942	22.1	32.3	143.9	4.4
たっぷりあさりカレー		769	23.2	19.6	130.1	4.0
イカカレー		839	24.1	25.2	134.2	4.3
エビにこみカレー		745	21.4	18.7	127.1	4.2
エビあさりカレー		757	22.3	19.2	128.6	4.1
海の幸カレー		826	28.8	22.7	132.2	4.5
プチエビフライカレー		789	15.5	23.1	133.3	3.7
低糖質カレー	カリフラワーライス+ポークソース	255	8.0	15.4	25.1	3.0
カレーうどん		702	18.3	30.8	85.5	7.2
カレーうどん（マイルド）		688	18.1	29.8	84.0	6.6
カレーらーめん		656	20.4	23.3	88.0	9.4
チャーシューカレーらーめん		811	26.2	37.3	89.7	10.1
ライス小（100ｇ）		156	2.5	0.3	37.1	0.0
特定原材料を使用していないカレー（ライス200g）		492	7.6	7.8	100.6	1.9
特定原材料を使用していないカレー（ライス100g）		246	3.8	3.9	50.3	0.9
甘口ポークソース・ライス200ｇ		483	7.6	13.4	84.9	2.0
ポークソース・ライス200g		499	7.8	14.5	86.7	2.8
【トッピング】ソーセージ(2本)		140	5.1	11.6	2.5	0.8
【トッピング】フライドチキン(2個)		131	7.1	9.2	7.3	0.5
【トッピング】クリームコロッケ(カニ入り)(1個)		192	2.8	13.6	14.6	0.7
【トッピング】チーズ(ハーフ)		98	6.4	7.9	0.7	0.5
【トッピング】ほうれん草(ハーフ)		6	0.7	0.1	0.9	0.1
【トッピング】ハンバーグ(1個)		112	6.6	7.3	5.0	0.6
【トッピング】イカ(ハーフ)		69	6.5	3.5	3.6	0.4
【トッピング】スクランブルエッグ(ハーフ)		73	2.2	6.0	2.6	0.3
お子さまカレー ソーセージ		431	13.4	17.0	57.5	2.4
お子さまカレー プチエビフライ		420	13.8	14.4	60.5	2.2
お子さまオムカレー ソーセージ		503	15.6	23.1	60.1	2.7
お子さまオムカレー プチエビフライ		492	16.0	20.5	63.1	2.5
ミニお子さまカレー		236	3.6	6.2	42.6	1.1
ミニお子さまナンカレー		152	4.2	4.5	24.4	1.1
1歳からのやさしい野菜カレー		112	2.0	1.1	24.4	0.6
単品ミニナン		112	3.6	1.6	21.6	0.6
ヤサイサラダ		17	0.9	0.2	3.8	0.0
シーザーサラダ	専用ドレッシング込みの栄養成分情報です。	104	2.2	7.2	8.3	1.3
タマゴサラダ		111	9.9	7.0	6.4	0.8
コーンサラダ		42	1.7	0.7	9.1	0.2
ツナサラダ		115	10.2	6.7	5.0	0.5
ポテトサラダ		86	1.9	3.3	13.1	0.7
イカサラダ		86	7.4	3.7	7.4	0.5
フライドチキン(3個)サラダ		220	11.2	14.1	14.8	0.8
ソーセージ(2本)サラダ		157	6.0	11.8	6.3	0.8
プチエビフライ サラダ		106	5.4	5.0	10.2	0.3
チキンにこみ		68	13.4	1.4	1.8	0.9
フライドチキン(5個)		325	17.6	23.1	18.3	1.3
フライドチキン(3個)		195	10.6	13.9	11.0	0.8
ハンバーグ(2個)		224	13.2	14.6	10.1	1.3
ハンバーグ(1個)		112	6.6	7.3	5.0	0.6
豚しゃぶ		351	12.6	33.2	1.9	0.1
ハーフ豚しゃぶ		179	6.4	16.6	1.7	0.1
メンチカツ		346	9.5	22.4	25.9	1.1
ソーセージ(4本)		279	10.2	23.2	5.1	1.5
ソーセージ(2本)		140	5.1	11.6	2.5	0.8
チキンカツ		414	21.3	25.4	24.7	1.4
パリパリチキン		294	18.2	18.1	12.2	1.4
ロースカツ		415	16.1	30.4	22.4	0.9
手仕込とんかつ		571	23.2	45.1	19.5	0.6
牛すじ煮込み		145	14.0	7.0	10.0	2.0
なす(6個)		171	0.9	16.6	4.7	0.0
なす(3個)		85	0.4	8.3	2.3	0.0
ほうれん草		11	1.5	0.2	1.7	0.2
ハーフほうれん草		6	0.7	0.1	0.9	0.1
やさい		82	1.8	1.8	15.5	0.1
ハーフやさい		42	0.9	0.9	7.7	0.1
スクランブルエッグ		145	4.4	11.9	5.1	0.6
ハーフスクランブルエッグ		73	2.2	6.0	2.6	0.3
納豆		86	7.0	4.1	5.4	0.0
きのこ		10	1.5	0.1	2.9	0.5
ハーフきのこ		5	0.8	0.0	1.5	0.3
クリームコロッケ(カニ入り）(2個)		384	5.6	27.2	29.2	1.4
クリームコロッケ(カニ入り）(1個)		192	2.8	13.6	14.6	0.7
チーズ		195	12.9	15.8	1.4	1.0
ハーフチーズ		98	6.4	7.9	0.7	0.5
フィッシュフライ(2本)		241	11.1	14.0	17.0	1.0
フィッシュフライ(1本)		120	5.6	7.0	8.5	0.5
プチエビフライ		88	4.5	4.8	6.4	0.2
たっぷりあさり		68	12.2	1.3	3.2	0.6
ハーフあさり		34	6.1	0.7	1.6	0.3
イカ		138	13.1	6.9	7.3	0.9
ハーフイカ		69	6.5	3.5	3.6	0.4
エビにこみ		44	10.4	0.4	0.2	0.7
ハーフエビにこみ		22	5.2	0.2	0.1	0.4
エビあさり		56	11.3	0.9	1.7	0.7
海の幸		125	17.8	4.4	5.3	1.1
クリーミータルタルソース		110	1.5	10.7	2.0	0.6
半熟タマゴ		67	5.4	5.0	0.2	0.2
ゆでタマゴ		94	9.0	6.8	2.6	0.7
コーン		25	0.8	0.5	5.3	0.2
単品ポテト		69	1.0	3.1	9.3	0.6
ツナ		98	9.3	6.5	1.2	0.4
半熟タマゴタルタルソース		177	6.9	15.7	2.2	0.7
旨辛にんにく		115	2.4	7.6	9.4	0.6
とろ～りたまフライ		190	4.4	11.6	16.9	0.6
アイスミルク		102	5.1	5.9	7.1	0.2
オレンジドリンク		72	0.2	0.0	17.9	0.0
コカ・コーラ		69	0.0	0.0	17.3	0.0
アイスカフェ・オ・レ		37	1.8	2.0	2.9	0.1
アイスコーヒー		4	0.2	0.0	0.8	0.1
ラッシー（プレーン）		111	4.4	5.1	11.8	0.3
ビッグドリンク(コカ・コーラ)		138	0.0	0.0	34.6	0.0
ビッグドリンク(アイスミルク)		204	10.2	11.8	14.2	0.3
ビッグドリンク(オレンジドリンク)		144	0.4	0.0	35.8	0.1
ビッグドリンク(アイスカフェ・オ・レ)		74	3.6	4.0	5.8	0.2
ビッグドリンク(アイスコーヒー)		8	0.4	0.0	1.6	0.1
ビッグドリンク(ラッシー(プレーン))		222	8.8	10.2	23.6	0.6
本格珈琲 Ｒサイズ（ホットコーヒー）		6	0.3	0.0	1.1	0.0
本格珈琲 Ｒサイズ（アイスコーヒー）		6	0.3	0.0	1.1	0.0
本格珈琲 Ｌサイズ（ホットコーヒー）		9	0.5	0.0	1.6	0.0
本格珈琲 Ｌサイズ（アイスコーヒー）		10	0.5	0.0	1.8	0.0
ホットコーヒー		5	0.3	0.0	0.9	0.0
フレッシュ		12	0.2	1.1	0.2	0.0
ガムシロップ		39	0.0	0.0	9.7	0.0
スティックシュガー		12	0.0	0.0	3.0	0.0
濃厚バニラアイスクリーム		182	3.3	12.5	14.0	0.1
マル得 コンボA 単品		897	48.6	59.6	38.3	5.4
マル得コンボA カレーソース付		1363	55.6	94.4	69.5	12.2
マル得 コンボB 単品		1542	51.2	111.1	87.1	5.8
マル得コンボB カレーソース付		2008	58.2	145.9	118.3	12.7
ポークカレーパン		319	8.8	19.5	27.6	1.7
ココイチバラエティボックスA		1428	61.6	91.3	88.5	6.7
ココイチバラエティボックスB		1548	57.8	99.1	110.9	5.9
ココイチバラエティボックスC		748	33.2	50.6	40.4	3.4
CoCo de チキン		357	15.4	22.8	22.1	1.7
らっきょう		77	0.4	0.3	18.1	1.4
ナン		241	8.1	2.3	49.1	1.3
ポークソース（一人前）		233	3.5	17.4	15.6	3.4
甘口ポークソース（一人前）		213	3.3	16.1	13.4	2.5
ビーフソース（一人前）		355	9.8	28.7	14.5	3.1
ココイチベジソース(一人前)		220	2.6	14.7	19.4	3.8
ソース増し・追加ソース（ポーク）		93	1.4	7.0	6.2	1.4
ソース増し・追加ソース（甘口ポーク）		85	1.3	6.4	5.4	1.0
ソース増し・追加ソース（ビーフ）		90	1.1	6.7	6.4	1.4
ソース増し・追加ソース（ココイチベジ）		88	1.1	5.9	7.7	1.5
フライドポテト		279	3.5	15.6	34.1	0.7
フライドポテト（大盛）		559	7.0	31.2	68.1	1.3
ココロッケ		254	4.7	15.2	24.2	0.6
ハリケーンポテト		95	1.6	3.6	14.0	0.7
ライス（150ｇ）		234	3.8	0.5	55.7	0.0
ふくじん漬（15ｇ当り）		3	0.2	0.0	0.6	1.1
芳醇ソース（10ｇ当り）		13	0.3	0.0	2.9	0.8
カレーパウダー小袋		6	0.4	0.2	0.8	1.0
ケチャップ小袋（1袋8ｇ当り）		9	0.1	0.0	2.2	0.3
マヨネーズ小袋（1袋12ｇ当り）		82	0.3	9.0	0.1	0.2
オリジナルドレッシング（25ｍｌ当り）		38	0.3	3.7	0.8	1.2
ごまドレッシング（25ｍｌ当り）		68	0.9	6.7	0.8	0.9
とび辛スパイス（1ｇ当り）（卓上品）		3	0.1	0.1	0.7	0.0
とろ～り甘くなるソース（1ｇ当り）		3	0.0	0.0	0.8	0.0
