手巻 辛子明太子		174	4	1.3	37	1.1
手巻 紅しゃけ		170	4.1	1.6	35.1	1.2
手巻 シーチキン®マヨネーズ		219	3.8	6	38	0.9
手巻 真昆布		183	3.2	1.3	40.2	1.1
手巻 紀州南高梅		179	3.2	1.1	39.4	1.4
青磯海苔 あさり旨煮	北海道・東北・関東・東海・北陸・沖縄	194	4.3	1.2	41.7	1.2
ごちむすび 鮭はらみ		206	6.1	3.8	37.1	1.4
【背徳のチーズコンビニ飯】サンドおむすび 背徳チーズソース牛めし		284	7.7	6.2	49.9	1.7
炙り焼 牛ハラミおむすび	北海道・沖縄以外	189	4	1.7	39.6	1.2
ぼんご監修 大きなおむすび 生たらこと漬けまぐろ入りまぐろたたき		286	7	2.4	59.8	1.2
直巻 明太子マヨネーズ		228	3.4	4.7	43.3	1.1
具だくさん!海老マヨネーズ	北海道・九州以外	252	4.1	8.1	41.1	0.7
直巻 焼しゃけ		186	4.5	1.5	38.9	1.2
大きなおむすび 昆布とツナマヨネーズ	沖縄以外	332	5.5	6.7	63.2	1.4
直巻 とり五目	九州以外	214	4.9	2.4	43.8	1.6
直巻 和風ツナマヨネーズ		235	4.3	5.6	42.2	1.3
SPAM®むすび ツナマヨネーズ	沖縄以外	266	7.3	10.4	36	1.2
SPAM®むすび 明太子マヨネーズ	東北・関東・東海・北陸・関西・中国・四国	361	8.1	16.1	46.6	1.7
おむすび2個セット(鮭・ツナマヨネーズ)	関東・東海・北陸・関西・中国・四国・九州	349	5.9	5.3	69.9	1.8
【東北・関東】おむすびおかずセット(昆布・ツナマヨネーズ)	東北・関東	422	8.3	9.7	76.2	1.8
大きなおむすび 海苔佃煮		259	4.6	1.6	57.1	2
紅鮭ほぐしと生たらこおむすび	北海道・沖縄以外	184	5.4	1.6	37.2	1.6
大きなおむすび 塩おむすび	北海道・沖縄以外	249	3.4	1.2	56.3	1.2
塩おむすび	北海道以外	186	2.6	1.1	41.7	1
日清焼そばU.F.O. ぶっ濃い濃厚そばめし	沖縄以外	212	4	4.1	40.2	2.8
【東京都の一部・神奈川県の一部】もち麦・スーパー大麦 枝豆チーズ	関東	179	4.9	3.4	34.4	1
もち麦 新生姜とわかめ	北海道・沖縄以外	162	3.4	1.9	34.1	1.3
【関東の一部】大きなおむすび 鶏そぼろ	関東	281	6	2.5	58.8	1.5
特製香味ダレの油淋鶏弁当(麦入りごはん)	北海道・関東・東海・北陸・九州・沖縄	661	19.8	22.4	97.3	4.3
3色そぼろ&チキン南蛮弁当		780	26.3	31	100.3	4.6
タルタル白身フライの海苔弁当		779	18.1	25.8	120.7	3.8
ハンバーグ&フライドチキン弁当(マスタードソース)	九州・沖縄以外	660	24.5	19.7	98.6	4.2
香味醤油ソースの鶏から揚げ弁当(黒マー油使用)	沖縄以外	656	25.8	18.6	97	3.9
【関東】炙り焼 鳥めし弁当(麦飯)	関東	616	31.7	18.5	81.9	4.6
【東北・関東の一部】豚焼肉弁当	東北・関東	585	16.8	20.2	85.2	4.6
【東北・関東の一部】ハンバーグ&メンチカツ弁当	東北・関東	694	18.5	25.6	99.5	3.3
特製ダレの炙り焼牛カルビ重	北海道・関東・東海・北陸・関西・中国・四国	702	19.6	21.7	107.3	2.8
ごま油香る!高菜明太ごはん	北海道・関東・東海・関西・中国・四国	409	8.5	8	77	2.4
鶏のうまみ!鶏そぼろ弁当	北海道・沖縄以外	361	10.8	6.5	65.2	1.2
30種類以上のスパイスが決め手のこだわりカレー		531	10.3	10.7	99.3	3.5
チーズソースまみれの塩ダレ豚焼肉丼		661	18.9	22.9	95.4	2.9
ベーコンとほうれん草のトマトクリームドリア	沖縄以外	434	10.5	10.5	75.7	3
グリルチキン&スパイシーピラフ(麦入りごはん)		477	17.3	14.6	71.7	3.5
コク旨!パイコー飯(台湾風豚から揚げ)		543	19.7	10.1	94.5	4.9
肉の旨味感じる 三元豚のロースとんかつ弁当	沖縄以外	737	29	23.1	104.9	3
肉汁じゅわっと鉄板焼ハンバーグ弁当(香味醤油仕立て)		780	25.4	30.2	103.3	4.6
ごま油の香り!ジューシー肉シュウマイ弁当		722	20	32.1	90	3.5
スパイス香る!ロースかつカレー		670	15.1	27.9	90.9	4.2
三元豚のロースかつ丼	中国・四国以外	633	22	23.6	84.1	3.6
デミソースと食べるとろとろたまごのオムライス		556	11.7	25.8	70.4	4.4
豚骨と鶏ガラの旨味 大盛!高菜炒飯		616	11.9	18	102.1	4.8
出汁の旨味広がる ふんわり玉子の親子丼	北海道以外	479	15.5	13.9	73.2	2.8
醤の旨味がきいた麻婆豆腐ごはん		491	16.7	13.4	77.2	2.5
ツナサラダ巻とカニカマコーン巻	東北・関東・東海・北陸・関西	441	7.5	14.2	71.2	2.7
チキン南蛮巻(タルタルソース入り)	北海道以外	304	8.2	8	50.2	2.8
手巻寿司 ねぎとろ(青まぜ)	北陸以外	167	4.4	2	33.3	1.2
サーモン寿司	九州以外	194	5.6	1.8	39.3	1.4
しめさば寿司	北海道・沖縄以外	192	5.3	1.9	38.6	1.2
ぱくっと寿司 とろたく	北海道・沖縄以外	176	4.1	2.1	35.6	1.7
カニカマの寿司	北海道・沖縄以外	227	4.3	5.7	40.1	2.1
キンパ ヤンニョムチキン	東北・関東・東海・北陸・関西	238	7.9	4.1	43.4	2.1
キンパ 彩り具材と甘辛豚肉	北海道以外	226	10.4	4.7	36.6	2.1
手巻寿司 三陸産めかぶとおくら納豆	東北・関東・東海・関西・九州・沖縄	158	3.9	1.5	32.7	1
手巻寿司 サーモン(青まぜ)	東北・関東・東海・関西・中国・四国	167	3.5	2.1	33.9	1.3
手巻寿司 納豆	北陸・沖縄以外	179	5.5	2.4	34.7	1.3
手巻寿司 唐揚マヨネーズ	東北・関東・東海・関西・九州・沖縄	219	4.6	5.9	37.2	1.3
手巻寿司 シーチキンマヨネーズ	北陸・沖縄以外	225	3.7	7.9	35.1	1.4
いなり寿司3ヶ入	沖縄以外	302	9.9	7.8	48.3	1.8
2種のきのこいなり寿司	北海道以外	180	4.3	3.7	32.8	1.4
いなり&おむすびセット	北海道・沖縄以外	544	14.3	18.3	81.5	3.4
いなり寿司5ヶ入	北海道・沖縄以外	474	15.3	13.6	73.1	2.8
助六寿司	沖縄以外	513	16.1	11.2	87.9	3.5
ミニ助六寿司	東北・関東・東海・北陸・関西	301	9.1	6.2	52.7	2
いなり&サラダ巻セット	関東・東海・北陸・関西	435	12.1	13.5	66.9	2.7
【東京都の一部・神奈川県の一部】たんぱく質が摂れる 国産鶏むね肉のメキシカンサラダラップ	関東	303	16.4	15.5	26.1	2
【関東・東海・関西】BBQポークのトルティーヤ	関東・東海・関西	204	8.4	9.4	22.4	1.8
トリプルチーズ月見バーガー		402	20.4	20.1	36	2.8
石窯パリジャンサンド(ハム&チーズ)	北海道以外	248	10.1	8.5	33.7	1.5
【関東・東海・関西】ホットドッグ	関東・東海・関西	252	8.7	13	25.6	1.3
タルタルフィッシュバーガー	北海道・沖縄以外	409	11.9	22.5	40.4	2
【関東・東海・関西】石窯パリジャン ローストポーク&ローストチキン	関東・東海・関西	227	12.8	3.6	36.8	1.3
チーズバーガー	沖縄以外	283	13	11	33.8	2.4
たんぱく質が摂れる!サラダチキンロール		310	23	12.4	28.8	2.3
テリヤキチキンたまごコッペ	東北・関東・東海・北陸・関西・九州	260	17.9	10.6	24	1.5
トルティーヤ ヤンニョムチキンと豚プルコギ		327	12.2	11.6	45	1.9
トルティーヤ ローストチキンとハムチーズ		338	12.8	14.3	41.1	2.3
【東京都の一部・神奈川県の一部】スパイス香る国産鶏むね肉のチリコンカンサンド	関東	301	19.6	13.1	27.9	1.6
【東京都の一部・神奈川県の一部】アボカド&ツナマカロニ クリームチーズソース	関東	268	9.6	16.3	22.5	1.4
【東京都の一部・神奈川県の一部】国産鶏むね肉と厚切りトマトゆで玉子のクラブハウスサンド	関東	231	12.5	8.4	27.4	1.8
【東京都の一部・神奈川県の一部】国産鶏むね肉とゆで玉子のトーストサンド生鮮バジルのソースとチェダーチーズ	関東	288	20.1	13.7	22	1.5
大きなサンドイッチ 人気具材の彩りミックス	沖縄以外	409	13.6	24	35.7	2.2
【東北・関東】全粒粉サンド 2種のチーズ	東北・関東	276	11.8	13.2	28.5	2.2
4種のフルーツミックスサンド	関東・東海・北陸・関西・九州	266	4.5	13.4	32.6	0.5
ツナとたまごサンド	沖縄以外	295	8.4	17.8	26	1.1
ハムレタスたまごサンド	沖縄以外	239	8.8	8.8	31.8	1.4
ハムたまごサンドBOX	沖縄以外	351	11.3	20.3	31.2	1.7
3種のミックスサンド		299	10.3	13.8	34.3	1.5
たまご焼きとハムサンド	沖縄以外	261	11.1	11.1	29.8	1.7
ベーコンレタストマトサンド	東北・関東・東海・北陸・関西・九州	244	9	13.1	23.2	1.3
三元豚 厚切りロースカツサンド	北海道・沖縄以外	522	18	26.2	54.9	2.6
【東京都の一部・神奈川県の一部】牛肉とナムルのコチュジャン和え麺	関東	515	19.6	17.8	71	3.7
味千拉麺監修 大盛 焼ラーメン(マー油仕立て)	沖縄以外	764	26	31.9	96.6	5.6
【関東の一部】甘いタレがからむ 大盛牛すき風焼うどん	関東	647	22.2	14	110	5.6
【関東の一部】ウスターソースが決め手 宇都宮焼そば	関東	640	22.2	19.5	96.6	6.3
もっちり食感の醤油焼うどん	北海道・沖縄以外	411	15.8	7.7	71.4	4.5
元祖スタミナ満点らーめん すず鬼監修 焼きスタ満	沖縄以外	870	29.1	32.4	118.9	8.4
麺のコシが決め手!ソース焼そば	沖縄以外	513	14.4	13.1	86.6	6.1
生ペヤングソースやきそば	北海道以外	391	12	10	64.8	5.7
【関東・東海・北陸】海老の焼ビーフン	関東・東海・北陸	268	4.8	6.8	48.3	3.4
大盛 豚肉とねぎの塩焼そば	沖縄以外	651	18.2	23.1	95.3	6.8
【東京都の一部・神奈川県の一部】旨みあふれる香ばし炒め 肉盛り焼そば	関東	509	22.9	19.2	63.4	6.5
もっちり食感の明太マヨ焼うどん	東北・関東・東海・北陸・関西・中国・四国	539	15.8	19.7	76.7	4.7
【関東の一部】シャキシャキ野菜が主役!香ばし焼ビーフン	関東	335	6.1	11	54.2	3.9
【関東・東海】豚骨醤油 家系ラーメン	関東・東海	517	26.1	17.5	65.9	6.4
北海道仕込みの4種味噌 味噌ラーメン		504	21.5	14.5	73.3	6.6
鶏と魚介の旨み 中華そば(醤油味)	関東・東海・北陸・関西・中国・四国・九州	334	16.7	4.5	58.3	4.7
ねぎたっぷり!豚肉そば	沖縄以外	289	17.6	4.5	46	4.5
【関東、東海、中国・四国】梅と蒸し鶏のあったかそうめん	関東・東海・中国・四国	158	6.3	3.2	26.8	3.4
一風堂監修 とんこつラーメン		459	23.4	23.8	39.7	5.7
【北海道・関東】こだわりだしのたぬきわかめうどん	北海道・関東	281	6.9	3.2	57	4.3
ラーメン荘 歴史を刻め監修 汁なし(まぜそば)	北海道・沖縄以外	856	26.3	43.5	92.2	6.8
白だしあんで味わう 玉子あんかけうどん	九州・沖縄以外	333	11.1	3.1	66.6	4.3
だし香るわかめと揚げ玉のそば	沖縄以外	295	14.6	4.2	51.5	3.9
【関東】具だくさん 野菜うどん	関東	397	14.6	5.8	73.7	5.4
SUSURU TV.監修 北ノ醤油チーホー北ノ醤油ラーメン		583	27.1	21.5	72.5	7.8
【東京都の一部・神奈川県の一部】8品目のナムルと野菜のビビン麺	関東	481	20.7	18.5	61	4.5
【東京都の一部・神奈川県の一部】冷製 鶏むね肉と海老のトムヤムヌードル	関東	450	15.4	16	62.1	4
ごまのコクと花椒の香り!冷し担担麺	東北・関東・東海・北陸・関西・中国・四国	428	17.6	11.6	65.2	4.5
半熟玉子入り 大盛冷しぶっかけうどん	北海道・沖縄以外	454	14.1	6.8	85.2	4.1
【関東の一部】八王子の魂(ソウル) 冷製八王子ラーメン	関東	391	14.8	11.8	57.9	3.8
【北海道・関東】国産小麦の小麦粉使用 冷したぬきうどん	北海道・関東	377	7.7	7	72.4	3.7
さっぱり特製醤油スープ 6種具材の冷し中華	北海道・沖縄以外	424	17.4	5.1	78.9	5.1
石臼挽きそば粉の大盛冷しぶっかけそば	東北・関東・東海・北陸・関西・中国・四国	506	23.8	5.1	93.9	4.6
定番!特製醤油スープ ミニ冷し中華	北海道・沖縄以外	229	9.4	2.7	42.6	3
【関東・東海・関西】ラー油が香る 冷しねぎごまだれそば	関東・東海・関西	422	19.2	11.2	63.5	4.9
ラーメン荘 歴史を刻め監修 冷し豚まぜそば		598	20.6	17.6	91.6	5.8
大盛冷しぶっかけラーメン	東北・関東・東海・北陸・関西・中国・四国	431	16	3.2	86.5	3.5
大盛冷しぶっかけうどん	北海道・沖縄以外	453	10.8	2.5	97.8	5.4
お手軽!冷しぶっかけそば	関東・東海・関西・中国・四国	246	11.4	4.2	42.3	2.8
牛スープの旨み盛岡風冷麺	関東・東海・関西・中国・四国	312	10.2	1.8	65.2	4.2
石臼挽きそば粉の冷しそば&いなり	東北・関東・東海・関西・中国・四国・九州	431	18.2	7.4	74.8	3.8
石臼挽きそば粉の冷しとろろそば		328	15.9	1.9	63.4	2.5
石臼挽きそば粉のざるそば	関東・東海・北陸・関西・中国・四国・九州	314	15.9	2.9	57.9	2.8
【東京都の一部・神奈川県の一部】冷製パスタ塩レモンソース生ハムとミニトマト	関東	397	12	13.4	59.1	6.4
【関東の一部】シャンゴ監修 生パスタのミートソース	関東	590	24	14.3	94.5	5.3
大盛 明太子スパゲティ		625	23.4	18.1	95.8	7
ごま油香る 青ねぎと蒸し鶏のパスタ	北海道・沖縄以外	516	23.3	17.8	67.7	4.7
冷たい生パスタ 蒸し鶏と明太子	北海道・沖縄以外	279	13.9	2.1	52.5	3
生パスタ カルボナーラ	沖縄以外	515	21.6	18.3	67	3.2
お手軽!醤油とだしのペペロンチーノ	沖縄以外	302	12	9	44.5	4.3
パンチョ監修 大盛 太麺!チーズナポリタン		710	20.2	31.1	91.1	3.8
お手軽!明太子パスタ	沖縄以外	326	13.7	7	54.2	2.1
ファミマ・ザ・ナポリタン		451	12.5	13.7	71.2	3.8
あさりのパスタ	北海道・沖縄以外	413	18.8	9.5	65.7	4.2
ファミマ・ザ・ミートソース		464	18.3	14.9	66.5	3.5
ドーン!とにんにく チーズ×チーズ×チーズ カルボパスタ		685	24	30.2	82	5
大盛 ミートソース	沖縄以外	663	25.1	21.5	95.4	5.7
大盛 グリルチキンのペペロンチーノ	北海道・沖縄以外	650	31.1	20.6	88.1	7.5
特製マヨソースの海老マヨパスタサラダ	関東・東海・北陸・関西・沖縄	358	7.8	19.6	38.7	3.6
ねぎ塩チキンのパスタサラダ	北海道以外	275	15.5	10.5	31.4	3.2
豚しゃぶのパスタサラダ	北海道以外	249	13	8.3	32.2	2.9
たんぱく質が摂れる!ローストチキンのパスタサラダ		240	15.2	5.5	33.9	2.6
青じそ香る!たらこのパスタサラダ	関東・東海・北陸・関西・中国・四国・九州	234	8.7	8.9	30.7	2.3
【東京都の一部・神奈川県の一部】ナンプラー香る5種の雑穀と野菜ライスサラダ	関東	183	5.9	4.9	31.2	2.5
【東京都の一部・神奈川県の一部】麻辣チキンと豆腐かんすのサラダ	関東	229	16.6	15.3	8.2	3.8
【東京都の一部・神奈川県の一部】グリルチキンとゆで玉子のファーマーズサラダ	関東	232	15.5	15.3	9.1	1.6
砕いて食べる!タコス風サラダ	関東・東海・北陸・関西	190	6.5	11.8	15.9	1.6
まいたけとベーコンのサラダ	関東・東海・北陸・関西	125	3.2	10.2	5.7	0.9
大盛!野菜スティック(生七味マヨ)	東北・関東・東海・北陸・関西・九州	217	2	20.2	7.9	1.3
チョレギサラダ	東北・関東・関西・中国・四国・九州	77	2.6	5.9	4.6	1.4
高リコピントマトとわかめのサラダ	東北・関東・東海・北陸・関西・九州	41	2.8	0.7	7	2
パリパリ麺サラダ	関東・東海・北陸・関西	253	6.5	13.8	27.6	2.3
ハムとマカロニのサラダ	東北・関東・東海・北陸・関西・九州	126	6.4	6	12.5	1.3
3種のネバネバサラダ		57	2.6	1.1	11.5	2.5
1/3日分の野菜サラダ		52	5.9	1	6.5	0.3
サラダチキンのサラダ	沖縄以外	60	9.4	1.3	3.6	0.5
シーチキン&たまごのサラダ		73	6.4	3.7	4.5	0.3
フレッシュ野菜サラダ	沖縄以外	25	1.1	0.5	4.9	0.06
野菜スティック(味噌マヨ)	北海道・沖縄以外	133	1.5	11.3	7	1.1
たんぱく質が摂れる!鶏むね肉とたまごのサラダ	関東・東海・北陸・関西・中国・四国・九州	153	20.2	7.1	2.5	1.2
たんぱく質が摂れる!豚しゃぶのサラダ	東北・関東・中国・四国・九州・沖縄	132	13.1	6.5	5.9	2
たんぱく質が摂れる!しそ入り鶏つくねのサラダ	関東・東海・北陸・関西・九州	250	16.1	13.9	16.7	1.9
七味マヨで食べる!ちくわ磯辺天	北海道・中国・四国以外	367	12.1	22.4	29.8	3.1
【関東・東海・北陸】たっぷりタルタルチキン南蛮	関東・東海・北陸	542	20.4	33.5	40.1	4.3
【関東】3種のネバネバとろーり豆腐	関東	81	8.5	3.7	4.7	2
特製ソースで食べる メンチカツ&コロッケ	東北・関東・東海・北陸・関西・九州	441	10.5	24.6	46.5	2.5
だしがじゅわ!明太マヨ厚焼き玉子	沖縄以外	180	11.7	12.2	6.1	1.9
ゴーヤーと野菜チャンプルー	北海道・沖縄以外	242	8.6	17.1	14.5	2.5
旨さ痺れる逸品 四川風麻婆豆腐	沖縄以外	326	14.1	25.6	10.7	3.3
冷し揚げ出し豆腐	北海道・沖縄以外	231	11.9	15.9	10.6	1.4
コーンまみれのポテトベーコン	東北・関東・東海・北陸・関西・九州	180	5.7	8	23.1	1.5
牛肉と野菜の春雨炒め	北海道・東北・関東・関西・中国・四国・九州	299	4.9	14.9	37.5	3.5
こだわり肉シュウマイ	中国・四国・沖縄以外	358	15.4	23.2	22.9	2.4
【東京都の一部・神奈川県の一部】海老とパクチーのヤムウンセン	関東	96	5.1	1	18	1.7
【東京都の一部・神奈川県の一部】国産ブロッコリーとケールのペペロンチーノ和え	関東	77	2.5	5.9	4.5	0.8
シーチキンマヨマカロニサラダ	沖縄以外	280	6.8	18.9	21.4	1.7
食物繊維4.1gほうれん草のごま和え	北海道以外	118	6.1	6.3	11.5	2
鶏肉と野菜の黒酢あん	東北・関東・東海・北陸・関西・沖縄	222	12.6	11.5	17.7	2
ふんわりオムレツきのこのデミソース	東北・関東・東海・北陸・関西・九州	194	7.4	13.5	11.2	1.2
いぶりがっことチーズのポテトサラダ	中国・四国以外	224	2.8	16.8	16.6	1.4
厚切りベーコンのポテトサラダ	北海道・中国・四国以外	199	4.1	13.4	16.6	1.6
鶏ハツ&キャベツ(塩だれ)	沖縄以外	64	7.4	2.5	3.5	1.1
食物繊維3.1gシャキシャキ根菜サラダ	沖縄以外	169	3	12	13.8	1.4
ねぎ塩チキン	中国・四国以外	124	14	6	3.9	1.1
ごまだれサラダチキン	沖縄以外	121	12.5	5.9	5.5	1.3
コールスローサラダ	北海道・東北・関東・関西・中国・四国・九州	137	2.7	9.6	11.1	1.3
豆腐と枝豆のひじき和え	沖縄以外	123	7.2	6.6	10.6	1.6
蒸し鶏と塩昆布のやみつきキャベツ	沖縄以外	73	5.8	3.7	4.9	1.3
【関東】海老とイカの明太子スパゲティサラダ	関東	218	7.7	11	22.9	1.9
5品目のさっぱり春雨サラダ	北海道・沖縄以外	113	2.4	2.8	21.1	2.4
特製ダレの味付けたまご	沖縄以外	181	13.6	13.2	2.1	2.2
混ぜて食べるネバネバサラダ(ポン酢味)		32	2	0.7	5.8	1.6
冷たいまま食べるタルタルチキン南蛮	沖縄以外	281	13.3	17	19.3	1.9
ごま油が香る!ホタテ風味の緑野菜サラダ	北海道・沖縄以外	65	4	3.8	5	1.3
チキン&たまご&ブロッコリーサラダ	沖縄以外	90	12.4	3.2	3.6	1.1
海老とブロッコリーのタルタルサラダ	中国・四国・沖縄以外	177	4.8	13.3	10.8	1.7
国産さばのおろしポン酢	関東・東海・北陸・関西・九州	83	9.8	3.1	4.6	2.2
【関東の一部】参鶏湯風スープごはん	関東	252	14.2	4.6	41.1	2.7
【関東の一部・関西】豚肉とあさりとキムチの旨辛スンドゥブスープ	関東・関西	152	11.1	9.2	6.5	3.5
【東京都の一部・神奈川県の一部】国産鶏むね肉と小松菜の豆乳担担春雨スープ	関東	403	18.4	27.4	23.1	3.4
【関東の一部】肉たっぷり 7種具材の豚汁	関東	135	10.3	8.3	5.6	2.7
【関東・東海・九州】3種きのこのクリームスープ	関東・東海・九州	228	7.9	10.5	26.9	2.1
ふんわりつくねの和風スープ	北海道・沖縄以外	201	10.7	7.1	24.6	3.5
冷たいコーンポタージュ	東北・関東・東海・北陸・関西・九州	134	4.1	3.1	23.4	1.4
ゆず香る!旨塩スープ	北海道・沖縄以外	63	5.3	2.9	4.9	3.6
柚子胡椒香る鶏肉と野菜の和風スープ	中国・四国・沖縄以外	80	10.5	3.3	3	2.7
【北海道・関東】具だくさん豚汁	北海道・関東	120	12	5.7	6.4	2.4
肉団子と野菜の四川風麻辣湯	関東・東海・北陸・九州	165	9	5.9	20.5	4.4
ボロネーゼ風ラザニア	北海道・沖縄以外	307	13.8	14.5	31.4	3.3
4種チーズの沼 ※グラタンです		379	18.4	20	32.8	2.9
コーンクリームグラタン	関東・東海・北陸・関西・中国・四国・九州	312	12.9	9.2	46.2	2.7
ポテトとベーコンのクリームグラタン	北海道・中国・四国以外	349	14.8	14.5	41.6	2.9
3種チーズのグラタン	北海道・沖縄以外	340	12.6	13.5	43	2.2
チーズに溺れた!タスケテたこ焼き		374	15.1	23.6	26.4	2.5
だし香る!大盛とろーりたこ焼き		326	10.7	14.4	39.6	2.6
ファミチキ		251.7	12.7	15.7	14.8	1.3
ファミチキ(スモーキーペッパー味)		245	13.9	14.1	15.6	1.6
ファミチキ(レッド)		253.4	14.9	14.7	15.5	1.8
スパイシーチキン		207	9.5	12.2	14.7	1.2
クリスピーチキン(プレーン)		183.1	12.2	9.6	11.9	1.4
エバラ監修 ファミチキ焼肉のたれ味		262.6	14.4	13.3	21.3	1.6
アメリカンドッグ		335	7	18.1	35.8	1.8
ジャンボフランク		256	11.5	20.5	6.4	1.9
鶏つくね串		226	14.5	11.2	16.8	1.6
Wペッパーつくね串		228	13.3	12	16.9	2
ハッシュドポテト	北海道以外	196.5	1.4	13.1	18.2	1.1
ハッシュドポテト	北海道	189.4	1.7	12.1	18.4	0.9
ころじゃが(うま塩味)		237	2.2	14.4	24.6	1.3
ファミコロ(サクッと衣の牛肉コロッケ)		256.5	3.8	17.4	21.1	0.6
えびカツ(タルタルソース入り)		258	3.8	18.4	19.2	1.2
おさつボール	北海道	305	1.4	7.7	57.6	0.1
炭火焼きとり もも(タレ)		76.9	7.7	4	2.5	1.3
炭火焼きとり もも(塩)		83.2	8.1	5	1.6	1.3
炭火焼きとり かわ(タレ)	沖縄以外	159	5.9	13.2	4.3	0.8
炭火焼きとり かわ(塩)	沖縄以外	131	5.7	11.1	2	0.9
燻製あい鴨ロース串		99.1	8.5	6.8	1	1.3
ファミから(醤油)1個	関西・中国・四国以外	94.6	7.3	4.8	5.7	0.6
ファミから(醤油)M1個	関西・中国・四国	122.9	8.8	7.7	4.6	0.8
ファミから(塩)1個	関西以外	94	7.6	4.8	5.2	0.7
ファミから(塩)P1個	関西	119.1	7.6	6.4	7.8	0.9
ファミから(味ぽん味)1個		100.3	7.6	4.3	7.8	0.7
タルタルソース	沖縄以外	46	0.2	4.8	0.4	0.1
トマトケチャップ		10.8	0.1	0.02	2.5	0.3
トマト&あらびきマスタード		6	0.1	0.1	1	0.2
中濃ソース小袋		8	0	0	2.1	0.3
じゅわっとジューシー本格肉まん		221	6.4	8.2	30.3	0.9
のびーるチーズのコク旨ピザまん		202	5.8	6.7	29.6	0.9
スパイス香るタコスまん		200	8	6.3	27.8	0.9
つぶあんまん		189	5	1.8	38.3	0.3
こしあんまん(ごま風味)	沖縄以外	223	5.1	5	39.5	0.3
極旨 黒豚まん		258	9.5	7.7	37.6	1.4
極旨 黒豚まんカレー		271	9.5	9.2	37.5	1.3
森永製菓監修ホットケーキまん(あんバター)		187	4.2	5.6	30	0.3
極旨 黒豚まんチーズ		267	10.3	9.6	34.9	1.4
肉まんのたれ酢醤油	関西・中国・四国・九州	1	0.1	0	0.1	0.7
中華まん用からし	北陸・関西・中国・四国・九州	2	0.1	0.1	0.1	0.1
厚切大根		6	0.5	0.08	1.1	0.3
味付たまご		68	6.3	4.5	0.6	0.7
結び白滝		6	0	0.1	2.1	0
三角こんにゃく		4	0	0.2	1.3	0.004
厚揚	沖縄以外	82	6.2	5.3	2.6	0.03
焼ちくわ		43	3.6	0.7	5.5	0.8
ごぼう巻	東海・北陸・関西・中国・四国・九州・沖縄	64	3.1	2.1	8.6	1
はんぺん	北海道・東北・関東	31	3.4	0.06	4.1	0.7
だし巻玉子		64	3.7	3.4	4.7	0.5
あらびきウインナー		94	3.2	8.1	2.1	0.7
牛すじ串		40	4.3	2.5	0.1	0.2
餅入り巾着		94	3.8	3.7	11.6	0.1
和からし		4.8	0.1	0.1	0.8	0.1
柚子こしょう		0.74	0.008	0.005	0.165	0.17
味噌たれ	東海	19	0.6	0.3	3.5	0.4
ブレンドS 軽め	沖縄以外	3.1	0.2	0	0.8	0.02
ブレンドS	沖縄以外	3.1	0.2	0	0.6	0.02
ブレンドS 濃いめ	沖縄以外	6.2	0.3	0	1.2	0.02
ブレンドM 軽め	沖縄以外	4.8	0.5	0	1	0.04
ブレンドM	沖縄以外	7.2	0.2	0	1.4	0.04
ブレンドM 濃いめ	沖縄以外	9.6	0.6	0	2.2	0.04
ブレンドL 軽め	沖縄以外	6.4	0.3	0	1.6	0.04
ブレンドL	沖縄以外	9.6	0.3	0	2.2	0.04
ブレンドL 濃いめ	沖縄以外	9.6	0.6	0	2.2	0.04
ブレンドLL 軽め	沖縄以外	16	0.8	0	2.8	0.04
ブレンドLL	沖縄以外	16	0.8	0	2.8	0.04
ブレンドLL 濃いめ	沖縄以外	16	0.8	0	2.8	0.04
アイスコーヒーS 軽め	沖縄以外	2.8	0	0	0.7	0.01
アイスコーヒーS	沖縄以外	3.7	0	0	0.9	0.01
アイスコーヒーS 濃いめ	沖縄以外	4.7	0.2	0	1.1	0.01
アイスコーヒーM 軽め	沖縄以外	6.4	0.3	0	1.6	0.02
アイスコーヒーM	沖縄以外	9.6	0.3	0	1.9	0.02
アイスコーヒーM 濃いめ	沖縄以外	6.4	0.6	0	1.3	0.02
アイスコーヒーL 軽め	沖縄以外	9.2	0.9	0	1.4	0.03
アイスコーヒーL	沖縄以外	13.8	0.5	0	2.8	0.03
アイスコーヒーL 濃いめ	沖縄以外	13.8	0.5	0	3.7	0.02
アイスコーヒーLL 軽め	沖縄以外	19	1	0	3.4	0.02
アイスコーヒーLL	沖縄以外	19	1	0	3.4	0.02
アイスコーヒーLL 濃いめ	沖縄以外	19	1	0	3.4	0.02
モカブレンドS	沖縄以外	6	0.3	0	1.2	0.02
モカブレンドM	沖縄以外	9	0.5	0	1.7	0.03
モカブレンドL	沖縄以外	14	0.6	0	2.9	0.01
モカブレンドLL	沖縄以外	18	0.4	0	4	0.02
プレミアムモカS	沖縄以外	6	0.3	0	1.2	0.01
プレミアムモカM	沖縄以外	11	0.2	0	2.4	0.01
プレミアムモカL	沖縄以外	14	0.3	0	3.2	0.01
プレミアムモカLL	沖縄以外	16	0.8	0	3.2	0.02
アイスモカブレンドS	沖縄以外	7	0.2	0	1.6	0.01
アイスモカブレンドM	沖縄以外	11	0.3	0	2.3	0
アイスモカブレンドL	沖縄以外	13	0.4	0	2.9	0.01
アイスモカブレンドLL	沖縄以外	20	0.5	0	4.5	0
アイスプレミアムモカS	沖縄以外	7	0	0	1.8	0.01
アイスプレミアムモカM	沖縄以外	12	0.3	0	2.6	0
アイスプレミアムモカL	沖縄以外	13	0.4	0	2.9	0
アイスプレミアムモカLL	沖縄以外	16	0	0	4	0.01
カフェラテM ミルクリッチ	沖縄以外	113	5.1	5.9	10	0.15
カフェラテM レギュラー	沖縄以外	104	4.6	5.4	9.4	0.14
カフェラテM コーヒーリッチ	沖縄以外	93	4.1	4.7	8.6	0.12
カフェラテL ミルクリッチ	沖縄以外	140	6.2	7.4	12.1	0.18
カフェラテL レギュラー	沖縄以外	130	5.8	6.8	11.5	0.17
カフェラテL コーヒーリッチ	沖縄以外	115	5.1	5.9	10.4	0.15
カフェラテLL ミルクリッチ	沖縄以外	161	7.2	8.5	14	0.2
カフェラテLL レギュラー	沖縄以外	154	6.9	8	13.4	0.19
カフェラテLL コーヒーリッチ	沖縄以外	143	6.4	7.4	12.5	0.18
アイスカフェラテM ミルクリッチ	沖縄以外	87	3.7	4.5	8.1	0.12
アイスカフェラテM レギュラー	沖縄以外	80	3.4	4	7.7	0.11
アイスカフェラテM コーヒーリッチ	沖縄以外	66	2.9	3.2	6.5	0.09
アイスカフェラテL ミルクリッチ	沖縄以外	115	4.9	5.9	10.7	0.15
アイスカフェラテL レギュラー	沖縄以外	107	4.4	5.3	10.5	0.13
アイスカフェラテL コーヒーリッチ	沖縄以外	92	4	4.5	9	0.11
アイスカフェラテLL ミルクリッチ	沖縄以外	122	5.5	6.4	10.6	0.15
アイスカフェラテLL レギュラー	沖縄以外	118	5.3	6.1	10.3	0.15
アイスカフェラテLL コーヒーリッチ	沖縄以外	107	4.8	5.5	9.4	0.14
カフェフラッペ		172	2.4	7.8	23.3	0.1
ブルーベリーヨーグルト味フラッペ	沖縄以外	228	2.6	6.9	40	0.12
アフタヌーンティーロイヤルミルクティーフラッペ	沖縄以外	292	5.6	13.8	36.7	0.28
ストロベリーフラッペ		215	1.9	4.4	42.7	0.09
ラムネソーダフラッペ		211	1.7	3.1	44.8	0.27
クッキーバニラフラッペ		278	5.3	11.5	38.7	0.37
メロンフラッペ		235	2	8.5	38.1	0.09
ストロベリーフラッペ	一覧の2つ目	235	2	6.1	44.3	0.07
シャインマスカットフラッペ		219	1.7	5.2	42.3	0.11
ピーチフラッペ		220	2.1	5.3	41.7	0.11
マンゴーフラッペ		210	1.8	4.1	41.6	0.1
ゴディバ監修オペラチョコレートフラッペ		396	5.3	23.8	40.8	0.14
ソーダフラッペ	東北	194	1.7	3	40.6	0.08
バニラシュガー(1gあたり)	沖縄以外	3.9	0	0	1	0
ヘーゼルナッツシュガー(1gあたり)	沖縄以外	3.9	0	0	0.97	0
アップルシナモンシュガー(1gあたり)	沖縄以外	3.9	0.02	0	0.95	0
