パンプキンバンズ		149	4.6	2.3	28.0	0.6
ゴマバンズ		153	4.8	2.5	26.6	0.6
ガーデンサラダバーガー		341	12.3	16.0	36.9	1.8
フレッシュネスバーガー		408	13.5	22.5	37.7	2.0
テリヤキバーガー		361	11.8	19.5	34.1	1.7
サルサバーガー		305	11.9	11.8	37.8	2.4
チーズバーガー		390	16.4	19.0	35.5	2.4
クラシックバーガー		431	21.5	18.3	39.0	2.5
クラシックチーズバーガー		512	26.3	24.9	39.6	2.9
クラシックアボカドバーガー		548	22.8	30.6	43.1	2.5
クラシックアボカドチーズバーガー		629	27.6	37.2	43.7	2.9
クラシックWWバーガー		842	47.0	47.3	45.9	4.5
★プレミアムビーフパティトッピング		250	15.9	15.7	5.8	1.2
塩レモンチキンバーガー		442	15.3	24.7	39.0	2.4
ホットチリチキンバーガー		455	15.7	24.9	41.4	3.4
サーモンバーガー		447	13.0	26.7	38.0	1.6
ガーリックシュリンプバーガー		439	14.9	26.0	35.8	1.6
黒毛和牛バーガー		541	19.0	34.4	37.7	2.5
黒毛和牛チーズバーガー		622	23.8	41.0	38.3	2.8
マッシュルームチーズバーガー ポルチーニクリームソース		573	24.6	35.7	36.7	2.9
マッシュルームチーズバーガー サーロインボロネーゼソース		572	25.6	34.7	37.8	2.9
スパイシープルドポークバーガー		501	24.4	26.8	38.9	2.8
フライドポテト	S	178	1.4	12.9	14.7	0.7
フライドポテト	R	208	1.8	13.8	19.6	1.4
フライドポテト	L	267	2.7	15.8	29.4	2.1
フレンチフライ	S	232	2.1	14.4	23.7	0.7
フレンチフライ	R	280	2.8	15.9	31.6	1.5
フレンチフライ	L	375	4.2	18.8	47.4	2.2
チキンナゲット		350	10.7	27.9	12.4	1.2
フライドチキン		237	10.1	18.2	8.4	1.1
れんこんフライ		168	1.6	10.1	19.4	1.5
コールスローサラダ		157	2.1	12.3	11.2	0.6
ロングポテト※店舗限定		451	7.7	8.5	73.3	1.9
北海道コーンポタージュ		134	2.7	5.9	17.3	1.4
キッズ ハンバーガー		280	11.4	11.5	32.0	1.3
キッズ チーズバーガー		325	13.6	15.1	32.6	1.7
キッズ テリヤキバーガー		323	11.6	15.5	33.6	1.6
キッズ チキンナゲット		350	10.7	27.9	12.4	1.2
BLT(ベーコン・レタス・トマト)		232	7.9	9.1	30.6	1.3
BLE(ベーコン・レタス・エッグ)		265	10.0	9.5	35.5	1.9
LE(レタス・エッグ)		225	7.1	6.7	34.7	1.3
ガーリックポテト		303	2.1	22.6	23.7	0.9
トマトサラダ		73	1.3	4.1	8.5	0.5
国産オニオンフライ		136	0.8	10.2	10.2	0.5
れんこんフライ 青のりチーズ		183	2.8	11.1	19.5	1.6
唐揚げカレータルタル		418	12.2	34.4	15.5	2.0
ガーリックシュリンプ&ポテト		369	8.9	24.7	28.3	1.0
スモークチーズフライ&ポテト		443	7.9	31.9	31.6	2.0
唐揚げ&ポテト		561	13.7	40.0	37.6	2.3
アボカドサルサ		196	3.3	13.9	18.5	0.3
揚げたてチュロス プレーン		252	1.9	13.2	26.8	0.0
揚げたてチュロス チョコソース		308	2.3	13.4	44.8	0.0
スコーンサンド こしあんバター		324	4.4	9.4	43.5	0.8
バナナケーキ		297	3.1	16.2	34.8	0.2
オレンジケーキ		314	3.5	17.1	36.5	0.2
レモンポピーシードケーキ		256	3.0	12.8	32.3	0.1
スコーンサンドシャインマスカット&クリームチーズ		223	3.8	4.2	29.4	0.7
スコーンサンドパンプキン&クリームチーズ		353	4.7	14.2	39.7	0.7
マッシュルームボロネーゼポテト		268	5.4	19.0	36.9	2.1
ブレンドコーヒー	ホット・S	0	0.0	0.0	0.1	0.0
ブレンドコーヒー	ホット・T	1	0.0	0.0	0.1	0.0
ブレンドコーヒー	ホット・G	1	0.0	0.0	0.2	0.0
カフェラテ	ホット・S	69	3.7	4.3	5.4	0.1
カフェラテ	ホット・T	96	5.2	6.0	7.6	0.2
カフェラテ	ホット・G	125	6.8	7.8	9.9	0.2
カプチーノ	ホット・S	57	3.1	3.5	4.5	0.1
カプチーノ	ホット・T	77	4.2	4.8	6.1	0.1
カプチーノ	ホット・G	107	5.8	6.7	8.5	0.2
カフェモカ	ホット・S	94	3.4	3.7	13.1	0.1
カフェモカ	ホット・T	128	4.5	5.0	18.0	0.1
カフェモカ	ホット・G	172	6.3	6.9	23.7	0.2
ロイヤルミルクティー	ホット・T	206	8.3	9.3	23.8	0.2
ロイヤルミルクティー	ホット・G	251	10.2	11.5	28.8	0.3
クリーミー宇治抹茶ミルク	ホット・T	162	7.1	7.8	19.0	0.2
クリーミー宇治抹茶ミルク	ホット・G	210	8.9	9.6	25.8	0.2
自家製ジンジャーエール	ホット・T	131	0.5	0.4	34.0	0.0
自家製ジンジャーエール	ホット・G	182	0.6	0.4	47.8	0.0
オーガニックティ-	ホット・T	0	0.0	0.0	0.0	0.0
オーガニックティ-	ホット・G	0	0.0	0.0	0.0	0.0
フレッシュレモネード	ホット・T	113	0.9	0.7	28.4	0.0
フレッシュレモネード	ホット・G	142	1.0	0.7	36.4	0.0
カモミールティー	ホット	0	0	0	0	0
ローズヒップティー	ホット	0	0	0	0	0
ブレンドコーヒー	コールド・S	0	0.0	0.0	0.1	0.0
ブレンドコーヒー	コールド・T	1	0.0	0.0	0.1	0.0
ブレンドコーヒー	コールド・G	1	0.0	0.0	0.1	0.0
カフェラテ	コールド・S	68	3.7	4.2	5.4	0.1
カフェラテ	コールド・T	74	4.0	4.6	5.9	0.1
カフェラテ	コールド・G	93	5.0	5.8	7.4	0.2
カプチーノ	コールド・S	57	3.1	3.5	4.5	0.1
カプチーノ	コールド・T	65	3.5	4.0	5.2	0.1
カプチーノ	コールド・G	76	4.1	4.7	6.1	0.1
クリーミー宇治抹茶ミルク	コールド・T	129	5.3	5.7	16.4	0.1
クリーミー宇治抹茶ミルク	コールド・G	164	6.4	6.7	22.2	0.2
オーガニックティ	コールド・T	0	0.0	0.0	0.0	0.1
オーガニックティ	コールド・G	0	0.0	0.0	0.0	0.1
フレッシュレモネード	コールド・T	113	0.9	0.7	28.4	0.0
フレッシュレモネード	コールド・G	142	1.0	0.7	36.4	0.0
レモン&クランベリーソーダ	コールド・T	92	0.5	0.4	23.7	0.1
レモン&クランベリーソーダ	コールド・G	138	0.5	0.4	36.1	0.1
自家製ジンジャーエール	コールド・T	131	0.5	0.4	34.0	0.0
自家製ジンジャーエール	コールド・G	182	0.6	0.4	47.8	0.0
ライムソーダ	コールド・T	49	0.2	0.1	13.3	0.0
ライムソーダ	コールド・G	57	0.2	0.1	15.2	0.0
アップルジュース	コールド・S	64	0.3	0.0	15.8	0.0
アップルジュース	コールド・T	83	0.4	0.0	20.3	0.0
アップルジュース	コールド・G	120	0.5	0.0	29.4	0.0
コカ・コーラ	コールド・S	72	0.0	0.0	18.1	0.0
コカ・コーラ	コールド・T	90	0.0	0.0	22.6	0.0
コカ・コーラ	コールド・G	144	0.0	0.0	36.2	0.0
メロンソーダ	コールド・S	77	0.0	0.0	19.2	0.0
メロンソーダ	コールド・T	96	0.0	0.0	24.0	0.0
メロンソーダ	コールド・G	154	0.0	0.0	38.4	0.0
スプライト	コールド・S	66	0.0	0.0	16.5	0.0
スプライト	コールド・T	82	0.0	0.0	20.6	0.0
スプライト	コールド・G	131	0.0	0.0	33.0	0.0
Qooオレンジ	コールド・T	90	0.0	0.0	22.4	0.0
爽健美茶	コールド・S	0	0.0	0.0	0.0	0.0
爽健美茶	コールド・T	0	0.0	0.0	0.0	0.0
爽健美茶	コールド・G	0	0.0	0.0	0.0	0.0
生ビール		108	1.0	0.0	7.7	0.0
瓶ビール		140	1.3	0.0	10.0	0.0
シャインマスカットクラフトレモネードソーダ(ICE)		135	0.7	0.2	36.6	0.0
シャインマスカットクラフトレモネード(HOT)		135	0.7	0.2	36.6	0.0
