かけ	小	292	6.1	0.9	65.4	5.2
かけ	中	573	10.9	1.7	129.2	6.8
かけ	大	856	16.0	2.5	193.3	9.0
冷かけ	小	295	6.3	0.9	65.9	6.1
冷かけ	中	579	11.5	1.7	130.1	8.6
冷かけ	大	863	16.6	2.5	194.3	11.1
きつね	小	404	11.3	8.2	71.7	5.8
きつね	中	686	16.1	9.1	135.5	7.4
きつね	大	968	21.2	9.9	199.5	9.6
わかめうどん	小	299	6.8	1.0	66.9	5.8
わかめうどん	中	581	11.6	1.8	130.8	7.4
わかめうどん	大	866	16.9	2.7	195.3	9.8
塩豚ねぎうどん	小	595	16.3	30.2	69.1	6.1
塩豚ねぎうどん	中	876	21.2	31.1	133.0	7.7
塩豚ねぎうどん	大	1319	31.3	47.6	198.8	10.4
牛肉うどん（かまぼこ入り）	小	497	14.9	17.4	73.2	6.4
牛肉うどん（かまぼこ入り）	中	779	19.8	18.3	137.1	8.0
牛肉うどん（かまぼこ入り）	大	1162	29.0	27.4	204.6	10.7
ざる	小	312	5.8	0.9	70.5	4.2
ざる	中	600	10.8	1.7	135.9	6.5
ざる	大	903	16.3	2.5	204.5	10.1
釜上げ	小	312	5.8	0.9	70.5	4.2
釜上げ	中	600	10.8	1.7	135.9	6.5
釜上げ	大	905	16.4	2.6	204.9	10.1
おろしぶっかけ	小	316	5.8	1.0	71.8	3.6
おろしぶっかけ	中	604	10.8	1.8	137.2	5.9
おろしぶっかけ	大	893	15.9	2.6	202.6	8.1
温玉ぶっかけ	小	380	11.7	6.0	69.1	3.8
温玉ぶっかけ	中	669	16.8	6.8	134.5	6.0
温玉ぶっかけ	大	1033	28.0	12.8	200.1	8.5
塩豚温玉ぶっかけ	小	678	21.7	35.3	71.8	4.6
塩豚温玉ぶっかけ	中	967	26.8	36.2	137.2	6.9
塩豚温玉ぶっかけ	大	1491	43.1	57.9	204.5	9.9
塩豚おろしぶっかけ	小	614	15.8	30.3	74.5	4.5
塩豚おろしぶっかけ	中	902	20.9	31.1	139.9	6.7
塩豚おろしぶっかけ	大	1347	30.9	47.2	207.1	9.5
牛肉おろしぶっかけ	小	516	14.2	17.5	78.9	4.7
牛肉おろしぶっかけ	中	805	19.2	18.4	144.3	6.9
牛肉おろしぶっかけ	大	1193	28.4	27.5	213.3	9.7
牛肉温玉ぶっかけ	小	580	20.1	22.6	76.2	4.9
牛肉温玉ぶっかけ	中	869	25.1	23.4	141.6	7.1
牛肉温玉ぶっかけ	大	1333	40.5	37.7	210.7	10.1
10種野菜のサラダうどん（胡麻ドレッシング）	小	476	11.3	9.9	87.3	4.4
10種野菜のサラダうどん（胡麻ドレッシング）	中	765	16.4	10.7	152.7	6.6
10種野菜のサラダうどん（野菜増量）（胡麻ドレッシング）	小	508	12.0	11.2	92.1	4.5
10種野菜のサラダうどん（野菜増量）（胡麻ドレッシング）	中	797	17.0	12.1	157.5	6.8
おろししょうゆ	小	294	5.6	0.9	66.6	2.5
おろししょうゆ	中	579	10.6	1.7	130.9	4.4
おろししょうゆ	大	864	15.8	2.6	195.4	6.5
明太おろししょうゆ	小	317	7.5	1.3	69.5	3.8
明太おろししょうゆ	中	598	12.3	2.1	133.3	5.4
明太おろししょうゆ	大	895	18.4	3.1	199.3	8.1
明太玉とろぶっかけ	小	440	15.1	6.5	79.7	5.4
明太玉とろぶっかけ	中	729	20.1	7.4	145.1	7.7
明太玉とろぶっかけ	大	1129	33.2	13.6	217.4	11.0
牛肉玉とろぶっかけ	小	615	21.3	22.9	83.1	4.9
牛肉玉とろぶっかけ	中	904	26.4	23.7	148.5	7.1
牛肉玉とろぶっかけ	大	1392	42.6	38.1	222.5	10.2
かま玉	小	365	11.6	6.0	65.4	2.6
かま玉	中	650	16.6	6.8	129.7	4.5
かま玉	大	1011	27.9	12.8	194.4	6.8
カレーうどん（店内仕込み）	小	601	11.9	23.0	86.5	5.5
カレーうどん（店内仕込み）	中	964	18.5	29.4	156.5	8.3
カレーうどん（店内仕込み）	大	1399	26.7	41.3	230.3	11.4
カレーうどん	小	522	9.4	16.3	84.8	5.0
カレーうどん	中	866	15.5	20.9	154.3	7.7
カレーうどん	大	1261	22.4	29.5	227.3	10.5
玉とろぶっかけ	小	412	12.9	6.1	76.2	3.8
玉とろぶっかけ	中	701	18.0	7.0	141.6	6.0
玉とろぶっかけ	大	1088	30.1	13.1	212.1	8.5
定番うどん弁当		553	9.5	17.4	90.1	4.2
大海老うどん弁当		716	14.6	25.2	107.9	4.4
よくばりうどん弁当		862	25.3	32.6	118.0	5.5
にこはなセット（かけ）		388	8.4	4.4	79.6	4.6
にこはなセット（ぶっかけ）		404	8.3	4.4	83.6	4.2
ごまいなり		100	2.6	2.7	16.6	0.5
辛子明太子おにぎり		166	3.3	0.7	38.2	1.4
鮭おにぎり		175	5.0	1.3	37.5	1.6
ミニ牛肉ごはん		455	12.4	17.5	66.6	1.1
ミニ塩豚丼		567	14.3	31.3	63.7	0.8
ライス	小	316	5.0	1.1	74.0	0.0
ライス	大	395	6.2	1.4	92.5	0.0
カレーライス（店内仕込み）	小	625	11.7	23.3	94.6	3.1
カレーライス（店内仕込み）	大	781	14.6	29.1	118.1	3.9
カレーライス	小	573	9.2	16.9	92.7	2.6
カレーライス	大	716	11.5	21.1	115.7	3.2
大海老天		162	5.1	7.8	17.7	0.3
野菜かき揚げ		188	1.6	13.6	14.9	0.1
ちくわ磯辺揚げ		142	4.8	6.4	16.3	0.9
とり天		142	10.5	7.4	8.9	1.1
はなまる唐揚げ		193	9.2	14.0	6.3	0.7
粉付いか天		131	6.8	6.8	10.8	0.2
北海道男爵のコロッケ		231	3.6	12.5	26.2	0.7
こんにゃく（黒カノコ）		13	0.3	0.0	3.0	1.0
牛すじ		37	5.7	1.3	0.3	0.3
たまご		79	6.7	5.3	1.2	0.4
厚揚げ		174	13.7	11.1	4.9	0.8
ちくわ		71.5	5.8	1.9	8.0	1.0
ハンバーグ		151.1	9.4	11.7	3.0	0.4
白滝		9.1	0.2	0.0	2.1	0.7
大根		19	0.8	0.0	3.9	1.3
半熟たまご	１個	76	6.2	5.2	0.2	0.2
生たまご	１個	76	6.2	5.2	0.2	0.2
追加ねぎ	20ｇ	6	0.4	0.1	1.3	0.0
きつね（トッピング）	1枚	112	5.2	7.4	6.3	0.6
明太子（トッピング）	20ｇ	25	2.1	0.4	3.3	1.6
わかめ（（トッピング）	45ｇ	7	0.7	0.1	1.5	0.6
牛肉トッピング	70ｇ	206	8.6	17.2	6.9	1.1
塩豚（トッピング）	70ｇ	309	12.5	31.1	0.1	0.1
大根おろし（トッピング）	30ｇ	4	0.1	0.0	1.3	0.0
カレー（トッピング)(店内仕込み）	200g	306	7.3	22.2	18.2	2.9
カレー（トッピング）	200g	228	4.2	15.4	18.2	2.4
サラダ増量	65g	32	0.6	1.3	4.8	0.2
とろろオクラ（トッピング）	60g	34	1.3	0.2	7.5	0.0
ゆずとろろ昆布(トッピング）	12g	14	0.3	0.1	3.8	0.4
レモン	１切	7	0.1	0.1	1.6	0.0
かけだし	100cc	3	0.4	0.0	0.4	1.2
つけだし	20cc	7	0.2	0.0	1.6	0.7
天つゆ	60㏄	8	0.4	0.0	1.7	1.1
野菜サラダ（焙煎ごまドレッシング含む）		94	2.5	6.6	7.2	0.6
焙煎ごまドレッシング(TO用）	1個	49	0.3	4.5	1.7	0.6
うま味醤油卓上（減塩）	10ｇ	10	0.9	0.0	1.4	0.9
うま味醤油卓上	10ｇ	11	1.0	0.0	1.9	1.3
ミニウスターソース（個食）	8ｇ	10	0.0	0.0	2.5	0.8
おろししょうが	2ｇ	1	0.0	0.0	0.1	0.0
和からし	2ｇ	5	0.1	0.1	0.8	0.1
Pわさび（常温）	1袋	4	0.0	0.1	0.6	0.1
すりごま	2ｇ	12	0.4	1.1	0.4	0.0
マヨソース	1個	21	0.1	1.9	0.6	0.3
バター	1個	45	0.0	4.9	0.1	0.1
TOかけだし（テイクアウト）	50ｇ	11	1.8	0.0	0.9	2.9
TOつけだし（テイクアウト）	60ｇ	20	0.7	0.0	4.3	1.8
TOつけだし80g（テイクアウト）	80g	26	0.9	0.0	5.6	2.3
天かす（仕入品）	10ｇ	66	0.6	5.3	4.0	0.1
天かす（店内製造）	10ｇ	61	0.4	5.1	3.3	0.0
