さんまフライのり弁当	ごはんミニ盛	634	20.0	23.4	89.4	4.0
さんまフライのり弁当	ごはん並盛	707	21.2	23.5	106.8	4.0
さんまフライのり弁当	ごはん中盛	780	22.4	23.6	124.2	4.0
さんまフライのり弁当	ごはん大盛	853	23.6	23.7	141.5	4.0
さんまフライ&しょうが焼き弁当	ごはんミニ盛	679	23.5	30.0	81.8	3.0
さんまフライ&しょうが焼き弁当	ごはん並盛	752	24.7	30.1	99.2	3.0
さんまフライ&しょうが焼き弁当	ごはん中盛	825	25.9	30.2	116.6	3.0
さんまフライ&しょうが焼き弁当	ごはん大盛	898	27.1	30.3	133.9	3.0
得天丼	ごはんミニ盛	583	14.0	22.0	83.8	2.7
得天丼	ごはん並盛	656	15.2	22.1	101.2	2.7
得天丼	ごはん中盛	729	16.4	22.2	118.6	2.7
得天丼	ごはん大盛	802	17.6	22.3	135.9	2.7
おろし得天丼	ごはんミニ盛	601	14.8	22.1	89.0	2.5
おろし得天丼	ごはん並盛	674	16.0	22.2	106.4	2.5
おろし得天丼	ごはん中盛	747	17.2	22.3	123.8	2.5
おろし得天丼	ごはん大盛	820	18.4	22.4	141.1	2.5
海鮮天丼	ごはんミニ盛	615	15.6	23.8	86.2	2.9
海鮮天丼	ごはん並盛	688	16.8	23.9	103.6	2.9
海鮮天丼	ごはん中盛	761	18.0	24.0	121.0	2.9
海鮮天丼	ごはん大盛	834	19.2	24.1	138.3	2.9
おろし海鮮天丼	ごはんミニ盛	633	16.4	23.9	91.4	2.7
おろし海鮮天丼	ごはん並盛	706	17.6	24.0	108.8	2.7
おろし海鮮天丼	ごはん中盛	779	18.8	24.1	126.2	2.7
おろし海鮮天丼	ごはん大盛	852	20.0	24.2	143.5	2.7
上・海鮮天丼	ごはんミニ盛	679	18.8	27.4	91.0	3.2
上・海鮮天丼	ごはん並盛	752	20.0	27.5	108.4	3.2
上・海鮮天丼	ごはん中盛	825	21.2	27.6	125.8	3.2
上・海鮮天丼	ごはん大盛	898	22.4	27.7	143.1	3.2
おろし上・海鮮天丼	ごはんミニ盛	697	19.6	27.5	96.2	3.0
おろし上・海鮮天丼	ごはん並盛	770	20.8	27.6	113.6	3.0
おろし上・海鮮天丼	ごはん中盛	843	22.0	27.7	131.0	3.0
おろし上・海鮮天丼	ごはん大盛	916	23.2	27.8	148.3	3.0
海鮮天とじ丼	ごはんミニ盛	724	23.5	29.3	93.8	4.7
海鮮天とじ丼	ごはん並盛	797	24.7	29.4	111.2	4.7
海鮮天とじ丼	ごはん中盛	870	25.9	29.5	128.6	4.7
海鮮天とじ丼	ごはん大盛	943	27.1	29.6	145.9	4.7
牛キャベ丼	ごはんミニ盛	552	15.8	26.0	66.5	3.4
牛キャベ丼	ごはん並盛	625	17.0	26.1	83.9	3.4
牛キャベ丼	ごはん中盛	698	18.2	26.2	101.3	3.4
牛キャベ丼	ごはん大盛	771	19.4	26.3	118.6	3.4
牛キャベ丼(目玉焼き)	ごはんミニ盛	665	23.9	35.7	66.7	3.6
牛キャベ丼(目玉焼き)	ごはん並盛	738	25.1	35.8	84.1	3.6
牛キャベ丼(目玉焼き)	ごはん中盛	811	26.3	35.9	101.5	3.6
牛キャベ丼(目玉焼き)	ごはん大盛	884	27.5	36.0	118.8	3.6
牛キャベ丼(メンチカツ)	ごはんミニ盛	686	20.1	34.7	76.6	4.3
牛キャベ丼(メンチカツ)	ごはん並盛	759	21.3	34.8	94.0	4.3
牛キャベ丼(メンチカツ)	ごはん中盛	832	22.5	34.9	111.4	4.3
牛キャベ丼(メンチカツ)	ごはん大盛	905	23.7	35.0	128.7	4.3
牛キャベ丼(白身フライ)	ごはんミニ盛	778	25.2	38.1	86.8	4.4
牛キャベ丼(白身フライ)	ごはん並盛	851	26.4	38.2	104.2	4.4
牛キャベ丼(白身フライ)	ごはん中盛	924	27.6	38.3	121.6	4.4
牛キャベ丼(白身フライ)	ごはん大盛	997	28.8	38.4	138.9	4.4
牛キャベ丼(全部のせ)	ごはんミニ盛	1019	37.5	56.5	95.7	5.2
牛キャベ丼(全部のせ)	ごはん並盛	1092	38.7	56.6	113.1	5.2
牛キャベ丼(全部のせ)	ごはん中盛	1165	39.9	56.7	130.5	5.2
牛キャベ丼(全部のせ)	ごはん大盛	1238	41.1	56.8	147.8	5.2
プレミアム牛肉黒カレー	ごはんミニ盛	509	12.0	20.3	73.0	2.5
プレミアム牛肉黒カレー	ごはん並盛	582	13.2	20.4	90.4	2.5
プレミアム牛肉黒カレー	ごはん中盛	655	14.4	20.5	107.8	2.5
プレミアム牛肉黒カレー	ごはん大盛	728	15.6	20.6	125.1	2.5
プレミアム牛肉黒カレー(ウインナー)	ごはんミニ盛	631	16.8	30.7	75.2	3.3
プレミアム牛肉黒カレー(ウインナー)	ごはん並盛	704	18.0	30.8	92.6	3.3
プレミアム牛肉黒カレー(ウインナー)	ごはん中盛	777	19.2	30.9	110.0	3.3
プレミアム牛肉黒カレー(ウインナー)	ごはん大盛	850	20.4	31.0	127.3	3.3
プレミアム牛肉黒カレー(白身フライ)	ごはんミニ盛	729	21.3	32.4	91.9	3.2
プレミアム牛肉黒カレー(白身フライ)	ごはん並盛	802	22.5	32.5	109.3	3.2
プレミアム牛肉黒カレー(白身フライ)	ごはん中盛	875	23.7	32.6	126.7	3.2
プレミアム牛肉黒カレー(白身フライ)	ごはん大盛	948	24.9	32.7	144.0	3.2
プレミアム牛肉黒カレー(3種のチーズ)	ごはんミニ盛	597	17.9	27.3	73.4	3.0
プレミアム牛肉黒カレー(3種のチーズ)	ごはん並盛	670	19.1	27.4	90.8	3.0
プレミアム牛肉黒カレー(3種のチーズ)	ごはん中盛	743	20.3	27.5	108.2	3.0
プレミアム牛肉黒カレー(3種のチーズ)	ごはん大盛	816	21.5	27.6	125.5	3.0
プレミアム牛肉黒カレー(ロースカツ)	ごはんミニ盛	892	30.7	44.9	95.3	3.1
プレミアム牛肉黒カレー(ロースカツ)	ごはん並盛	965	31.9	45.0	112.7	3.1
プレミアム牛肉黒カレー(ロースカツ)	ごはん中盛	1038	33.1	45.1	130.1	3.1
プレミアム牛肉黒カレー(ロースカツ)	ごはん大盛	1111	34.3	45.2	147.4	3.1
3種のチーズカレー	ごはんミニ盛	430	14.1	10.7	71.8	3.4
3種のチーズカレー	ごはん並盛	503	15.3	10.8	89.2	3.4
3種のチーズカレー	ごはん中盛	576	16.5	10.9	106.6	3.4
3種のチーズカレー	ごはん大盛	649	17.7	11.0	123.9	3.4
牛スンドゥブ弁当	ごはんミニ盛	617	25.0	28.7	66.7	3.1
牛スンドゥブ弁当	ごはん並盛	690	26.2	28.8	84.1	3.1
牛スンドゥブ弁当	ごはん中盛	763	27.4	28.9	101.5	3.1
牛スンドゥブ弁当	ごはん大盛	836	28.6	29.0	118.8	3.1
牛カルビ&ホルモン重	ごはんミニ盛	638	24.0	30.6	69.7	3.4
牛カルビ&ホルモン重	ごはん並盛	711	25.2	30.7	87.1	3.4
牛カルビ&ホルモン重	ごはん中盛	784	26.4	30.8	104.5	3.4
牛カルビ&ホルモン重	ごはん大盛	857	27.6	30.9	121.8	3.4
牛カルビ&ホルモン弁当	ごはんミニ盛	680	24.4	31.6	78.0	3.2
牛カルビ&ホルモン弁当	ごはん並盛	753	25.6	31.7	95.4	3.2
牛カルビ&ホルモン弁当	ごはん中盛	826	26.8	31.8	112.8	3.2
牛カルビ&ホルモン弁当	ごはん大盛	899	28.0	31.9	130.1	3.2
倍盛牛カルビ&ホルモン弁当(肉2倍)	ごはんミニ盛	1046	42.4	59.6	89.0	4.8
倍盛牛カルビ&ホルモン弁当(肉2倍)	ごはん並盛	1119	43.6	59.7	106.4	4.8
倍盛牛カルビ&ホルモン弁当(肉2倍)	ごはん中盛	1192	44.8	59.8	123.8	4.8
倍盛牛カルビ&ホルモン弁当(肉2倍)	ごはん大盛	1265	46.0	59.9	141.1	4.8
おろしかつめし(丼タイプ)	ごはんミニ盛	683	25.2	25.4	92.8	4.0
おろしかつめし(丼タイプ)	ごはん並盛	756	26.4	25.5	110.2	4.0
おろしかつめし(丼タイプ)	ごはん中盛	829	27.6	25.6	127.6	4.0
おろしかつめし(丼タイプ)	ごはん大盛	902	28.8	25.7	144.9	4.0
おろしかつ弁当	ごはんミニ盛	732	26.6	27.0	100.5	4.6
おろしかつ弁当	ごはん並盛	805	27.8	27.1	117.9	4.6
おろしかつ弁当	ごはん中盛	878	29.0	27.2	135.3	4.6
おろしかつ弁当	ごはん大盛	951	30.2	27.3	152.6	4.6
のり弁当	ごはんミニ盛	614	18.9	21.2	85.7	3.6
のり弁当	ごはん並盛	687	20.1	21.3	103.1	3.6
のり弁当	ごはん中盛	760	21.3	21.4	120.5	3.6
のり弁当	ごはん大盛	833	22.5	21.5	137.8	3.6
特のりタル弁当	ごはんミニ盛	715	24.2	30.4	89.0	3.5
特のりタル弁当	ごはん並盛	788	25.4	30.5	106.4	3.5
特のりタル弁当	ごはん中盛	861	26.6	30.6	123.8	3.5
特のりタル弁当	ごはん大盛	934	27.8	30.7	141.1	3.5
全部のせのりタル弁当	ごはんミニ盛	846	28.1	37.8	101.4	4.4
全部のせのりタル弁当	ごはん並盛	919	29.3	37.9	118.8	4.4
全部のせのりタル弁当	ごはん中盛	992	30.5	38.0	136.2	4.4
全部のせのりタル弁当	ごはん大盛	1065	31.7	38.1	153.5	4.4
BIGのりタル弁当(ナポリタン)	ごはんミニ盛	1051	36.1	42.7	137.5	5.7
BIGのりタル弁当(ナポリタン)	ごはん並盛	1124	37.3	42.8	154.9	5.7
BIGのりタル弁当(ナポリタン)	ごはん中盛	1197	38.5	42.9	172.3	5.7
BIGのりタル弁当(ナポリタン)	ごはん大盛	1270	39.7	43.0	189.6	5.7
しゃけのり弁当	ごはんミニ盛	507	19.7	16.3	73.4	3.3
しゃけのり弁当	ごはん並盛	580	20.9	16.4	90.8	3.3
しゃけのり弁当	ごはん中盛	653	22.1	16.5	108.2	3.3
しゃけのり弁当	ごはん大盛	726	23.3	16.6	125.5	3.3
4コ入りから揚弁当	ごはんミニ盛	585	28.3	19.3	73.7	3.0
4コ入りから揚弁当	ごはん並盛	658	29.5	19.4	91.1	3.0
4コ入りから揚弁当	ごはん中盛	731	30.7	19.5	108.5	3.0
4コ入りから揚弁当	ごはん大盛	804	31.9	19.6	125.8	3.0
6コ入りから揚弁当	ごはんミニ盛	733	40.3	28.1	78.9	3.9
6コ入りから揚弁当	ごはん並盛	806	41.5	28.2	96.3	3.9
6コ入りから揚弁当	ごはん中盛	879	42.7	28.3	113.7	3.9
6コ入りから揚弁当	ごはん大盛	952	43.9	28.4	131.0	3.9
チキン南蛮弁当	ごはんミニ盛	742	23.6	27.2	98.7	3.0
チキン南蛮弁当	ごはん並盛	815	24.8	27.3	116.1	3.0
チキン南蛮弁当	ごはん中盛	888	26.0	27.4	133.5	3.0
チキン南蛮弁当	ごはん大盛	961	27.2	27.5	150.8	3.0
九州チキン南蛮弁当	ごはんミニ盛	718	22.2	24.3	101.7	2.8
九州チキン南蛮弁当	ごはん並盛	791	23.4	24.4	119.1	2.8
九州チキン南蛮弁当	ごはん中盛	864	24.6	24.5	136.5	2.8
九州チキン南蛮弁当	ごはん大盛	937	25.8	24.6	153.8	2.8
3コ入りとりかつタル弁当	ごはんミニ盛	709	29.1	29.9	82.9	4.5
3コ入りとりかつタル弁当	ごはん並盛	782	30.3	30.0	100.3	4.5
3コ入りとりかつタル弁当	ごはん中盛	855	31.5	30.1	117.7	4.5
3コ入りとりかつタル弁当	ごはん大盛	928	32.7	30.2	135.0	4.5
5コ入りとりかつタル弁当	ごはんミニ盛	927	44.7	44.1	89.9	5.6
5コ入りとりかつタル弁当	ごはん並盛	1000	45.9	44.2	107.3	5.6
5コ入りとりかつタル弁当	ごはん中盛	1073	47.1	44.3	124.7	5.6
5コ入りとりかつタル弁当	ごはん大盛	1146	48.3	44.4	142.0	5.6
おろしチキン竜田弁当	ごはんミニ盛	788	20.8	39.2	89.9	3.7
おろしチキン竜田弁当	ごはん並盛	861	22.0	39.3	107.3	3.7
おろしチキン竜田弁当	ごはん中盛	934	23.2	39.4	124.7	3.7
おろしチキン竜田弁当	ごはん大盛	1007	24.4	39.5	142.0	3.7
ロースとんかつ弁当	ごはんミニ盛	708	24.2	27.1	94.2	3.3
ロースとんかつ弁当	ごはん並盛	781	25.4	27.2	111.6	3.3
ロースとんかつ弁当	ごはん中盛	854	26.6	27.3	129.0	3.3
ロースとんかつ弁当	ごはん大盛	927	27.8	27.4	146.3	3.3
しょうが焼き弁当	ごはんミニ盛	632	22.8	27.8	75.8	3.6
しょうが焼き弁当	ごはん並盛	705	24.0	27.9	93.2	3.6
しょうが焼き弁当	ごはん中盛	778	25.2	28.0	110.6	3.6
しょうが焼き弁当	ごはん大盛	851	26.4	28.1	127.9	3.6
牛焼肉弁当	ごはんミニ盛	590	16.7	25.9	75.8	3.4
牛焼肉弁当	ごはん並盛	663	17.9	26.0	93.2	3.4
牛焼肉弁当	ごはん中盛	736	19.1	26.1	110.6	3.4
牛焼肉弁当	ごはん大盛	809	20.3	26.2	127.9	3.4
ビーフカットステーキ弁当	ごはんミニ盛	550	24.6	17.2	77.8	3.9
ビーフカットステーキ弁当	ごはん並盛	623	25.8	17.3	95.2	3.9
ビーフカットステーキ弁当	ごはん中盛	696	27.0	17.4	112.6	3.9
ビーフカットステーキ弁当	ごはん大盛	769	28.2	17.5	129.9	3.9
デミグラスハンバーグ弁当	ごはんミニ盛	538	21.3	15.5	81.7	2.8
デミグラスハンバーグ弁当	ごはん並盛	611	22.5	15.6	99.1	2.8
デミグラスハンバーグ弁当	ごはん中盛	684	23.7	15.7	116.5	2.8
デミグラスハンバーグ弁当	ごはん大盛	757	24.9	15.8	133.8	2.8
和風オニオンソースハンバーグ弁当	ごはんミニ盛	574	21.3	15.6	90.5	3.6
和風オニオンソースハンバーグ弁当	ごはん並盛	647	22.5	15.7	107.9	3.6
和風オニオンソースハンバーグ弁当	ごはん中盛	720	23.7	15.8	125.3	3.6
和風オニオンソースハンバーグ弁当	ごはん大盛	793	24.9	15.9	142.6	3.6
チーズハンバーグ弁当	ごはんミニ盛	589	23.6	20.2	81.8	3.7
チーズハンバーグ弁当	ごはん並盛	662	24.8	20.3	99.2	3.7
チーズハンバーグ弁当	ごはん中盛	735	26.0	20.4	116.6	3.7
チーズハンバーグ弁当	ごはん大盛	808	27.2	20.5	133.9	3.7
ロースかつとじ弁当	ごはんミニ盛	693	32.4	25.8	85.2	4.1
ロースかつとじ弁当	ごはん並盛	766	33.6	25.9	102.6	4.1
ロースかつとじ弁当	ごはん中盛	839	34.8	26.0	120.0	4.1
ロースかつとじ弁当	ごはん大盛	912	36.0	26.1	137.3	4.1
肉野菜炒め弁当	ごはんミニ盛	500	20.3	16.7	71.5	4.3
肉野菜炒め弁当	ごはん並盛	573	21.5	16.8	88.9	4.3
肉野菜炒め弁当	ごはん中盛	646	22.7	16.9	106.3	4.3
肉野菜炒め弁当	ごはん大盛	719	23.9	17.0	123.6	4.3
牛焼肉得弁ランチ	ごはんミニ盛	623	20.7	26.3	78.7	3.5
牛焼肉得弁ランチ	ごはん並盛	696	21.9	26.4	96.1	3.5
牛焼肉得弁ランチ	ごはん中盛	769	23.1	26.5	113.5	3.5
牛焼肉得弁ランチ	ごはん大盛	842	24.3	26.6	130.8	3.5
しょうが焼き得弁ランチ	ごはんミニ盛	613	22.7	26.4	73.5	3.2
しょうが焼き得弁ランチ	ごはん並盛	686	23.9	26.5	90.9	3.2
しょうが焼き得弁ランチ	ごはん中盛	759	25.1	26.6	108.3	3.2
しょうが焼き得弁ランチ	ごはん大盛	832	26.3	26.7	125.6	3.2
とりかつ得弁ランチ	ごはんミニ盛	617	28.3	21.9	79.2	4.0
とりかつ得弁ランチ	ごはん並盛	690	29.5	22.0	96.6	4.0
とりかつ得弁ランチ	ごはん中盛	763	30.7	22.1	114.0	4.0
とりかつ得弁ランチ	ごはん大盛	836	31.9	22.2	131.3	4.0
倍盛チキン南蛮弁当(肉2倍)	ごはんミニ盛	1235	44.5	65.0	118.8	5.5
倍盛チキン南蛮弁当(肉2倍)	ごはん並盛	1308	45.7	65.1	136.2	5.5
倍盛チキン南蛮弁当(肉2倍)	ごはん中盛	1381	46.9	65.2	153.6	5.5
倍盛チキン南蛮弁当(肉2倍)	ごはん大盛	1454	48.1	65.3	170.9	5.5
倍盛九州チキン南蛮弁当(肉2倍)	ごはんミニ盛	1188	41.7	59.2	124.8	5.2
倍盛九州チキン南蛮弁当(肉2倍)	ごはん並盛	1261	42.9	59.3	142.2	5.2
倍盛九州チキン南蛮弁当(肉2倍)	ごはん中盛	1334	44.1	59.4	159.6	5.2
倍盛九州チキン南蛮弁当(肉2倍)	ごはん大盛	1407	45.3	59.5	176.9	5.2
倍盛おろしチキン竜田弁当(肉2倍)	ごはんミニ盛	1207	34.4	72.0	108.5	3.9
倍盛おろしチキン竜田弁当(肉2倍)	ごはん並盛	1280	35.6	72.1	125.9	3.9
倍盛おろしチキン竜田弁当(肉2倍)	ごはん中盛	1353	36.8	72.2	143.3	3.9
倍盛おろしチキン竜田弁当(肉2倍)	ごはん大盛	1426	38.0	72.3	160.6	3.9
倍盛ロースとんかつ弁当(肉2倍)	ごはんミニ盛	1121	42.9	50.9	125.4	5.3
倍盛ロースとんかつ弁当(肉2倍)	ごはん並盛	1194	44.1	51.0	142.8	5.3
倍盛ロースとんかつ弁当(肉2倍)	ごはん中盛	1267	45.3	51.1	160.2	5.3
倍盛ロースとんかつ弁当(肉2倍)	ごはん大盛	1340	46.5	51.2	177.5	5.3
倍盛しょうが焼き弁当(肉2倍)	ごはんミニ盛	955	39.4	52.1	85.4	5.8
倍盛しょうが焼き弁当(肉2倍)	ごはん並盛	1028	40.6	52.2	102.8	5.8
倍盛しょうが焼き弁当(肉2倍)	ごはん中盛	1101	41.8	52.3	120.2	5.8
倍盛しょうが焼き弁当(肉2倍)	ごはん大盛	1174	43.0	52.4	137.5	5.8
倍盛牛焼肉弁当(肉2倍)	ごはんミニ盛	877	27.0	48.3	87.6	5.6
倍盛牛焼肉弁当(肉2倍)	ごはん並盛	950	28.2	48.4	105.0	5.6
倍盛牛焼肉弁当(肉2倍)	ごはん中盛	1023	29.4	48.5	122.4	5.6
倍盛牛焼肉弁当(肉2倍)	ごはん大盛	1096	30.6	48.6	139.7	5.6
倍盛ビーフカットステーキ弁当(肉2倍)	ごはんミニ盛	751	41.4	29.2	83.7	6.2
倍盛ビーフカットステーキ弁当(肉2倍)	ごはん並盛	824	42.6	29.3	101.1	6.2
倍盛ビーフカットステーキ弁当(肉2倍)	ごはん中盛	897	43.8	29.4	118.5	6.2
倍盛ビーフカットステーキ弁当(肉2倍)	ごはん大盛	970	45.0	29.5	135.8	6.2
倍盛デミグラスハンバーグ弁当(肉2倍)	ごはんミニ盛	730	36.1	26.3	91.9	4.6
倍盛デミグラスハンバーグ弁当(肉2倍)	ごはん並盛	803	37.3	26.4	109.3	4.6
倍盛デミグラスハンバーグ弁当(肉2倍)	ごはん中盛	876	38.5	26.5	126.7	4.6
倍盛デミグラスハンバーグ弁当(肉2倍)	ごはん大盛	949	39.7	26.6	144.0	4.6
倍盛和風オニオンソースハンバーグ弁当(肉2倍)	ごはんミニ盛	803	36.1	26.4	109.6	6.3
倍盛和風オニオンソースハンバーグ弁当(肉2倍)	ごはん並盛	876	37.3	26.5	127.0	6.3
倍盛和風オニオンソースハンバーグ弁当(肉2倍)	ごはん中盛	949	38.5	26.6	144.4	6.3
倍盛和風オニオンソースハンバーグ弁当(肉2倍)	ごはん大盛	1022	39.7	26.7	161.7	6.3
倍盛チーズハンバーグ弁当(肉2倍)	ごはんミニ盛	842	38.3	36.5	94.9	5.9
倍盛チーズハンバーグ弁当(肉2倍)	ごはん並盛	915	39.5	36.6	112.3	5.9
倍盛チーズハンバーグ弁当(肉2倍)	ごはん中盛	988	40.7	36.7	129.7	5.9
倍盛チーズハンバーグ弁当(肉2倍)	ごはん大盛	1061	41.9	36.8	147.0	5.9
倍盛ロースかつとじ弁当(肉2倍)	ごはんミニ盛	1089	51.3	50.4	110.4	5.3
倍盛ロースかつとじ弁当(肉2倍)	ごはん並盛	1162	52.5	50.5	127.8	5.3
倍盛ロースかつとじ弁当(肉2倍)	ごはん中盛	1235	53.7	50.6	145.2	5.3
倍盛ロースかつとじ弁当(肉2倍)	ごはん大盛	1308	54.9	50.7	162.5	5.3
親子丼	ごはんミニ盛	543	28.2	18.8	67.3	4.3
親子丼	ごはん並盛	616	29.4	18.9	84.7	4.3
親子丼	ごはん中盛	689	30.6	19.0	102.1	4.3
親子丼	ごはん大盛	762	31.8	19.1	119.4	4.3
ロースかつ丼	ごはんミニ盛	695	32.4	25.8	85.8	4.3
ロースかつ丼	ごはん並盛	768	33.6	25.9	103.2	4.3
ロースかつ丼	ごはん中盛	841	34.8	26.0	120.6	4.3
ロースかつ丼	ごはん大盛	914	36.0	26.1	137.9	4.3
Wロースかつ丼(肉2倍)	ごはんミニ盛	1091	51.3	50.4	111.0	5.5
Wロースかつ丼(肉2倍)	ごはん並盛	1164	52.5	50.5	128.4	5.5
Wロースかつ丼(肉2倍)	ごはん中盛	1237	53.7	50.6	145.8	5.5
Wロースかつ丼(肉2倍)	ごはん大盛	1310	54.9	50.7	163.1	5.5
カレー	ごはんミニ盛	342	8.2	3.7	71.4	2.9
カレー	ごはん並盛	415	9.4	3.8	88.8	2.9
カレー	ごはん中盛	488	10.6	3.9	106.2	2.9
カレー	ごはん大盛	561	11.8	4.0	123.5	2.9
ウインナーカレー	ごはんミニ盛	464	13.0	14.1	73.6	3.8
ウインナーカレー	ごはん並盛	537	14.2	14.2	91.0	3.8
ウインナーカレー	ごはん中盛	610	15.4	14.3	108.4	3.8
ウインナーカレー	ごはん大盛	683	16.6	14.4	125.7	3.8
ロースカツカレー	ごはんミニ盛	725	26.9	28.3	93.7	3.6
ロースカツカレー	ごはん並盛	798	28.1	28.4	111.1	3.6
ロースカツカレー	ごはん中盛	871	29.3	28.5	128.5	3.6
ロースカツカレー	ごはん大盛	944	30.5	28.6	145.8	3.6
白身フライカレー	ごはんミニ盛	523	15.8	13.6	86.9	3.5
白身フライカレー	ごはん並盛	596	17.0	13.7	104.3	3.5
白身フライカレー	ごはん中盛	669	18.2	13.8	121.7	3.5
白身フライカレー	ごはん大盛	742	19.4	13.9	139.0	3.5
特製ナポリタン&サラダ		539	26.7	26.0	55.3	3.9
W特製ナポリタン&サラダ(麺2倍)		770	34.6	29.1	100.4	5.5
特製ナポリタン弁当		707	28.4	22.9	103.2	3.2
W特製ナポリタン弁当(麺2倍)		938	36.3	26.0	148.3	4.7
ビーフカットステーキ重	ごはんミニ盛	489	22.5	15.5	67.3	3.1
ビーフカットステーキ重	ごはん並盛	562	23.7	15.6	84.7	3.1
ビーフカットステーキ重	ごはん中盛	635	24.9	15.7	102.1	3.1
ビーフカットステーキ重	ごはん大盛	708	26.1	15.8	119.4	3.1
もちミニ®彩・豆腐ハンバーグ弁当		468	11.9	14.6	75.9	2.1
もちミニ®しゃけ弁当		443	16.6	12.6	68.6	2.2
幕の内弁当(豆腐ハンバーグと野菜の照りだれ)	ごはんミニ盛	676	21.4	27.4	89.7	4.0
幕の内弁当(豆腐ハンバーグと野菜の照りだれ)	ごはん並盛	749	22.6	27.5	107.1	4.0
幕の内弁当(豆腐ハンバーグと野菜の照りだれ)	ごはん中盛	822	23.8	27.6	124.5	4.0
幕の内弁当(豆腐ハンバーグと野菜の照りだれ)	ごはん大盛	895	25.0	27.7	141.8	4.0
幕の内弁当(牛焼肉)	ごはんミニ盛	660	21.4	28.7	82.5	3.8
幕の内弁当(牛焼肉)	ごはん並盛	733	22.6	28.8	99.9	3.8
幕の内弁当(牛焼肉)	ごはん中盛	806	23.8	28.9	117.3	3.8
幕の内弁当(牛焼肉)	ごはん大盛	879	25.0	29.0	134.6	3.8
特撰幕の内弁当	ごはんミニ盛	791	34.4	36.5	84.2	4.9
特撰幕の内弁当	ごはん並盛	864	35.6	36.6	101.6	4.9
特撰幕の内弁当	ごはん中盛	937	36.8	36.7	119.0	4.9
特撰幕の内弁当	ごはん大盛	1010	38.0	36.8	136.3	4.9
洋風バラエティ弁当	ごはんミニ盛	752	25.2	31.4	95.4	4.6
洋風バラエティ弁当	ごはん並盛	825	26.4	31.5	112.8	4.6
洋風バラエティ弁当	ごはん中盛	898	27.6	31.6	130.2	4.6
洋風バラエティ弁当	ごはん大盛	971	28.8	31.7	147.5	4.6
スペシャル洋風バラエティ弁当	ごはんミニ盛	979	42.5	44.8	104.4	7.5
スペシャル洋風バラエティ弁当	ごはん並盛	1052	43.7	44.9	121.8	7.5
スペシャル洋風バラエティ弁当	ごはん中盛	1125	44.9	45.0	139.2	7.5
スペシャル洋風バラエティ弁当	ごはん大盛	1198	46.1	45.1	156.5	7.5
ドラえもんランチ/ドラミちゃんランチ(ふりかけ)		415	16.9	16.7	51.4	2.0
ドラえもんランチ/ドラミちゃんランチ(カレー)		433	17.8	16.2	56.1	2.3
さんまフライ&しょうが焼き おかずのみ		433	19.4	28.2	26.7	2.5
6コ入りとりかつタルBOX		880	48.1	55.9	46.1	7.4
プレミアム牛肉黒カレー ルーのみ		290	8.4	20.0	21.0	2.5
牛スンドゥブ おかずのみ		398	21.4	28.4	14.7	3.0
牛カルビ&ホルモン おかずのみ		434	20.3	29.8	22.9	2.6
倍盛牛カルビ&ホルモン(肉2倍) おかずのみ		827	38.8	59.3	37.0	4.7
おろしかつ おかずのみ		486	22.5	25.2	45.4	4.1
4コ入りから揚 おかずのみ		339	24.2	17.5	18.6	2.5
6コ入りから揚 おかずのみ		487	36.2	26.3	23.8	3.3
チキン南蛮 おかずのみ		496	19.5	25.4	43.6	2.4
九州チキン南蛮 おかずのみ		472	18.1	22.5	46.6	2.2
3コ入りとりかつタル おかずのみ		463	25.0	28.1	27.8	3.9
5コ入りとりかつタル おかずのみ		681	40.6	42.3	34.8	5.0
おろしチキン竜田 おかずのみ		542	16.7	37.4	34.8	3.1
ロースとんかつ おかずのみ		462	20.1	25.3	39.1	2.8
しょうが焼き おかずのみ		386	18.7	26.0	20.7	3.0
牛焼肉 おかずのみ		344	12.6	24.1	20.7	2.9
ビーフカットステーキ おかずのみ		304	20.5	15.4	22.7	3.3
デミグラスハンバーグ おかずのみ		292	17.2	13.7	26.6	2.3
和風オニオンソースハンバーグ おかずのみ		328	17.2	13.8	35.4	3.1
チーズハンバーグ おかずのみ		343	19.5	18.4	26.7	3.1
ロースかつとじ おかずのみ		474	28.8	25.5	33.2	4.1
肉野菜炒め おかずのみ		281	16.7	16.4	19.5	4.3
チキン竜田シェア盛プレート		1140	50.9	71.6	76.7	7.8
チキン南蛮シェア盛プレート		1249	60.3	75.9	82.8	9.5
倍盛チキン南蛮 おかずのみ		1016	40.9	64.7	66.8	5.5
倍盛九州チキン南蛮(肉2倍) おかずのみ		969	38.1	58.9	72.8	5.2
倍盛おろしチキン竜田(肉2倍) おかずのみ		988	30.8	71.7	56.5	3.9
倍盛ロースとんかつ(肉2倍) おかずのみ		902	39.3	50.6	73.4	5.3
倍盛しょうが焼き(肉2倍) おかずのみ		736	35.8	51.8	33.4	5.8
倍盛牛焼肉(肉2倍) おかずのみ		658	23.4	48.0	35.6	5.5
倍盛ビーフカットステーキ(肉2倍) おかずのみ		532	37.8	28.9	31.7	6.2
倍盛デミグラスハンバーグ(肉2倍) おかずのみ		511	32.5	26.0	39.9	4.6
倍盛和風オニオンソースハンバーグ(肉2倍) おかずのみ		584	32.5	26.1	57.6	6.3
倍盛チーズハンバーグ(肉2倍) おかずのみ		623	34.7	36.2	42.9	5.9
倍盛ロースかつとじ(肉2倍) おかずのみ		870	47.7	50.1	58.4	5.3
カレー ルーのみ		118	4.6	3.4	18.3	2.6
8コ入りチキンBOX		596	48.2	35.2	21.4	4.2
12コ入りチキンBOX		892	72.2	52.8	31.8	5.8
16コ入りチキンセット(8コ入り×2BOX)		1192	96.4	70.4	42.8	8.4
チキポテBOX		692	30.3	37.0	61.7	2.7
白身フライ&チキンBOX		750	42.9	41.8	51.3	4.1
フライドポテトBOX		633	9.9	29.2	87.5	1.9
特製豚汁		61	4.8	1.4	8.0	2.8
旨辛特製豚汁		85	5.0	2.9	10.4	3.4
さんまフライ		224	9.2	15.1	12.9	0.9
ほっとあんバターパイ		254	3.8	12.0	33.7	0.3
ほっとカスタードパイ		240	3.8	13.0	27.4	0.3
単品 きのこごはん		323	7.6	4.9	62.6	2.3
ミニ冷やしわかめうどん		139	3.6	1.0	29.7	2.0
プラスから揚(2コ入り)		148	12.0	8.8	5.2	0.8
ほっとチキン		212	12.3	13.3	11.1	1.8
手羽から揚(しお味)5本入り		200	13.2	13.7	5.9	1.6
手羽から揚(しお味)10本入り		400	26.4	27.4	11.8	3.2
フライドポテト		197	3.1	9.7	25.5	0.5
パリパリ春巻		172	2.6	11.8	14.6	0.6
たっぷりグリーンサラダ		54	2.0	3.5	4.9	0.4
7品目のミックスサラダ		84	2.9	4.9	9.0	0.7
れんこんのきんぴら		40	0.7	1.1	7.2	0.7
3種根菜の煮物		38	0.9	0.1	9.0	0.7
6種具材のひじき煮		31	1.6	0.8	5.2	0.6
さっぱりゆず大根		23	0.3	0.0	5.8	0.6
旨さやみつきキムチ		52	2.4	0.6	9.4	2.5
白ごはん単品(並盛)		292	4.8	0.4	69.4	0.0
ミニわかめうどん		149	3.8	1.0	31.3	3.4
豚汁		81	5.1	2.3	9.7	2.2
わかめスープ		35	1.8	1.3	3.8	1.8
たまごスープ		31	2.1	1.5	2.2	1.7
しじみのみそ汁		34	2.4	0.9	3.9	2.1
海苔とあおさのみそ汁		42	2.5	1.0	5.8	2.3
アジフライ		221	10.5	13.2	15.5	0.9
から揚		74	6.0	4.4	2.6	0.4
メンチカツ		134	4.3	8.7	10.0	1.0
白身フライ		226	9.4	12.1	20.3	1.0
エビフライ		77	2.1	4.8	6.4	0.6
ちくわ天		133	4.2	7.4	12.6	1.2
