カニのクリームソース（～10/5）		735	38.5	26.8	85.8	5.0
カニのアーリオ・オーリオ（～10/5）		707	32.2	26.9	82.9	4.2
ネーロ・ディ・セッピア ～イカスミとうにのヴェネト風～（～10/5）		605	27.7	18.7	82.0	4.5
カニの焼きリゾット（～10/5）		270	8.6	13.9	26.2	1.4
プロセッコ・スプマンテ（～10/5）		138	0.4	0.0	2.8	0.0
フレッシュモッツァレラときのこのボロネーゼ（10/6～）		841	28.1	41.1	90.3	3.0
ラグー・アッラ・ボロネーゼ ビアンコ ～白いボロネーゼ～（10/6～）		974	34.1	53.9	87.7	3.1
炙りウナギのアーリオ・オーリオ ～レモン風味～（10/6～）		796	28.3	39.4	84.4	3.2
ドネリランブルスコ200ml（10/6～）		136	0.4	0.0	3.0	0.0
～しぼりたてモンブラン～ ドルチェ・パタータ		373	4.4	6.6	76.6	0.1
～しぼりたてモンブラン～ 焼きたてパイのモンブラン		469	7.1	23.3	58.8	0.6
グラスドルチェ マロン		308	6.1	10.4	48.4	0.3
トルタショコラータ		145	1.8	8.6	15.7	0.1
ベイクドチーズケーキ		180	3.7	11.9	14.2	0.2
キッズナポリタン（ドリンクバー除く）		629	21.4	21.6	87.0	3.0
キッズカルボナーラ（ドリンクバー除く）		890	30.0	48.1	83.4	3.5
キッズたらこクリーム（ドリンクバー除く）		582	22.0	18.8	81.3	3.0
キッズミートソース（ドリンクバー除く）		655	22.7	24.1	85.9	2.0
キッズたらこ（ドリンクバー除く）		539	19.0	15.9	79.2	3.3
おこさまミート（ゼリー付・ドリンクバー除く)		528	18.4	20.7	67.3	1.6
おこさまクリーム（ゼリー付・ドリンクバー除く）		520	14.3	22.6	65.8	1.7
おこさまコーンベーコン（ゼリー付・ドリンクバー除く）		378	15.0	16.2	43.4	2.0
3種ソーセージ～ブラックペッパー・プレーン・ガーリック～		190	9.2	14.6	3.7	1.1
ポテトのオーブン焼き～クワトロハーブソルト～（ケチャップ）		286	3.2	13.6	37.7	1.7
ローストビーフのブルスケッタ		230	7.7	11.7	22.2	1.4
サーモンのカルパッチョ		161	8.1	13.5	2.4	1.2
ローストビーフ～スモークバーベキューソース～	前菜	172	10.1	12.8	2.8	1.0
ほうれん草とベーコンのバターソテー		233	8.3	21.1	3.9	1.9
窯焼きガーリックマッシュポテト		237	5.1	15.9	20.2	1.1
４種のこだわりチーズのチーズフォンデュ		344	10.2	18.2	33.1	1.9
エビのアヒージョ		635	14.0	56.2	19.4	3.8
カポナータ		52	0.6	3.5	5.1	0.5
アランチーニ		371	5.2	26.7	27.0	2.6
ピクルス		46	0.6	0.1	11.5	0.9
イタリア産グリーンオリーブのマリネ		95	0.5	9.5	1.9	0.8
アンティパストミスト～前菜４種盛り～	前菜	239	10.3	17.7	10.0	1.7
サクサクチーズとガーリックマッシュポテト		148	7.8	12.7	0.6	0.7
たっぷりあさりとムール貝のガーリックソテー	前菜	264	25.1	15.0	4.4	1.9
カプレーゼ		165	11.2	12.3	2.7	1.1
ガーリックトースト（2個）		158	3.2	7.6	18.2	0.7
ガーリックトースト（バター変更）（2個）		142	3.0	6.1	17.8	0.6
ガーリックトースト（４個）		315	6.4	15.1	36.4	1.3
ガーリックトースト（バター変更）（４個）		284	6.1	12.2	35.6	1.1
フライドチキン		352	15.8	24.5	17.2	2.4
ゼッポリーニ		285	6.1	19.8	19.5	1.3
ポテトのオーブン焼き～クワトロハーブソルト～（スモークバーベキュー×マヨネーズ）		384	3.5	25.6	34.7	1.9
ポテトのオーブン焼き～クワトロハーブソルト～（ケチャップ×マヨネーズ）		373	3.1	24.7	34.4	1.5
ビーフシチュー		224	10.7	11.5	20.2	1.2
サラダセットのサラダ（イタリアン）		79	1.3	6.7	3.9	0.7
シーザーサラダ		351	11.7	30.6	6.9	1.5
サーモンとオリーブのサラダ(ドレッシング除く)		80	5.6	4.7	4.9	0.3
グリルチキンときのこのサラダ(ドレッシング除く)		231	11.0	18.6	6.4	0.5
ローストビーフのサラダ(ドレッシング除く)		130	5.9	9.2	6.0	0.6
シェアサイズシーザーサラダ		588	14.7	54.3	10.1	2.8
シェアサイズサーモンとオリーブのサラダ(ドレッシング除く)		123	9.2	7.4	6.7	0.5
シェアサイズグリルチキンときのこのサラダ(ドレッシング除く)		296	17.2	22.5	8.0	0.8
シェアサイズローストビーフのサラダ(ドレッシング除く)		176	9.5	11.7	8.0	0.9
選べるドレッシング)イタリアン		62	0.2	6.1	1.6	0.7
選べるドレッシング)シーザー		114	0.3	12.0	1.0	0.6
選べるドレッシング)イタリアン(シェアサイズ）		124	0.3	12.2	3.2	1.4
選べるドレッシング)シーザー(シェアサイズ）		228	0.6	24.0	2.1	1.2
窯焼き舞茸とチキンのバジルクリームスープ		433	18.0	27.1	30.0	2.2
コーンポタージュ		148	4.5	7.1	16.8	1.1
ピッツァ・プレミアムマルゲリータ		614	29.9	28.1	60.4	3.4
ピッツァ・ハーフ＆ハーフプレミアムマルゲリータ＆ボスカイオーラ		672	33.1	32.4	62.6	3.6
ピッツァ・マルゲリータ		580	29.4	24.4	61.0	3.2
ピッツァ・ベーコン		690	32.9	35.3	60.7	3.8
ピッツァ・クワトロフォルマッジ		877	42.0	46.4	74.0	4.3
ピッツァ・ジェノベーゼ		870	37.4	50.3	68.7	3.6
ピッツァ・ボスカイオーラ		734	36.0	37.6	64.2	4.1
ピッツァ・ハーフ＆ハーフプレミアムマルゲリータ＆クワトロフォルマッジ		776	36.0	38.1	73.4	3.5
ピッツァ・ハーフ＆ハーフプレミアムマルゲリータ＆ジェノベーゼ		742	33.8	38.8	65.4	3.6
ピッツァ・ハーフ＆ハーフプレミアムマルゲリータ＆ベーコン		653	31.6	31.4	61.3	3.7
スモール・プレミアムマルゲリータ		279	13.9	13.3	26.1	1.0
スモール・ジェノベーゼ		413	17.9	24.4	31.3	1.7
スモール・クワトロフォルマッジ		402	18.1	20.9	36.4	1.5
燻製ベーコンときのこのボスカイオーラ		657	21.2	23.5	89.1	4.2
海の幸のトマトソース～ペスカトーレ～		644	36.8	16.5	86.4	5.5
モッツァトマト		772	32.6	32.8	86.9	3.6
揚げ茄子とベーコンのトマトソース		681	20.2	28.0	87.7	4.2
アラビアータ～辛口トマトソース～		653	21.4	24.1	87.7	4.2
辛口トマトスープパスタ		706	39.7	20.4	90.2	6.6
ミートソース		655	22.7	24.1	85.9	2.0
感動ボロネーゼ		741	23.9	32.2	88.3	2.9
グリルチキンとベーコンのレモンクリーム		875	35.0	43.3	87.9	3.6
ミートカルボナーラ		797	29.6	31.0	98.1	5.0
燻製ベーコンと揚げ茄子・きのこのトマトクリーム		773	23.5	34.5	94.7	3.4
感動カルボナーラ		903	31.0	48.9	83.7	3.6
イカの明太子クリーム		704	31.2	26.3	86.6	4.6
帆立とあさりのチャウダースープパスタ		852	40.3	33.2	97.2	5.0
サーモンハラスといくらの明太子クリーム		767	30.3	33.2	86.4	3.4
岩だことエビの大葉ジェノベーゼ		723	28.9	31.0	83.6	3.6
海の幸のペペロンチーノ		688	34.8	24.6	80.7	3.7
たっぷりあさりの出汁パスタ		700	36.4	26.1	79.0	4.9
エビと帆立・ブロッコリーのジェノベーゼ		895	31.4	48.4	84.5	3.5
ボンゴレビアンコ		696	36.3	22.5	83.7	3.5
エビとブロッコリーのペペロンチーノ～レモンバター風味～		666	21.4	27.0	84.3	3.2
海の幸のバター醤油		634	36.6	17.5	81.7	3.3
ベーコンとオニオンのペペロンチーノ		660	17.4	30.5	79.3	3.1
ほうれん草とベーコンのバター醤油	パスタ	619	20.1	23.1	82.6	3.3
海の幸の豆乳スープパスタ		874	38.6	38.8	93.7	4.7
明太子		547	21.2	15.9	80.3	3.8
イカスミ		623	28.8	19.6	83.0	4.7
明太子とイカ		590	30.8	16.5	80.4	4.0
グリルチキンと彩り野菜のぺぺロンチーノ		786	31.4	36.5	84.6	3.8
フェットチーネモッツァレラチーズの感動ボロネーゼ		775	30.8	39.3	73.1	4.6
フェットチーネ魚介のトマトクリーム		616	34.9	21.8	68.3	4.9
フェットチーネ感動カルボナーラ		833	29.2	48.6	67.4	4.8
ラビオリグリルチキンとブロッコリーのトマトソース		379	17.4	24.1	22.8	2.5
ラビオリゴルゴンゾーラクリーム		376	10.3	26.0	24.8	1.8
Light感動カルボナーラ		744	30.9	48.1	55.6	3.8
Lightモッツァトマト		614	32.5	32.0	58.8	3.8
Lightほうれん草とベーコンのバター醤油		461	20.0	22.3	54.5	3.5
スモールモッツァトマト		466	17.5	21.4	50.9	1.8
スモールサーモンハラスといくらの明太子クリーム		463	16.4	21.6	50.6	1.7
スモール温野菜とベーコンのペペロンチーノ		540	12.6	31.1	54.4	2.6
スモール明太子とイカ		396	20.7	13.5	48.9	2.7
スモール感動ボロネーゼ		443	12.8	20.7	51.2	1.4
ビーフシチュードリア		555	22.4	23.8	61.2	2.9
シーフードドリア		541	30.4	18.9	60.4	3.3
グラスドルチェ ～ジェラート＆フルーツ～		232	4.9	8.4	34.9	0.2
グラスドルチェ グランデ		504	7.1	25.4	63.2	0.3
マチェドニア コン ジェラート		118	1.8	2.0	25.0	0.0
パンナコッタ ～せとかオレンジソース～		137	4.2	5.6	17.5	0.2
イタリアンプリン		245	4.5	16.6	19.3	0.2
ドルチェミスト		359	6.1	21.2	36.0	0.3
カッサータ		130	1.1	6.0	15.1	0.1
ティラミス＆フルーツ		122	1.6	5.3	17.0	0.1
～オリーブオイル香る～ハニートースト(ジェラートは除く)		466	6.5	20.4	65.7	1.0
～オリーブオイル香る～ ティラミスクリームハニートースト(ジェラートは除く)		552	8.7	30.8	60.5	1.2
ティラミス		177	2.5	10.6	17.2	0.1
選べるジェラート）バニラ(1個）		61	1.3	2.7	7.9	0.0
選べるジェラート）チョコ(1個）		65	1.7	2.5	8.9	0.1
選べるジェラート）ストロベリー(1個）		42	0.1	0.3	9.7	0.0
とろ～りチーズ		285	16.2	23.2	3.5	1.2
とろ～りチーズ（ダブル）		570	32.3	46.3	7.1	2.5
ふわふわチーズ		77	6.6	5.6	0.1	0.3
半熟卵		83	6.8	5.7	0.2	0.2
いくら		22	2.2	1.2	0.6	0.2
温野菜		117	2.6	9.8	6.7	1.0
バケット		135	4.5	0.6	26.6	0.7
1 ベーコン＆オニオンスープ(チキンコンソメ)		20	1.3	0.8	2.0	2.0
2 ベーコン＆オニオンスープ(ビーフコンソメ)		20	1.2	0.8	2.3	1.9
3 チーズ風味のたまごスープ(チキンコンソメ)		22	1.7	0.8	2.1	1.9
4 ベーコン&キャベツスープ(ビーフコンソメ)		20	1.2	0.8	2.2	1.9
5 牡蠣風味のクリームスープ(チキンコンソメ)		18	1.0	0.5	2.4	1.9
6 かにのたまごスープ(ビーフコンソメ)		23	2.0	0.7	2.1	1.8
エビと舞茸の明太子		592	30.1	16.5	81.9	4.4
国産釜揚げしらすとあさりのペペロンチーノ		717	26.6	33.3	78.7	3.9
シーフードレモンクリーム		686	29.9	25.4	85.2	3.1
グリルチキンとベーコンのトマトソース		764	30.6	31.2	91.9	5.0
ベーコンとブロッコリーのトマトソース		638	21.3	22.9	87.0	4.2
ほうれん草とベーコンのバター醤油	平日ランチ	642	20.1	25.6	82.6	3.3
ピッツァ・ハーフ＆ハーフマルゲリータ＆国産釜揚げしらすレモン		656	34.0	30.5	62.5	3.6
～イタリアンワンプレート～エビと帆立のクリームソース＆ラザニア風		635	27.3	31.6	61.2	3.5
～イタリアンワンプレート～海の幸のトマトクリームソース＆クリームスピナッチパイ		741	26.2	41.3	66.5	5.0
ランチシーザーサラダ		178	3.8	16.5	3.8	1.0
ランチローストビーフのサラダ		83	2.5	6.1	4.4	0.7
ズッパイングレーゼ		237	3.2	7.6	39.1	0.2
ランチ選べるジェラート）バニラ(1個）		61	1.3	2.7	7.9	0.0
ランチ選べるジェラート）チョコ(1個）		65	1.7	2.5	8.9	0.1
ランチ選べるジェラート）ストロベリー(1個）		42	0.1	0.3	9.7	0.0
アスパラと燻製ベーコン・半熟卵のオーブン焼き～アンチョビソース～		209	13.0	13.6	8.9	1.5
アランチーニ＆サクサクチーズとガーリックマッシュポテト		544	13.5	40.4	31.5	3.4
カプレーゼ＆ガーリックトースト(2個)		322	14.4	19.8	20.9	1.8
ローストビーフ～スモークバーベキューソース～	夜はジョリパ飲み	172	10.0	12.8	2.8	1.0
カプレーゼ＆ガーリックトースト（バター変更）(2個)		307	14.2	18.3	20.4	1.7
たっぷりあさりとムール貝のガーリックソテー	夜はジョリパ飲み	258	24.9	14.7	3.5	1.9
プレートコンボポテトのオーブン焼き・フライドチキン・3種ソーセージ		575	19.3	38.5	36.0	4.1
アンティパストミスト～前菜４種盛り～	夜はジョリパ飲み	239	10.3	17.7	10.0	1.7
PERONI（ペローニ）330ml		139	1.3	0.0	10.6	0.1
モーニングプレート トースト&目玉焼き(トースト 2枚)		565	18.4	32.6	49.0	2.7
モーニングプレート トースト&目玉焼き(トースト 1枚)		410	15.4	24.9	30.8	2.2
モーニングプレート トースト＆スクランブルエッグ(トースト 2枚)		624	20.2	37.3	51.4	3.1
モーニングプレート トースト&スクランブルエッグ(トースト 1枚)		469	17.2	29.6	33.2	2.6
モーニングプレート ガーリックトースト(食パン)		520	18.5	27.4	49.5	2.7
モーニングプレート ガーリックトースト(バケット)		413	15.6	24.8	30.7	2.3
オープンサンド スモークサーモンとリコッタ		501	14.8	28.0	48.2	2.4
～オリーブオイル香る～ハニートースト(バニラ)		527	7.8	23.1	73.7	1.1
～オリーブオイル香る～ハニートースト(チョコ)		530	8.2	22.9	74.6	1.1
～オリーブオイル香る～ハニートースト(ストロベリー)		508	6.6	20.6	75.5	1.0
イタリアンフレンチトースト フルーツ&ジェラート(バニラ)		431	11.7	14.5	67.6	0.8
イタリアンフレンチトースト フルーツ&ジェラート(チョコ)		435	12.1	14.3	68.6	0.8
イタリアンフレンチトースト フルーツ&ジェラート(ストロベリー)		412	10.6	12.1	69.4	0.8
モーニングパスタセット ベーコンのトマトソース		494	13.8	22.6	59.3	2.6
モーニングパスタセット ベーコンときのこの醤油ソース		505	13.6	25.3	56.4	2.0
モーニング チーズリゾットセット		286	8.4	12.7	33.7	2.0
モーニング トーストセット		409	9.0	21.9	44.1	1.6
トースト		309	6.0	15.4	36.5	1.1
デニッシュ		313	6.3	14.8	38.4	1.0
デニッシュ ジェラート付き		374	7.5	17.5	46.4	1.1
イタリアンストロベリージャム		20	0.1	0.0	5.0	0.0
はちみつ		45	0.0	0.0	12.3	0.0
モーニング コーンポタージュ		148	4.5	7.1	16.8	1.1
モーニング ポテトのオーブン焼き～ｸﾜﾄﾛﾊｰﾌﾞｿﾙﾄ～(スモークバーベキュー×マヨネーズ)		384	3.5	25.6	34.7	1.9
モーニング ポテトのオーブン焼き～ｸﾜﾄﾛﾊｰﾌﾞｿﾙﾄ～(ケチャップ×マヨネーズ)		373	3.1	24.7	34.4	1.5
モーニング ポテトのオーブン焼き～ｸﾜﾄﾛﾊｰﾌﾞｿﾙﾄ～(ケチャップ)		286	3.2	13.6	37.7	1.7
モーニング イタリアンプリン		243	4.5	16.4	19.4	0.2
アフォガード		125	2.8	5.4	16.6	0.1
モーニング ティラミス		177	2.5	10.6	17.2	0.1
ハウスワイン白（グラス110ml）		80	0.1	0.0	2.2	0.0
ハウスワイン赤（グラス110ml）		80	0.2	0.0	1.7	0.0
ハウスワイン白（デキャンタ440ml）		321	0.4	0.0	8.8	0.0
ハウスワイン赤（デキャンタ440ml）		321	0.9	0.0	6.6	0.0
サントリー角ハイボール		88	0.0	0.0	3.7	0.0
レモンサワー		100	0.0	0.0	2.5	0.0
グレープフルーツサワー		118	0.0	0.0	6.3	0.0
ピノ・グリージョ		563	0.8	0.0	15.0	0.0
ピアビーニ		563	0.8	0.0	15.0	0.0
プリミティーヴォ		510	1.5	0.0	11.3	0.0
キャンティ		548	1.5	0.0	11.3	0.0
カペッタブリュット・スプマンテ		285	0.4	0.0	9.8	0.0
シエロフリザンテビアンコ		665	0.8	0.0	15.0	0.0
ハウスワイン赤（グラス150ml）※夜はジョリパ飲みセット限定		110	0.3	0.0	2.3	0.0
ハウスワイン白（グラス150ml）※夜はジョリパ飲みセット限定		110	0.2	0.0	3.0	0.0
サントリーオールフリー		0	0.0	0.0	0.0	0.1
TOアラビアータ ～辛口トマトソース～		740	21.4	33.7	87.8	4.2
TO揚げ茄子とベーコンのトマトソース		768	20.2	37.6	87.9	4.2
TO海の幸のトマトソース～ペスカトーレ～		731	36.8	26.1	86.6	5.5
TO燻製ベーコンときのこのボスカイオーラ		744	21.2	33.1	89.2	4.2
TOモッツァトマト		859	32.6	42.4	87.0	3.6
TOエビとブロッコリーのペペロンチーノ～レモンバター風味～		753	21.5	36.6	84.4	3.2
TO海の幸のペペロンチーノ		775	34.8	34.2	80.8	3.7
TOイカの明太子クリーム		791	31.3	35.9	86.7	4.6
TO燻製ベーコンと揚げ茄子・きのこのトマトクリーム		860	23.5	44.1	94.8	3.4
TOボンゴレビアンコ		778	35.5	32.0	83.8	3.4
TO感動カルボナーラ		990	31.1	58.5	83.8	3.6
TOミートカルボナーラ		884	29.7	40.6	98.2	5.0
TOミートソース		742	22.7	33.7	86.0	2.0
TO感動ボロネーゼ		828	24.0	41.8	88.4	2.9
TOグリルチキンとベーコンのレモンクリーム		962	35.0	52.9	88.0	3.6
TO帆立とあさりのチャウダースープパスタ		939	40.3	42.8	97.4	5.0
TOサーモンハラスといくらの明太子クリーム		854	30.3	42.8	86.5	3.4
TO辛口トマトスープパスタ		793	39.7	30.0	90.3	6.6
TO海の幸の豆乳スープパスタ		874	38.6	38.8	93.7	4.7
TOピッツァ・マルゲリータ		580	29.4	24.4	61.0	3.2
TOピッツァ・ベーコン		690	32.9	35.3	60.7	3.8
TOピッツァ・ジェノベーゼ		870	37.4	50.3	68.7	3.6
TOピッツァ・ボスカイオーラ		734	36.0	37.6	64.2	4.1
TOピッツァ・プレミアムマルゲリータ		613	29.9	28.1	60.4	3.4
TOピッツァ・クワトロフォルマッジ		862	42.0	46.5	69.9	4.4
TOピッツァ・ハーフ&ハーフプレミアムマルゲリータ&ベーコン		653	31.6	31.4	61.3	3.7
TOピッツァ・ハーフ&ハーフプレミアムマルゲリータ&ジェノベーゼ		742	33.8	38.8	65.4	3.6
TOピッツァ・ハーフ＆ハーフプレミアムマルゲリータ＆クワトロフォルマッジ		761	36.0	38.1	69.3	3.5
TOピッツァ・ハーフ&ハーフプレミアムマルゲリータ&ボスカイオーラ		672	33.1	32.4	62.6	3.6
TOシーザーサラダ		588	14.7	54.3	10.1	2.8
TOポテトのオーブン焼き～クワトロハーブソルト～		274	3.0	13.5	34.9	1.4
TOカプレーゼ		165	11.2	12.3	2.7	1.1
TO3種ソーセージ～ブラックペッパー・プレーン・ガーリック～		190	9.2	14.6	3.7	1.1
TOフライドチキン(2個)		352	15.8	24.5	17.2	2.4
TOイタリア産グリーンオリーブのマリネ		95	0.5	9.5	1.9	0.8
TOゼッポリーニ		285	6.1	19.8	19.5	1.3
TOガーリックトースト（4個）		315	6.4	15.1	36.4	1.3
TOガーリックトースト（バター変更）（4個）		284	6.1	12.2	35.6	1.1
TOサクサクチーズとガーリックマッシュポテト		168	9.0	14.4	0.7	0.8
TOほうれん草とベーコンのバターソテー		233	8.3	21.1	3.9	1.9
TOカポナータ		52	0.6	3.5	5.1	0.5
TOピクルス		46	0.6	0.1	11.5	0.9
TOティラミス【冷凍】（ファミリーサイズ4人前）		717	10.3	42.6	69.4	0.8
TOイタリアンプリン【冷蔵】（1人前）		217	4.4	14.4	17.5	0.2
TOレッドペッパーオイル		1305	0.0	145.0	0.0	0.0
TOスパゲッティ（乾麺）		1750	64.5	9.0	365.5	0.0
TOゼンショーフェアトレードコーヒー ブラック 無糖		8	0.8	0.0	1.4	0.0
TOゼンショーフェアトレードミルクティー		46	1.6	1.6	6.2	0.1
(ソースのみ、麺なし)海の幸の豆乳スープパスタ		512	26.6	36.8	19.7	4.7
(ソースのみ、麺なし)エビとブロッコリーのペペロンチーノ～レモンバター風味～		304	9.4	25.0	10.3	3.2
(ソースのみ、麺なし)燻製ベーコンと揚げ茄子・きのこのトマトクリーム		411	11.5	32.5	20.7	3.4
(ソースのみ、麺なし)揚げ茄子とベーコンのトマトソース		319	8.2	26.0	13.7	4.2
(ソースのみ、麺なし)ボンゴレビアンコ		329	23.4	20.9	9.6	3.3
(ソースのみ、麺なし)サーモンハラスといくらの明太子クリーム		405	18.3	31.2	12.4	3.4
(ソースのみ、麺なし)イカの明太子クリーム		342	19.2	24.3	12.6	4.6
(ソースのみ、麺なし)モッツァトマト		410	20.6	30.7	12.8	3.6
(ソースのみ、麺なし)アラビアータ～辛口トマトソース～		291	9.4	22.1	13.7	4.2
(ソースのみ、麺なし)海の幸のトマトソース～ペスカトーレ～		282	24.8	14.5	12.4	5.5
(ソースのみ、麺なし)帆立とあさりのチャウダースープパスタ		490	28.3	31.2	23.2	5.0
(ソースのみ、麺なし)辛口トマトスープパスタ		344	27.7	18.4	16.2	6.6
(ソースのみ、麺なし)感動カルボナーラ		540	19.0	46.9	9.7	3.6
(ソースのみ、麺なし)ミートカルボナーラ		435	17.6	29.0	24.1	5.0
(ソースのみ、麺なし)ミートソース		293	10.7	22.1	11.9	2.0
(ソースのみ、麺なし)感動ボロネーゼ		379	11.9	30.2	14.3	2.9
(ソースのみ、麺なし)海の幸のペペロンチーノ		326	22.8	22.6	6.7	3.7
