ごちそう 倍盛うに軍艦		43	2.5	0.6	6.8	0.3
うに軍艦		36	1.5	0.3	6.6	0.3
ごちそう うに中とろ		74	4.1	4.0	5.8	0.2
ごちそう 贅沢うに&いくらの小丼		240	11.4	3.6	40.0	2.0
うにクリーミーコロッケ		195	2.5	11.4	20.7	1.3
贅沢うに茶碗蒸し		70	7.2	3.7	2.0	1.8
のどぐろ塩炙り		39	1.8	1.1	5.6	0.5
活〆真鯛とサーモンのカルパッチョ		79	7.1	4.1	4.3	0.5
プリッと しまたこのカルパッチョ		38	3.2	1.1	4.2	0.7
うに いくらの小丼&あさりの味噌汁&まいたけ茶碗蒸し（関東）		415	33.0	9.5	48.4	6.7
うに いくらの小丼&あさりの味噌汁&まいたけ茶碗蒸し（関西）		413	32.8	9.5	48.0	6.7
うにたらこマヨパスタのミニサラダ		152	5.9	7.3	15.9	0.9
釜揚ほたるいか小鉢		24	4.7	0.5	0.2	0.3
釜揚げほたるいか包み		33	2.1	0.2	5.7	0.3
ごちそう贅沢よくばりプレート		180	10.3	2.2	29.2	1.3
創業の地 "ながの”5貫プレート		213	9.9	5.9	30.4	1.7
かっぱスティック”しょうゆ豆”		83	1.7	6.8	4.0	0.8
クイーンルージュ 🄬 ＆シャインマスカット食べ比べ～バニラアイス添え～		64	1.0	2.6	9.7	0.1
クイーンルージュ 🄬 ＆シャインマスカット 紅茶のパフェ～醤油キャラメルアイス～		245	3.9	9.6	36.5	0.3
クイーンルージュ 🄬 ＆シャインマスカットのソース味わうクリームケーキ		165	1.4	6.6	25.7	0.1
鯛スープの海鮮 辛ラーメン		231	6.6	7.1	35.4	3.4
鯛スープの海鮮 辛ラーメン～まろやか温玉添え～		315	13.5	12.8	35.7	3.7
鯛スープの海鮮 辛ラーメン～辛ラーメンおすすめ！味変プレート～		272	9.3	9.5	37.3	3.6
辛ラーメン専用 追いシャリ		132	4.4	2.3	23.2	0.9
追いチーズ		30	2.6	2.0	0.4	0.1
李朝園 刻みキムチマヨ軍艦		109	1.5	5.0	14.3	0.9
李朝園 ごま油香るキムチえんがわ軍艦		89	3.1	2.1	14.3	0.9
李朝園 刻みキムチ&納豆小鉢		50	2.7	2.5	4.2	1.0
海鮮チヂミにぎり～李朝園のタレ使用～		61	1.3	3.6	5.9	0.3
海鮮チヂミ（3枚）～李朝園のタレ使用～		158	3.8	7.5	18.8	1.1
李朝園監修 まろやか辛！とり唐揚げ～ロゼソース～		305	10.8	21.5	17.2	1.3
李朝園監修 まろやか辛！フライドポテト～ロゼソース～		202	3.3	11.6	19.9	1.2
旨辛カンジャンセウ（海老の醤油漬け）寿司		42	0.7	1.5	6.4	0.5
期間限定！韓国フェアプレート		337	13.1	13.7	39.7	3.8
刻みえんがわ軍艦		89	4.6	2.0	12.9	0.5
漬け赤えび炙り		40	3.5	0.1	6.0	0.5
釜たま風うどん		269	10.6	11.2	29.0	1.1
温玉＆海苔		84	6.9	5.7	0.3	0.2
李朝園 キムチ海鮮たたき軍艦		95	6.0	1.7	14.3	0.9
柚子とろろ ぶっかけうどん		225	5.2	2.1	43.9	1.5
海鮮たたき細巻		165	7.4	2.3	28.9	1.0
海鮮たたき中巻		151	9.1	2.6	22.9	0.8
大ぶりとろサーモン塩炙り		46	2.9	1.3	5.7	0.5
大ぶりとろサーモン		46	2.9	1.3	5.6	0.2
かぼちゃ天～天つゆ付き～		82	1.8	4.0	10.1	1.4
やみつき香味ねぎオニオン（トッピング）		38	0.7	2.3	3.5	0.4
蟹ほぐし身&蟹みそ軍艦		80	3.7	0.6	15.6	0.7
本ずわい蟹にぎり		37	2.8	0.1	5.8	0.3
えだまめ揚げ		156	6.0	12.1	5.5	0.9
かっぱの丼ふりポテト サワークリーム＆オニオン		516	5.2	31.4	49.8	3.0
モンスターエナジー(カフェインゼロ)		125	0.0	0.0	32.5	0.0
ノンアル モンスターピーチウーロン		50	0.2	0.0	12.6	0.0
さかなの竜田揚げ＆オニオン		174	13.0	8.4	11.2	1.2
ふりふりパウダー サワークリーム＆オニオン		8	0.4	0.1	1.5	1.0
バニラアイス～北海道産あずき～		146	3.1	4.8	22.6	0.1
ちょこっとかき氷～ミルク金時～		68	1.8	0.4	14.3	0.0
チョコレートムース～ストロベリーソース～		189	2.4	11.8	19.0	0.1
濃厚鶏白湯ラーメン～蒸し鶏と銀座篝特製えび醤のせ～		387	18.1	19.6	35.4	3.6
濃厚鶏白湯ラーメン～蒸し鶏のせ～		347	16.8	15.9	34.8	3.4
濃厚鶏白湯ラーメン		342	13.8	16.6	34.8	3.3
追いベジタブル～銀座篝特製えび醤のせ～		39	1.9	2.8	2.2	0.2
蒸し鶏のバンバンジー風		64	6.7	2.7	3.6	0.9
追いシャリ～銀座篝特製えび醤のせ～		133	3.1	2.9	23.3	1.0
真夏のいちご雪だるま～お絵描きチョコペンつき～		157	1.3	8.2	19.9	0.1
キャンディーグリッター		12	0.0	0.1	2.9	0.0
海鮮野菜かき揚げにぎり		86	1.4	5.0	8.8	0.3
北海道産 ほたて（2貫）		70	4.7	0.2	12.0	0.5
大とろ塩炙り 柚子のせ		64	2.9	3.4	5.6	0.5
フライドポテト～夏のとまとガーリック旨辛ソース～		279	2.7	17.8	25.5	1.6
モリモリとろネバプレート		256	13.8	7.4	34.1	1.6
大判牛カルビ炙り食べ比べ		212	5.4	15.8	13.1	0.6
てんこ盛り海鮮マウンテン		201	11.1	4.4	29.3	1.4
海鮮野菜かき揚げ&大えび天入りうどん(東）		327	9.2	13.5	40.4	3.0
海鮮野菜かき揚げ&大えび天入りうどん(西）		338	11.6	13.9	39.9	2.8
大とろ		64	2.9	3.4	5.6	0.2
贅沢 とろぶつ軍艦		63	2.7	3.0	6.5	0.2
贅沢まぐろ 至福の三種盛り		172	10.1	7.3	16.9	0.6
かっぱの極みごち寿司		305	20.5	8.6	36.0	1.9
夏の旨辛スタミナプレート		270	12.1	9.4	34.6	2.1
まぜまぜシェイク 青空みるく		264	2.9	8.6	43.1	0.1
かっぱのシャリドーナツ きなこ（2個）		110	1.5	3.5	18.0	0.4
かっぱのシャリドーナツ ココア（2個）		114	1.4	3.5	18.7	0.4
ピスタチオアイス		94	1.6	4.2	12.5	0.1
A（コク旨醤油ラーメン・えび天巻・ちょこっと唐揚げ＆ポテト）		776	19.5	39.5	85.9	7.4
B（えび天うどん・茶碗蒸し・いなり・プレミアムプリン）		596	22.3	22.2	75.2	5.7
C（えび天うどん・茶碗蒸し・いなり）		432	18.0	13.0	59.2	5.6
D（贅沢9種の海鮮丼・あさりの味噌汁）		546	36.9	10.0	75.4	6.0
国産炭焼きかつおたたき 香味野菜仕立て		82	7.3	0.3	12.4	0.4
甘海老マヨかっぱ軍艦		128	3.5	6.8	12.8	0.7
海鮮たたきザク旨ラー油 かっぱ軍艦		132	5.9	6.0	13.6	0.6
サーモン～夏のトマトガーリック～		86	4.2	2.2	12.3	0.6
生えび～夏のトマトガーリック～		64	3.0	0.3	12.4	0.6
生ハム～夏のトマトガーリック～		76	4.0	0.8	13.0	1.0
夏のトマトガーリック3貫食べ比べ		114	5.6	1.7	19.0	1.1
ごちそうハンバーグにぎり～夏のトマトガーリック～		134	5.0	5.7	15.0	0.9
キス天にぎり		78	3.4	2.8	9.7	0.4
茄子の揚げびたし(東日本）		81	1.3	2.7	13.2	0.8
茄子の揚げびたし（西日本）		82	1.4	2.7	13.1	0.9
茄子の揚げびたし～とろろのせ～(東日本)		85	1.4	2.7	13.9	0.8
茄子の揚げびたし～とろろのせ～(西日本)		85	1.5	2.7	13.8	0.9
茄子天盛り ～天つゆつき～		140	2.5	7.7	15.7	1.6
夏のトマトガーリックとり唐揚げ		261	9.2	18.9	13.7	1.1
贅沢9種の海鮮丼	夏季節定番	444	22.3	8.2	69.4	3.2
贅沢9種の海鮮丼～舎利1.5倍～		594	25.0	8.4	103.2	4.4
ちょこっと氷つゆそうめん		67	1.7	0.4	14.3	0.4
カニカマきゅうりコーン小鉢		183	2.3	17.6	4.2	0.8
たらこマヨ オニオンスライス		83	2.1	6.7	3.9	0.8
蒸しあさり かつお出汁仕立て		76	12.9	1.4	2.1	1.0
ジューシー白桃杏仁豆腐		175	2.8	9.4	19.9	0.1
ちょこっとブルーハワイかき氷		27	0.0	0.0	6.8	0.0
いちご&白桃の杏仁デザート		299	4.1	17.1	33.0	0.2
ちょこっといちごかき氷		34	0.3	0.3	7.6	0.0
ちょこっと白桃かき氷		25	0.1	0.0	6.2	0.0
いちごかき氷＆バニラアイス		146	1.8	5.0	23.4	0.1
白桃かき氷＆バニラアイス		137	1.7	4.7	22.5	0.1
ブルーハワイかき氷＆バニラアイス		143	1.6	4.7	23.6	0.1
かっぱのシャリドーナツ～ハニーココナッツ～		119	1.4	4.5	18.4	0.3
３種のまぐろ丼		603	31.8	13.6	87.7	3.5
サーモンいくら丼		595	27.2	14.0	90.0	4.1
まぐろ丼		552	38.5	4.0	87.8	3.7
上煮穴子丼		596	20.7	15.7	91.1	4.6
大漁！海鮮丼		554	28.5	11.4	83.9	3.7
贅沢上まぐろ丼		644	30.5	20.1	86.3	3.7
贅沢いくらちらし		509	27.8	11.2	73.1	3.4
まぐろ鉄火ちらし		432	27.9	4.4	67.9	2.9
いくらサーモンちらし		508	27.4	12.7	70.8	3.0
9種具材の海鮮ばらちらし		418	19.7	7.3	67.8	2.9
贅沢9種の海鮮丼	テイクアウト	437	22.2	7.7	69.5	3.3
夏のごちそうごちそうオードブル（2～3人前）		2352	57.4	164.7	154.0	9.9
TOコク旨醤油ラーメン		338	9.2	14.9	42.1	5.2
TO鯛スープの塩ラーメン		277	7.4	8.0	43.1	4.2
醤油漬け風焼きサーモン		47	1.9	1.3	6.7	0.3
3種のサーモン食べ比べ		136	7.1	3.8	18.0	0.7
サーモンのトリュフマヨのせ		128	4.1	7.3	11.5	0.5
海老のトリュフマヨのせ		111	4.7	5.4	11.5	0.6
合鴨ロースのトリュフマヨのせ		129	3.9	7.4	11.6	0.9
3種のトリュフマヨ寿司食べ比べ		184	6.4	10.1	17.3	1.0
天然メアジ		67	4.2	0.5	11.4	0.6
天然メアジ 塩炙り		67	4.2	0.5	11.3	1.1
まいたけ天にぎり		108	2.0	3.8	17.0	0.6
合鴨ロース		81	3.8	2.2	11.3	0.8
合鴨ロースオニオンマヨ		114	4.0	5.4	12.2	0.8
月見牛肉いなり		126	4.5	6.7	12.2	0.5
3種の貝食べ比べ	秋季節定番	102	6.2	0.3	18.2	0.9
まいたけとかつお出汁餡の茶碗蒸し		66	6.9	3.6	2.5	1.9
贅沢いくらの茶碗蒸し		92	9.4	4.8	2.8	2.1
季節の天ぷら盛り合わせ“秋”～天つゆ付き～		293	12.1	16.3	25.0	2.0
贅沢大えび天入りうどん“秋”(東日本)		325	12.0	10.4	44.5	3.1
贅沢大えび天入りうどん“秋”(西日本)		336	14.4	10.8	44.1	3.0
フライドポテト～トリュフマヨ添え～		345	2.5	26.1	23.5	1.3
トリュフマヨ		103	0.2	11.2	0.5	0.2
合鴨ロースサラダ		147	7.3	11.9	2.5	1.6
かっぱの海鮮旨出汁おでん盛り合わせ		99	8.4	3.7	8.1	3.2
紅茶ゼリー～バニラアイス添え～		88	2.0	2.6	13.7	0.1
紅茶ゼリー～ホイップ添え～		90	1.5	4.3	10.8	0.1
かっぱのしゃりドーナツ キャラメルシナモン(2個)		118	1.7	4.0	18.7	0.4
醤油キャラメルアイス		85	1.8	3.8	10.9	0.1
秋色プレミアムプリンパフェ 醤油キャラメルアイス仕立て		310	5.5	15.7	37.1	0.3
ベイクドチーズケーキ 醤油キャラメルアイスのせ		266	5.0	15.1	27.2	0.5
バニラアイス～ジューシー白桃ソース～		113	1.7	4.7	16.3	0.1
あったかクリームの“ふわもちみたらし団子” バニラアイスのせ		334	3.5	10.3	57.4	1.0
秋のごちそうオードブル（2～3人前）		2267	57.2	160.9	142.5	9.7
贅沢うに三昧	ごち寿司	104	4.8	1.3	17.8	0.7
とろ三昧～みなみ鮪中とろ使用～		165	5.7	7.8	16.9	0.9
贅沢軍艦三昧		152	7.6	4.6	20.3	0.8
香ばし炙りおにぎり～昆布～		165	3.4	1.8	34.2	1.9
香ばし炙りおにぎり～昆布～＆玉ねぎと油揚げの味噌汁セット		224	6.5	4.0	40.6	4.0
香ばし炙りおにぎり		148	3.1	1.3	31.2	1.3
香ばし炙りおにぎり 玉ねぎと油揚げの味噌汁セット		207	6.2	3.5	37.5	3.4
香ばし炙りおにぎり～店内仕込！まぐろのツナ～		203	5.2	6.4	31.9	1.5
香ばし炙りおにぎり～店内仕込！まぐろのツナ～＆玉ねぎと油揚げの味噌汁セット		262	8.4	8.5	38.3	3.6
香ばし炙りおにぎり～たらこのせ～		159	3.8	1.9	32.0	1.7
香ばし炙りおにぎり～たらこのせ～ &玉ねぎと油揚げの味噌汁セット		218	6.9	4.1	38.4	3.8
サーモン		80	4.0	2.1	11.3	0.4
まぐろ		71	5.8	0.2	11.3	0.4
えび		63	4.6	0.2	11.3	0.5
びん長まぐろ		74	6.1	0.2	11.3	0.4
天然むらさきいか		59	2.7	0.2	11.3	0.4
ねぎとろにぎり		81	4.5	1.7	11.6	0.6
サラダにぎり		121	3.1	6.5	12.2	0.9
玉子		110	4.8	2.9	15.6	0.7
本気シャリ（３貫）		75	1.4	0.1	16.9	0.6
あかいかゲソ（大葉）		58	2.6	0.2	11.3	0.5
てりやきハンバーグ		121	4.4	4.7	15.0	1.2
てりやきハンバーグマヨ		165	4.5	9.5	15.1	1.3
まぐろ二種盛り（まぐろ・びんちょう）		72	5.9	0.2	11.3	0.4
まぐろ・サーモン二種盛り		76	4.9	1.2	11.3	0.4
まぐろ・いか二種盛り		65	4.2	0.2	11.3	0.4
まぐろ・えび二種盛り		67	5.2	0.2	11.3	0.5
とろ〆さば		90	3.6	3.2	11.5	0.6
さくさくイカ天にぎりマヨ		144	4.3	6.7	16.0	0.7
えび天にぎりマヨ		161	3.3	9.4	15.5	0.9
さくさくイカ天にぎり		114	4.3	3.5	16.0	0.6
えび天にぎり		102	3.1	2.9	15.5	0.8
オニオンサーモン		83	4.1	2.1	12.1	0.4
オニオンサーモンマヨ		113	4.2	5.4	12.2	0.5
サーモンマヨ炙り		110	4.1	5.4	11.3	0.5
サーモンマヨペッパー炙り		110	4.1	5.4	11.3	0.5
ステーキ風まぐろ 焦がし醤油		74	5.9	0.2	11.9	0.6
えびマヨ炙り		93	4.7	3.4	11.3	0.6
えびマヨペッパー炙り		93	4.7	3.4	11.3	0.6
浜焼き風 えび		95	4.8	3.4	11.9	0.8
浜焼き風 あかいかゲソ		90	2.7	3.4	11.9	0.7
感動コーンかっぱ軍艦		129	1.7	6.4	16.6	0.6
サラダ感動コーン軍艦		118	2.5	5.4	15.3	0.7
なっとう軍艦		75	2.7	1.0	13.9	0.6
卵黄ねぎとろ軍艦		97	4.5	2.8	13.2	0.6
卵黄とろろ軍艦		86	2.4	1.8	15.1	0.5
ねぎとろ軍艦		85	4.4	1.6	13.1	0.7
卵黄納豆軍艦		95	3.6	2.6	14.1	0.6
サラダ軍艦		90	2.2	3.0	13.4	0.7
かにカマサラダ軍艦		138	2.7	7.7	14.5	0.9
感動コーン		86	1.5	2.5	14.8	0.5
たらこ軍艦		68	2.3	0.3	14.0	1.0
ねぎとろ納豆		92	4.7	1.9	14.0	0.7
サラダ納豆軍艦		107	3.7	3.9	14.4	0.8
サラたく軍艦		104	2.6	4.2	14.0	1.1
オクラいかめかぶ軍艦		65	1.9	0.2	14.1	0.5
オクラいかめかぶ納豆軍艦		79	3.0	1.1	14.4	0.6
たらこマヨ軍艦		112	2.4	5.2	14.1	1.1
まぐたく軍艦		79	3.6	1.2	13.5	0.9
かにカマサラダかっぱ軍艦		152	2.6	9.3	14.3	0.9
かにみそ		71	1.9	0.5	14.7	0.6
かにみそマヨ		114	2.0	5.4	14.6	0.7
海鮮たたき軍艦		89	5.8	1.6	13.0	0.5
とびこ軍艦		67	2.3	0.3	13.6	0.8
海鮮たたきザク旨ラー油軍艦		115	5.6	4.3	13.8	0.6
海鮮たたきザク旨ラー油マヨ軍艦		149	4.3	8.6	13.8	0.7
いくら		79	3.5	1.2	13.6	0.6
特盛いくら		46	4.7	2.1	2.0	0.2
釜揚げしらす包み		38	2.5	0.2	7.0	0.4
贅沢いくら三昧		180	11.9	5.0	21.9	1.1
贅沢うに三昧	定番メニュー	194	10.2	2.7	32.9	1.0
浜焼き風 玉子		142	4.9	6.1	16.2	1.0
ねぎとろザク旨ラー油にぎり		95	4.6	3.1	11.9	0.7
サラダザク旨ラー油にぎり		135	3.2	7.9	12.7	0.9
小なす浅漬けにぎり		64	1.4	0.1	14.0	1.5
〆いわし		82	4.7	1.9	11.5	0.6
活〆寒ぶり・サーモン二種盛り		89	4.6	2.9	11.3	0.4
活〆寒ぶり・いか二種盛り		78	3.9	1.9	11.3	0.4
活〆寒ぶり・えび二種盛り		80	4.9	1.9	11.3	0.4
とろ〆さば炙り		90	3.6	3.2	11.5	0.6
煮穴子		72	2.7	1.4	12.0	0.5
大切りまぐろ		82	8.2	0.2	11.3	0.4
大切りサーモン		95	5.6	3.2	11.3	0.4
生たこ		59	2.9	0.2	11.3	0.5
活〆寒ぶりはらみ		60	3.6	2.6	5.7	0.2
上煮穴子ハーフ		58	2.9	2.2	6.5	0.3
〆いわし塩炙り		83	4.7	1.9	11.7	1.2
ほたて		45	4.2	0.1	6.4	0.3
大切りまぐろ食べ比べ		85	8.3	0.2	11.9	0.6
大切りサーモン食べ比べ		97	5.6	3.2	11.3	0.7
アボカドサーモン		128	4.3	6.7	13.1	0.5
アボカドえび		111	4.9	4.8	13.1	0.6
赤えび		38	3.4	0.1	5.6	0.3
生えび		59	2.9	0.2	11.3	0.4
とろサーモン		88	4.1	2.7	11.3	0.4
えんがわ		62	3.3	0.2	11.3	0.4
活〆寒ぶり(二貫)		98	5.1	3.6	11.3	0.4
国産炭焼きかつおたたき(二貫)		77	7.1	0.2	11.5	0.4
活〆真鯛 (二貫)		71	4.3	1.0	11.3	0.4
活〆寒ぶり・えんがわ二種盛り		80	4.2	1.9	11.3	0.4
活〆寒ぶりはらみ塩炙り		62	3.6	2.7	5.7	0.5
活〆はまち焦がし醬油炙り		105	5.3	3.6	11.9	0.6
ごちそうハンバーグにぎり～ケチャップのせ～		107	4.6	5.5	9.1	0.6
角切り野菜ミックス		22	0.4	0.1	4.8	0.2
野菜入りチキンライス		39	1.1	0.4	7.8	0.2
おこさまうどん（東日本）		172	5.7	1.9	31.4	2.7
おこさまうどん（西日本）		197	9.9	2.5	32.0	3.8
おこさまプレート		178	9.6	2.7	28.5	1.0
おこさまポテトプレート		264	2.3	14.9	30.1	1.0
おこさまパンケーキ		118	1.4	5.3	16.3	0.2
おこさまカレーとハンバーグセット		418	9.4	17.7	54.5	2.7
おこさまにぎりとハンバーグセット		382	13.5	16.0	45.4	2.0
きゅうり醤油ドレッシングマヨ		81	0.9	7.5	2.7	0.6
きゅうりスライス＆カマサラダ小鉢		83	1.7	7.6	2.1	0.5
枝豆（60g）		95	7.8	4.6	6.4	0.5
だし巻き玉子		86	4.0	5.8	4.0	0.6
温かいだし巻き玉子		86	4.0	5.8	4.0	0.6
玉ねぎ天盛り		146	2.5	11.9	22.8	0.6
小なす浅漬け盛り		20	0.7	0.0	4.1	1.6
茶碗蒸し		61	6.3	3.4	1.4	1.6
かつお出汁入りあんかけ茶碗蒸し		63	6.3	3.4	1.4	1.6
玉ねぎと油揚げの味噌汁		59	3.1	2.2	6.4	2.1
玉ねぎと油揚げの赤だし		57	3.0	2.2	6.0	2.1
あおさの味噌汁		39	2.2	0.9	5.5	2.3
あおさの赤だし		36	2.0	0.9	5.0	2.3
あさりの味噌汁		109	14.7	2.3	5.9	2.7
あさりの赤だし		107	14.5	2.3	5.5	2.8
ちょこっとフライドポテト＆二段仕込の醤油とり唐揚げ		274	5.8	18.3	21.3	1.0
二段仕込の醤油とり唐揚げ		373	13.3	28.2	16.7	1.1
特盛 二段仕込の醤油とり唐揚げ		629	22.3	47.1	29.4	1.8
特盛 二段仕込の醤油とり唐揚げマヨ		739	22.6	59.2	29.4	2.1
ちょこっとフライドポテト		145	1.4	8.9	13.8	0.6
つぶ貝		61	3.2	0.1	11.5	0.5
赤貝		58	2.3	0.1	11.6	0.5
牛カルビ炙り		105	2.9	4.6	12.0	0.5
肉厚とろ〆さばの押し寿司		172	6.8	8.5	16.7	1.2
とろサーモン塩炙り		88	4.1	2.7	11.3	1.0
赤えび塩炙り		38	3.4	0.1	5.6	0.6
大切り蝦夷あわび		40	3.0	0.1	6.4	0.4
みなみ鮪中とろ		67	3.1	3.7	5.6	0.2
みなみ鮪中とろ塩炙り		67	3.1	3.7	5.6	0.5
上煮穴子一本		90	5.3	4.3	7.4	0.4
えんがわ二枚重ね		73	5.6	0.4	11.3	0.5
活〆真鯛塩炙り（二貫）		73	4.3	1.1	11.7	1.0
炭焼きかつおたたき塩炙り		78	7.1	0.2	11.7	1.0
うなぎ炙り		48	2.3	1.7	5.9	0.3
甘海老にぎり		70	4.9	0.4	11.3	0.6
3種の海鮮天ぷら食べ比べ		202	8.4	6.8	26.2	1.0
3種の貝食べ比べ		87	3.7	0.2	17.3	0.7
3種の直火炙り食べ比べ		132	10.5	1.8	18.0	2.9
いなり		177	5.7	6.3	24.1	1.1
ごま大葉いなり		186	6.0	7.0	24.4	1.1
大えび天包み		91	4.5	3.1	11.6	0.4
大えび天包みマヨ		106	4.6	4.8	11.6	0.5
甘海老包み		41	3.1	0.3	7.0	0.3
なっとう巻		157	5.7	1.7	30.9	1.2
かっぱ巻		133	3.7	0.4	29.9	1.0
干ぴょう巻		154	3.6	0.5	34.9	1.2
えび天巻		169	4.4	6.2	24.1	1.1
ねぎとろ巻		157	6.5	1.7	29.9	1.2
鉄火巻		152	8.4	0.4	29.5	1.0
フライドポテト		315	3.0	19.4	29.9	1.0
特盛 フライドポテト～ケチャップ添え～		525	5.3	31.3	52.4	2.2
とろ～り大玉揚げたこ焼き（2個）		197	2.7	13.9	15.2	1.1
特盛 とろ～り大玉揚げたこ焼き（5個）		479	6.6	33.2	38.4	2.6
水餃子～ザク旨ラー油添え～		182	5.2	9.5	18.9	0.9
甘ガリ天盛り		98	1.1	5.9	10.0	1.0
かけうどん（東日本）		160	4.0	1.5	30.6	2.5
かけうどん（西日本）		184	8.2	2.2	31.2	3.6
まぐろ節香るかけうどん（東日本）		150	5.3	0.6	29.4	2.5
まぐろ節香るかけうどん（西日本）		174	9.5	1.2	30.0	3.6
きつねうどん（西日本）		229	10.2	4.7	34.6	3.8
えび天うどん（西日本）		219	10.2	3.9	34.2	3.9
きつねうどん（東日本）		255	8.2	7.2	37.7	3.0
えび天うどん（東日本）		194	6.0	3.3	33.7	2.9
コク旨醤油ラーメン（メンマチャーシュー）		333	9.3	15.0	40.5	5.3
鯛スープの塩ラーメン（メンマチャーシュー）		273	7.4	8.1	41.6	4.3
炙り真鯛の塩ラーメン		262	9.4	6.4	41.1	3.9
鯛スープと国産米粉入りフォー		172	4.6	4.9	26.7	3.9
バニラアイス		88	1.6	4.7	10.0	0.1
ミニゼリー（４個）		61	0.1	0.0	15.2	0.1
さっぱりシューアイス		94	1.8	5.6	8.8	0.1
しっとりクリームケーキ		111	1.2	6.6	11.7	0.1
ベイクドチーズケーキ		165	3.2	11.3	12.4	0.3
チョコレートケーキ		205	2.7	12.9	19.5	0.1
プレミアムプリン		164	4.3	9.2	16.0	0.1
プレミアムホイッププリン		203	4.5	12.5	18.0	0.1
いちごのプレミアムプリンパフェ		329	5.4	16.7	39.6	0.2
コカ・コーラ（缶）		69	0.0	0.0	17.3	0.0
ジンジャーエール（缶）		56	0.0	0.0	14.4	0.0
コーヒーフレッシュ（１個：５ｇ）		10	0.2	1.0	0.2	0.0
スティックシュガー(１本：３ｇ)		12	0.0	0.0	3.0	0.0
ガムシロップ（１個：８ｇ）		2	0.0	0.0	0.5	0.0
がり（客席用1皿あたり）		3	0.0	0.1	0.6	1.1
わさび（小袋：1.5ｇ）		3	0.0	0.1	0.6	0.0
マヨネーズ（15ｇ）		111	0.3	12.1	0.1	0.3
醤油（客席用）（関東）		77	6.7	0.0	12.7	13.2
醤油（客席用）（関西）		101	5.9	0.0	17.3	13.5
醤油（客席用）減塩		91	8.6	0.0	12.1	8.1
七味唐辛子（小袋：0.2ｇ）		1	0.0	0.0	0.1	0.0
すし醤油（小袋：５ｇ）		4	0.3	0.0	0.8	0.7
穴子のタレ（小袋：４ｇ）		8	0.0	0.0	2.0	0.2
舎利玉1貫あたり		25	0.3	0.1	5.7	0.2
舎利玉（ハーフ）１貫あたり		13	0.2	0.0	2.8	0.1
グレープ果汁100％		96	0.2	0.0	23.6	0.0
アップル果汁100％		82	0.2	0.0	20.2	0.0
アイスコーヒー		1	0.0	0.0	0.1	0.0
ホットコーヒー		1	0.0	0.0	0.1	0.0
コカ・コーラゼロ M		0	0.0	0.0	0.0	0.0
コカ・コーラ M		82	0.0	0.0	20.5	0.0
メロンソーダ M		91	0.0	0.0	22.8	0.0
カルピス M		82	0.4	0.0	20.0	0.0
カルピスソーダ M		82	0.4	0.0	20.0	0.0
烏龍茶 M		0	0.0	0.0	0.2	0.0
爽健美茶 M		0	0.0	0.0	0.0	0.0
ジンジャーエール M		65	0.0	0.0	15.8	0.0
ミニッツメイドオレンジ M		84	0.2	0.0	20.9	0.0
ぷるんぷるんQoo りんご		90	0.0	0.0	22.5	0.1
ぷるんぷるんQoo ぶどう		90	0.0	0.0	22.5	0.1
ぷるんぷるんQoo もも		90	0.0	0.0	22.5	0.1
からだすこやか茶W		0	0.0	0.0	5.3	0.1
アサヒスーパードライ生ビール（大）		235	1.1	0	16.8	0.0
プレーンサワー		97	0	0	5.4	0.1
生絞りレモンサワー		112	0.2	0.2	8.8	0.1
芋かのか（ロック）		88	0	0	0	0.0
