オリジナルチキン		218	16.5	12.8	9.1	1.5
にんにく醤油チキン		275	18.8	17.2	11.1	1.5
(超にんにく醤油マヨ)		61	0.2	6.4	0.7	0.4
まるかじりケンタ		134	9.1	7.9	6.9	1.5
レッドホットチキン		247	17.5	15.2	10.1	1.2
グリーンホットウイング		136	7.1	7.9	9.1	1.2
骨なしケンタッキー		191	20.3	8.5	8.3	1.7
カーネルクリスピー		119	6.8	6.6	8.2	0.6
クレイジーディップチキン 4ピース		243	16.8	11.7	17.6	1.2
（オリジナルソース（KFC特製ソース））		85	0.3	7.6	3.5	0.6
（バーベキューソース）		30	0.1	0.4	6.8	0.9
（マスタードソース）		70	0.2	5.8	4.1	0.6
ナゲット 5ピース		222	13.3	13.4	11.8	1.5
（ケチャップ）		11	0.1	0.0	2.6	0.2
ウマウマコブマヨディップソース		94	0.2	9.2	2.1	0.7
とろ～り月見フィレバーガー		441	28.3	20.4	36.2	3.0
とろ～り月見和風カツバーガーこぼれタルタル		506	20.6	25.8	48.3	3.2
とろ～りトリプル月見和風カツバーガーこぼれタルタル		585	27.9	27.4	57.0	4.3
柑橘 鶏竜田バーガー		496	18.6	27.4	43.9	3.3
チキン南蛮フィレバーガー		432	25.6	19.9	37.6	3.0
チキンフィレバーガー		398	24.3	19.7	31.1	2.4
辛口チキンフィレバーガー		384	24.4	17.8	31.9	2.6
チーズチキンフィレバーガー		468	26.8	25.8	32.1	2.9
ダブルチキンフィレバーガー		615	44.6	30.7	40.0	4.2
和風チキンカツバーガー		426	16.0	22.3	40.5	2.0
とろ～り月見ツイスター		398	14.8	19.9	39.9	2.7
ペッパーマヨツイスター		302	10.8	14.8	32.0	1.9
てりやきツイスター		360	11.2	19.1	35.8	2.1
フライドポテトＳ		195	2.6	7.8	28.7	1.2
フライドポテトＬ		390	5.3	15.5	57.4	2.4
フライドポテトＢＯＸ		908	12.3	36.1	133.5	5.6
にんじんオッチャホイフリフリスパイス		6	0.3	0.0	1.2	0.4
コールスローＳ		79	0.9	5.9	5.9	0.5
コールスローＭ		127	1.5	9.5	9.5	0.9
ビスケット		211	3.2	12.5	21.3	1.1
（ハニーメイプル）		30	0.0	0.0	7.0	0.0
おもちと濃厚カスタードの月見パイ		187	2.5	8.7	24.6	0.3
チョコパイ		270	3.1	15.8	29.0	0.3
ちゅる～りぃ（沖縄パインブルー）		196	0.0	0.0	49.8	0.6
ちゅる～りぃ（愛媛県産いよかん）		202	0.0	0.0	51.0	0.6
ペプシコーラ	S	100	0.1	0.0	25.0	0.0
ペプシコーラ	M	132	0.1	0.0	32.7	0.0
ペプシコーラ	L	189	0.2	0.0	47.0	0.0
ジンジャーエール	S	86	0.0	0.0	21.4	0.0
ジンジャーエール	M	112	0.0	0.0	28.1	0.0
ジンジャーエール	L	161	0.0	0.0	40.3	0.0
メロンソーダ	S	101	0.0	0.0	25.3	0.0
メロンソーダ	M	133	0.0	0.0	33.2	0.0
メロンソーダ	L	190	0.0	0.0	47.7	0.0
なっちゃんクリアオレンジ	S	111	0.0	0.1	28.2	0.0
なっちゃんクリアオレンジ	M	145	0.0	0.1	36.9	0.0
なっちゃんクリアオレンジ	L	209	0.0	0.2	53.0	0.0
レモネード／レモネードソーダ	S	114	0.0	0.0	28.5	0.2
レモネード／レモネードソーダ	M	149	0.0	0.0	37.3	0.3
レモネード／レモネードソーダ	L	214	0.0	0.0	53.5	0.4
サントリーウーロン茶	S	0	0.0	0.0	0.0	0.0
サントリーウーロン茶	M	0	0.0	0.0	0.0	0.0
サントリーウーロン茶	L	0	0.0	0.0	0.0	0.0
アイスティー	S	8	0.1	0.0	1.9	0.0
アイスティー	M	10	0.1	0.0	2.4	0.0
アイスティー	L	15	0.2	0.0	3.5	0.0
アイスコーヒー	S	8	0.4	0.0	1.5	0.0
アイスコーヒー	M	11	0.6	0.0	1.9	0.0
アイスコーヒー	L	16	0.8	0.0	2.8	0.0
ホットコーヒー		7	0.4	0.0	1.3	0.0
リプトンホットティー		0	0.0	0.0	0.0	0.0
コーヒーフレッシュ		7	0.1	0.7	0.1	0.0
ガムシロップ		14	0.0	0.0	3.5	0.0
スティックシュガー		12	0.0	0.0	3.0	0.0
