ロースかつ定食		830	26.8	31.8	113.4	2.5
鬼おろしポン酢ロースかつ定食		861	28.1	31.9	120.0	4.2
味噌ロースかつ定食		925	29.3	34.3	127.9	4.6
うまトマロースかつ定食		1036	35.4	44.1	126.7	5.2
チーズうまトマロースかつ定食		1195	43.5	57.4	128.2	6.1
本格唐揚げ定食（5個）		994	36.4	44.7	117.1	4.5
本格唐揚げ定食（8個）		1275	53.4	61.8	133.0	6.1
鬼おろしポン酢本格唐揚げ定食（5個）		887	37.6	30.0	122.5	5.8
鬼おろしポン酢本格唐揚げ定食（8個）		1168	54.6	47.0	138.4	7.4
超厚切りリブロースかつ定食		1181	43.9	58.0	119.7	2.8
超厚切りリブ鬼おろしポン酢ロースかつ定食		1213	45.3	58.1	126.2	4.5
超厚切りリブ味噌ロースかつ定食		1277	46.4	60.5	134.1	4.9
うまトマ超厚切りリブロースかつ定食		1387	52.6	70.3	132.9	5.5
チーズうまトマ超厚切りリブロースかつ定食		1546	60.7	83.6	134.4	6.4
“肉厚”チキン“むね”かつ定食		1048	48.5	43.6	121.4	3.6
アジフライ（2枚）定食		925	29.4	38.9	119.9	3.9
カキフライ（5個）定食		894	16.9	39.6	121.5	3.6
たっぷりカキフライ（7個）定食		1071	20.3	52.5	133.3	4.1
たっぷりねぎと味噌ダレの超厚切りリブロースかつ定食		1394	49.6	60.1	161.4	6.4
背脂生姜タレの"リブ"ロースポークフライドステーキ定食		1325	45.6	77.0	111.2	6.9
チキンかつ定食		873	30.5	35.2	113.4	2.6
鬼おろしポン酢チキンかつ定食		905	31.9	35.3	120.0	4.3
味噌チキンかつ定食		969	33.0	37.7	127.9	4.7
ロースかつ&本格唐揚げ定食		1249	43.9	63.7	130.5	4.4
ダブルロースかつ定食		1272	45.6	62.2	137.4	3.4
ダブル鬼おろしポン酢ロースかつ定食		1303	47.0	62.2	143.9	5.0
ダブル味噌ロースかつ定食		1367	48.1	64.7	151.9	5.5
ロースかつ&海老フライ（1尾）定食		1071	32.7	51.8	123.2	3.6
ロースかつ&海老フライ（2尾）定食		1247	38.1	65.7	130.5	3.9
ロースかつ＆有頭大海老フライ（1尾）定食		1149	37.2	56.5	127.5	3.7
ロースかつ＆有頭大海老フライ（2尾）定食		1402	47.0	75.1	139.2	4.1
超厚切りリブロースかつ＆海老フライ1尾定食		1423	49.9	78.0	129.4	3.9
超厚切りリブロースかつ＆海老フライ2尾定食		1599	55.3	91.9	136.7	4.2
超厚切りリブロースかつ＆本格唐揚げ定食		1601	61.1	89.9	136.7	4.7
“肉厚”チキン“むね”かつ＆ロースかつ定食		1490	67.4	74.0	145.3	4.5
“肉厚”チキン“むね”かつ＆唐揚げ（3個）定食		1329	65.5	60.7	137.3	5.1
“肉厚”チキン“むね”かつ＆海老フライ（1尾）定食		1289	54.5	63.6	131.1	4.7
“肉厚”チキン“むね”かつ＆海老フライ（2尾）定食		1465	59.9	77.5	138.4	5.0
ロースかつ＆アジフライ（1枚）定食		1131	37.8	53.5	129.8	4.0
超厚切りリブロースかつ＆アジフライ（1枚）定食		1483	55.0	79.8	136.0	4.4
ロースかつ＆カキフライ（2個）定食		1072	30.7	50.7	127.7	3.8
超厚切りリブロースかつ＆カキフライ（2個）定食		1423	47.9	76.9	133.9	4.1
海鮮盛合せ定食（カキ2個・アジ1枚・海老1尾）		1042	27.7	49.9	125.1	4.0
背脂生姜タレのダブルロースポークフライドステーキ		1301	45.6	77.0	111.2	6.9
背脂生姜タレのロースポークフライドステーキ＆ロースかつ定食		1356	45.7	77.0	124.9	5.3
背脂生姜タレのロースポークフライドステーキ＆本格唐揚げ（3個）定食		1195	43.9	63.7	116.8	6.0
ロースかつ丼 並盛		1011	39.8	41.4	120.2	5.5
ロースかつ丼 大盛		1190	43.3	41.7	161.3	6.9
味噌ロースかつ丼 並盛		913	28.5	34.2	124.8	4.6
味噌ロースかつ丼 大盛		1069	31.0	34.5	161.9	4.6
超厚切りリブロースかつ丼 並盛		1362	56.9	67.6	126.4	5.8
超厚切りリブロースかつ丼 大盛		1541	60.5	67.9	167.5	7.2
ロースと野菜の合い盛りタレかつ丼		851	20.7	27.7	132.2	5.1
ロースと野菜の合い盛りタレかつ丼（ライス大盛）		1007	23.2	28.0	169.3	5.1
ロースと野菜の合い盛りタレかつ丼 トッピング鬼おろし		861	21.0	27.7	134.5	5.4
ロースと野菜の合い盛りタレかつ丼 トッピング鬼おろし（ライス大盛）		1017	23.5	28.0	171.6	5.4
ロースと野菜の合い盛りタレかつ丼 トッピング半熟玉子		928	26.7	32.6	133.6	5.5
ロースと野菜の合い盛りタレかつ丼 トッピング半熟玉子（ライス大盛）		1084	29.2	32.9	170.7	5.5
カキフライとじ丼 並盛		922	27.7	36.7	120.0	5.6
カキフライとじ丼 大盛		1100	31.3	37.0	161.1	7.0
玉子かけごはん定食		445	13.1	6.2	85.9	1.8
玉子丼 並盛		572	21.1	11.1	96.9	4.6
玉子丼 大盛		750	24.7	11.4	138.0	6.0
得朝ロースかつ定食		872	27.3	34.6	116.9	2.7
得朝ソーセージエッグ定食		676	23.5	23.3	94.0	2.7
得朝アジフライ定食		656	18.8	18.8	107.1	2.6
＜選べる小鉢＞コロッケ		157	2.2	10.3	13.9	0.4
＜選べる小鉢＞納豆（別添の青ネギ含む）		80	6.4	3.9	6.4	0.6
＜選べる小鉢＞冷奴		85	7.1	4.4	4.4	0.0
＜選べる小鉢＞お新香		17	0.2	0.0	3.8	0.9
お子様プレート		814	18.5	29.3	123.7	1.6
ロースかつ（1枚）		442	18.9	30.3	23.9	0.9
うまトマロースかつ		648	27.5	42.6	37.2	3.6
チーズうまトマロースかつ		807	35.6	55.9	38.7	4.5
本格唐揚げ（1個）		94	5.7	5.7	5.3	0.5
本格唐揚げ（3個）		281	17.0	17.0	15.9	1.5
本格唐揚げ（5個）		468	28.4	28.4	26.5	2.6
本格唐揚げ（8個）		749	45.4	45.4	42.3	4.1
海老フライ（1尾）（タルタルソース除く）		176	5.4	13.9	7.3	0.3
コロッケ（1個）		157	2.2	10.3	13.9	0.4
ポテトフライ		329	3.5	15.8	40.9	0.9
ハーフポテトフライ		165	1.7	7.9	20.4	0.4
皮付きポテトフライ		331	4.4	17.4	42.7	0.7
ハーフ皮付きポテトフライ		165	2.2	8.7	21.3	0.3
超厚切りリブロースかつ（1枚）		793	36.0	56.6	30.2	1.2
うまトマ超厚切りリブロースかつ（1枚）		1000	44.7	68.8	43.4	3.9
チーズうまトマ超厚切りリブロースかつ（1枚）		1159	52.8	82.2	44.9	4.8
“肉厚”チキン“むね”かつ（1枚）		577	40.3	33.9	30.0	1.2
アジフライ（1枚）（タルタルソース除く）		236	10.5	15.7	14.0	0.7
カキフライ（2個）（タルタルソース除く）		177	3.4	12.9	11.9	0.5
ロースかつ1枚＋カキフライ2個＋ハーフ皮付きポテトフライ		774	24.3	51.9	54.8	1.4
ロースかつ1枚＋アジフライ1枚＋ハーフ皮付きポテトフライ		833	31.4	54.7	57.0	1.6
アジフライ1枚＋カキフライ2個＋海老フライ1尾＋ハーフ皮付きポテトフライ		744	21.3	51.1	52.2	1.5
ロースかつ1枚＋海老フライ1尾＋ハーフ皮付きポテトフライ		773	26.3	52.9	50.3	1.2
ロースかつ1枚＋本格唐揚げ3個＋ハーフ皮付きポテトフライ		878	37.9	56.1	58.9	2.4
（倍盛）ロースかつ2枚＋海老フライ2尾＋ハーフ皮付きポテトフライ		1392	50.6	97.2	81.6	2.4
（倍盛）ロースかつ2枚＋本格唐揚げ6個＋ハーフ皮付きポテトフライ		1601	73.8	103.5	98.7	4.9
タルタルソース		66	0.5	6.0	2.4	0.8
チーズ		159	8.2	13.4	1.5	0.9
ふりかけ(さけ)		11	0.5	0.6	1.1	0.3
ふりかけ(たまご)		11	0.4	0.5	1.2	0.2
マヨネーズ		139	0.1	14.8	1.1	0.4
ガーリックバターソース		83	0.3	8.2	1.9	0.8
生玉子		71	5.8	4.8	0.1	0.2
トッピングポテサラ		92	1.0	5.6	9.2	0.5
ミニポテキャベ		56	1.2	2.9	7.2	0.3
千切りキャベツ		17	1.0	0.2	4.2	0.0
ポテキャベ		109	2.1	5.8	13.3	0.5
ミニキャベツ		11	0.7	0.1	2.6	0.0
トッピングソーセージ（1本）		87	3.5	7.5	0.8	0.5
納豆（別添の青ネギ含む）		80	6.4	3.9	6.4	0.6
冷奴		85	7.1	4.4	4.4	0.0
浅漬けお新香		17	0.2	0.0	3.8	0.9
鬼おろしポン酢		32	1.4	0.1	6.5	1.7
ミニ鬼おろしポン酢		17	0.7	0.0	3.5	0.8
味噌ソース		95	2.5	2.5	14.5	2.1
豚汁		143	7.1	7.1	12.1	3.2
新豚汁		126	8.2	4.9	10.8	3.1
目玉焼き＆ソーセージ		246	15.1	19.0	1.1	0.8
半熟玉子		71	5.8	4.8	0.1	0.2
ライス（小盛）		234	3.8	0.5	55.7	0.0
ライス（並盛）		343	5.5	0.7	81.6	0.0
ライス（大盛）		499	8.0	1.0	118.7	0.0
ライス（特盛）		624	10.0	1.2	148.4	0.0
みそ汁		28	1.4	0.7	3.7	1.6
未来のレモンサワー オリジナル		183	0.0	0.0	19.3	0.3
未来のレモンサワー プレーン		121	0.0	0.0	4.5	0.2
定食ライス並盛→小盛変更の栄養成分増減値		-109	-1.8	-0.2	-26.0	0.0
定食ライス並盛→大盛変更の栄養成分増減値		156	2.5	0.3	37.1	0.0
定食ライス並盛→特盛変更の栄養成分増減値		281	4.5	0.5	66.8	0.0
中濃ソース（20g）		23	0.2	0.0	5.5	1.2
特製ソース（20g）		25	0.3	0.1	5.7	1.0
人参ドレッシング（30g）		58	0.6	4.4	3.8	1.3
松のや ごまドレッシング（30g）		26	0.8	1.2	3.2	1.2
七味唐辛子（0.2g）		1	0.0	0.0	0.1	0.0
醤油（5g）		4	0.4	0.0	0.5	0.7
からし（2g）		3	0.2	0.1	0.3	0.1
【ﾌｫｰﾎﾟｲﾝﾄ横浜】スペシャル和朝食Ａ焼鮭（ドリンク含まず）		1004	46.9	38.9	120.4	6.0
【ﾌｫｰﾎﾟｲﾝﾄ横浜】和朝食Ａ焼鮭		568	25.4	13.9	87.3	3.3
【ﾌｫｰﾎﾟｲﾝﾄ横浜】スペシャル和朝食Bソーセージエッグ（ドリンク含まず）		1113	45.0	48.4	127.0	5.4
【ﾌｫｰﾎﾟｲﾝﾄ横浜】和朝食Bソーセージエッグ		771	31.0	27.7	100.3	2.7
【ﾌｫｰﾎﾟｲﾝﾄ横浜】スペシャル洋朝食Cスクランブルエッグ（ドリンク含まず）		882	31.4	40.9	93.7	3.9
【ﾌｫｰﾎﾟｲﾝﾄ横浜】洋朝食Cスクランブルエッグ		589	24.3	27.4	58.0	2.3
【ﾌｫｰﾎﾟｲﾝﾄ横浜】スペシャル洋朝食Dソーセージエッグ（ドリンク含まず）		872	31.3	39.9	93.5	3.8
【ﾌｫｰﾎﾟｲﾝﾄ横浜】洋朝食Dソーセージエッグ		579	24.2	26.4	57.8	2.3
松のやのとんかつバーガー		986	25.2	68.7	66.8	3.3
