えびフィレオ®		408	11.4	18.6	49.5	2.2
てりやきチキンフィレオ		496	20.1	23.0	52.8	3.2
てりやきマックバーガー		485	14.2	31.3	37.4	2.2
エグチ(エッグチーズバーガー)		390	22.4	19.0	31.2	2.1
エッグマックマフィン®		310	18.6	13.6	27.2	1.5
ソーセージエッグマフィン		477	22.0	30.6	27.3	1.8
ソーセージマフィン		397	15.5	25.1	27.1	1.7
ダブルチーズバーガー		459	26.4	25.1	31.8	2.9
チーズチーズ倍月見		601	34.4	38.0	29.9	3.3
チーズバーガー		310	15.9	13.5	31.0	1.9
チーズ月見		452	23.8	26.3	29.3	2.3
チキチー® (マックチキン® チーズ)		436	16.4	23.6	40.3	2.6
チキンフィレオ®		479	19.9	23.8	47.0	3.0
チキンマックマフィン		401	15.1	20.8	38.4	2.0
ハンバーガー		259	13.0	9.5	30.3	1.4
バターパット		60	0.0	6.6	0.0	0.1
ビッグマック®		524	26.1	28.0	42.0	2.7
フィレオフィッシュ®		338	15.1	14.2	37.4	1.6
ベーコンエッグマックサンド		294	16.3	12.6	27.9	1.5
ベーコンレタスバーガー		362	17.5	19.4	30.1	2.2
ホットケーキ		323	8.3	9.3	53.5	1.4
ホットケーキシロップ		121	0.0	0.0	30.3	0.0
マックグリドル® ソーセージ		414	10.5	23.4	40.4	2.4
マックグリドル® ソーセージエッグ		545	19.8	32.9	41.3	3.0
マックグリドル® ベーコンエッグ		382	15.6	16.7	41.3	2.6
マックチキン®		386	13.5	19.6	39.5	2.1
マックポーク®		409	14.8	23.8	34.2	2.0
メガマフィン		693	30.0	49.3	31.2	3.1
月見バーガー		401	21.0	22.3	28.5	1.8
月見マフィン		501	21.0	33.3	28.0	2.0
倍えびフィレオ		582	17.5	26.7	68.7	3.1
倍てりやきチキンフィレオ		769	35.0	36.4	76.3	5.4
倍てりやきマックバーガー		747	23.3	52.9	45.4	3.4
倍エグチ(倍エッグチーズバーガー)		489	29.9	26.6	31.2	2.5
倍ダブルチーズバーガー		657	41.6	40.3	31.8	3.8
倍チーズバーガー		409	23.5	21.1	31.0	2.4
倍チキチー(倍マックチキン チーズ)		599	24.8	33.5	50.4	3.8
倍チキンフィレオ		725	34.6	37.1	63.8	4.7
倍ハンバーガー		358	20.6	17.1	30.3	1.9
倍ビッグマック		722	41.3	43.2	42.0	3.6
倍フィレオフィッシュ		453	23.4	19.1	46.9	2.0
倍ベーコンレタスバーガー		461	25.0	27.0	30.1	2.7
倍マックチキン		549	21.9	29.5	49.7	3.4
倍マックポーク		644	23.7	45.3	35.6	2.7
北海道産じゃがペッパー月見		490	25.3	28.6	32.4	3.0
炙り醤油風 たまごベーコン肉厚ビーフ		517	30.8	27.0	37.3	3.2
炙り醤油風 ダブル肉厚ビーフ		633	38.0	37.1	37.2	3.5
チーズチーズてりやきマックバーガー		586	20.1	39.3	38.7	3.2
チーズチーズダブルチーズバーガー		561	32.4	33.2	33.1	4.0
えだまめコーン		84	5.2	3.2	9.4	0.2
りんご&クリーム		31	0.2	1.5	4.2	0.0
ケチャップ		23	0.4	0.1	5.5	0.5
サイドサラダ		10	0.5	0.1	2.3	0.0
シャカチキ		246	14.7	13.3	16.9	1.7
シャカチキ チェダーチーズ味シーズニング		8	0.3	0.1	1.3	0.4
ソフトツイスト		148	3.9	3.8	24.6	0.2
チキンマックナゲット® 15ピース		786	46.0	47.8	43.2	3.5
チキンマックナゲット® 5ピース		262	15.3	15.9	14.4	1.2
ハッシュポテト		157	1.4	10.2	14.8	0.8
バーベキューソース		33	0.2	0.2	7.6	0.5
プチパンケーキ		161	3.8	4.4	26.4	0.8
プリプリエビプリオ 5ピース		164	5.4	7.2	20.0	1.1
ホットアップルパイ		211	2.1	10.9	26.2	0.6
マスタードソース		43	0.4	2.2	5.4	0.4
マックフライポテト®(L)		517	7.0	25.2	66.0	0.9
マックフライポテト®(M)		410	5.5	20.0	52.4	0.8
マックフライポテト®(S)		225	3.0	11.0	28.7	0.4
マックフルーリー® オレオ® クッキー		235	5.8	6.8	37.9	0.4
マックフルーリー® 超 オレオ® クッキー		355	7.8	10.9	57.1	0.7
マックフルーリー® 明治アーモンドチョコレート		310	7.0	14.4	38.0	0.2
黄金のたまごタルタルソース		87	0.2	8.9	1.4	0.8
北海道産バターとあんことおもちの月見パイ		282	3.5	13.6	36.4	0.6
焙煎胡麻ドレッシング(カロリーハーフ)		27	0.4	1.7	2.5	0.6
Qoo 白ぶどう(L)		192	0.0	0.0	48.9	0.0
Qoo 白ぶどう(M)		149	0.0	0.0	37.9	0.0
Qoo 白ぶどう(S)		96	0.0	0.0	24.4	0.0
Qoo 白ぶどう(ジャンボ)		297	0.0	0.0	75.7	0.1
アールグレイ アイスティー(ストレート)(L)		0	0.0	0.0	0.0	0.0
アールグレイ アイスティー(ストレート)(M)		0	0.0	0.0	0.0	0.0
アールグレイ アイスティー(ストレート)(S)		0	0.0	0.0	0.0	0.0
アールグレイ アイスティー(ミルク)(L)		9	0.2	0.9	0.1	0.0
アールグレイ アイスティー(ミルク)(M)		9	0.2	0.9	0.1	0.0
アールグレイ アイスティー(ミルク)(S)		9	0.2	0.9	0.1	0.0
アールグレイ アイスティー(レモン)(L)		1	0.0	0.0	0.3	0.0
アールグレイ アイスティー(レモン)(M)		1	0.0	0.0	0.3	0.0
アールグレイ アイスティー(レモン)(S)		1	0.0	0.0	0.3	0.0
アイスカフェラテ(M)	一覧の1つ目	103	5.1	5.7	7.6	0.2
アイスカフェラテ(S)		72	3.5	4.0	5.3	0.1
アイスキャラメルラテ(M)	一覧の1つ目	155	5.1	5.8	20.5	0.2
アイスキャラメルラテ(S)		124	3.6	4.0	18.2	0.1
カフェラテ(M)		116	5.7	6.5	8.6	0.2
カフェラテ(S)		82	4.0	4.6	6.0	0.1
ガムシロップ		19	0.0	0.0	4.7	0.0
キャラメルラテ(M)		168	5.8	6.5	21.5	0.2
キャラメルラテ(S)		134	4.1	4.6	18.9	0.1
コーヒーフレッシュ		9	0.2	0.9	0.1	0.0
コカ・コーラ ゼロ(L)		0	0.0	0.0	0.0	0.0
コカ・コーラ ゼロ(M)		0	0.0	0.0	0.0	0.0
コカ・コーラ ゼロ(S)		0	0.0	0.0	0.0	0.0
コカ・コーラ ゼロ(ジャンボ)		0	0.0	0.0	0.0	0.1
コカ・コーラ(L)		188	0.0	0.0	47.2	0.0
コカ・コーラ(M)		145	0.0	0.0	36.5	0.0
コカ・コーラ(S)		94	0.0	0.0	23.5	0.0
コカ・コーラ(ジャンボ)		291	0.0	0.0	73.0	0.0
サントリー黒烏龍茶#濃いめ		5	0.0	0.0	1.0	0.1
シュガー		12	0.0	0.0	3.0	0.0
スプライト(L)		166	0.0	0.0	41.5	0.1
スプライト(M)		128	0.0	0.0	32.1	0.1
スプライト(S)		83	0.0	0.0	20.7	0.0
スプライト(ジャンボ)		257	0.0	0.0	64.2	0.1
ファンタ グレープ(L)		212	0.0	0.0	52.9	0.0
ファンタ グレープ(M)		164	0.0	0.0	40.9	0.0
ファンタ グレープ(S)		106	0.0	0.0	26.5	0.0
ファンタ グレープ(ジャンボ)		328	0.0	0.0	82.0	0.0
ファンタ メロン(L)		212	0.0	0.0	52.9	0.0
ファンタ メロン(M)		164	0.0	0.0	40.9	0.0
ファンタ メロン(S)		106	0.0	0.0	26.5	0.0
ファンタ メロン(ジャンボ)		328	0.0	0.0	82.0	0.0
プレミアムローストアイスコーヒー(L)		12	0.6	0.0	2.1	0.0
プレミアムローストアイスコーヒー(M)		9	0.5	0.0	1.6	0.0
プレミアムローストアイスコーヒー(S)		6	0.3	0.0	1.1	0.0
プレミアムローストアイスコーヒー(S) (10円)募金付き		6	0.3	0.0	1.1	0.0
プレミアムローストコーヒー(M)		12	0.6	0.0	2.1	0.0
プレミアムローストコーヒー(S)		7	0.4	0.0	1.2	0.0
プレミアムローストコーヒー(S) (10円)募金付き		7	0.4	0.0	1.2	0.0
ホットティー(ストレート)(M)		3	0.3	0.0	0.3	0.0
ホットティー(ストレート)(S)		2	0.2	0.0	0.2	0.0
ホットティー(ミルク)(M)		12	0.5	0.9	0.4	0.0
ホットティー(ミルク)(S)		11	0.3	0.9	0.3	0.0
ホットティー(レモン)(M)		4	0.3	0.0	0.6	0.0
ホットティー(レモン)(S)		3	0.2	0.0	0.5	0.0
マックシェイク® ストロベリー(L)		466	8.3	7.0	92.6	0.6
マックシェイク® ストロベリー(M)		375	6.8	5.7	74.1	0.5
マックシェイク® ストロベリー(S)		226	4.2	3.6	44.3	0.3
マックシェイク® チョコレート(L)		477	9.5	7.7	93.6	0.8
マックシェイク® チョコレート(M)		383	7.8	6.2	74.8	0.7
マックシェイク® チョコレート(S)		231	4.8	3.9	44.6	0.4
マックシェイク® バニラ(L)		456	8.3	6.9	90.2	0.5
マックシェイク® バニラ(M)		367	6.8	5.7	72.2	0.4
マックシェイク® バニラ(S)		222	4.2	3.6	43.2	0.3
マックフロート® グレープ		213	2.9	2.9	43.7	0.1
マックフロート® コーク®		200	2.8	2.9	40.8	0.1
マックフロート® コーヒー		113	3.2	2.9	18.2	0.1
マックフロート® メロン		213	2.9	2.9	43.7	0.1
ミニッツメイド アップル100		96	0.0	0.0	23.7	0.0
ミニッツメイド® オレンジ(S)		102	1.5	0.0	24.0	0.0
ミニッツメイド® オレンジブレンド100%(S)		102	1.3	0.0	24.5	0.0
ミルク		138	6.8	7.8	9.9	0.2
リキッドレモン		1	0.0	0.0	0.3	0.0
月見 マックシェイク® 長野県産シャインマスカット(M)		363	6.8	5.7	71.2	0.7
月見 マックシェイク® 長野県産シャインマスカット(S)		220	4.2	3.6	42.7	0.4
爽健美茶(L)		0	0.0	0.0	0.0	0.0
爽健美茶(M)		0	0.0	0.0	0.0	0.0
爽健美茶(S)		0	0.0	0.0	0.0	0.0
爽健美茶(ジャンボ)		0	0.0	0.0	0.0	0.0
野菜生活100(L)		156	1.1	0.6	36.6	0.3
野菜生活100(M)		121	0.8	0.5	28.3	0.2
野菜生活100(S)		78	0.5	0.3	18.3	0.1
アイスアメリカーノ(L)		3	0.2	0.0	0.5	0.0
アイスアメリカーノ(M)		2	0.1	0.0	0.4	0.0
アイスカフェモカ(L)		286	8.3	12.9	34.1	0.4
アイスカフェモカ(M)		216	6.3	9.7	25.8	0.3
アイスカフェラテ(L)		106	5.2	5.9	7.9	0.2
アイスカフェラテ(M)	一覧の2つ目	87	4.3	4.8	6.4	0.1
アイスキャラメルラテ(L)		268	5.6	10.8	37.0	0.2
アイスキャラメルラテ(M)	一覧の2つ目	206	4.4	8.3	28.3	0.1
アイスチョコレート(L)		340	9.3	13.5	45.1	0.5
アイスチョコレート(M)		251	7.0	10.2	32.9	0.4
アメリカーノ(M)		2	0.1	0.0	0.4	0.0
アメリカーノ(S)		2	0.1	0.0	0.3	0.0
エクストラショット		2	0.1	0.0	0.3	0.0
エクストラシロップ キャラメル		39	0.0	0.0	9.7	0.0
エスプレッソ(S)		2	0.1	0.0	0.3	0.0
カプチーノ(M)		127	6.1	6.9	9.8	0.2
カプチーノ(S)		89	4.3	4.8	7.1	0.1
カプチーノ(テイクアウト用)(M)		135	6.5	7.3	10.4	0.2
カプチーノ(テイクアウト用)(S)		91	4.4	4.9	7.2	0.1
クッキー&クリームチョコフラッペ		332	6.5	10.8	53.5	0.5
トリプルチョコ&キャラメルスコーン		297	5.4	15.9	33.1	0.5
ニトロブリューコーヒー アイスブラック		6	0.3	0.0	1.1	0.0
ニトロブリューコーヒー アイスミルク		73	3.6	3.9	5.6	0.1
プリンケーキ		179	2.1	10.1	19.8	0.1
ホイップクリーム		67	0.8	4.3	6.3	0.0
ホットカフェモカ(M)		264	9.5	9.3	35.3	0.5
ホットカフェモカ(S)		171	6.1	5.9	23.2	0.3
ホットカフェモカ(テイクアウト用)(M)		274	10.0	9.9	36.0	0.5
ホットカフェモカ(テイクアウト用)(S)		181	6.6	6.5	23.9	0.3
ホットカフェラテ(M)		147	7.2	8.2	10.7	0.2
ホットカフェラテ(S)		95	4.7	5.3	6.9	0.1
ホットカフェラテ(テイクアウト用)(M)		162	8.0	9.0	11.8	0.2
ホットカフェラテ(テイクアウト用)(S)		116	5.7	6.5	8.5	0.2
ホットキャラメルラテ(M)		195	6.6	7.5	25.2	0.2
ホットキャラメルラテ(S)		126	4.2	4.7	16.6	0.1
ホットキャラメルラテ(テイクアウト用)(M)		213	7.2	8.2	27.4	0.2
ホットキャラメルラテ(テイクアウト用)(S)		152	5.2	5.9	19.3	0.2
ホットチョコレート(M)		253	8.9	8.8	34.3	0.5
ホットチョコレート(S)		168	5.9	5.8	22.8	0.3
ホットチョコレート(テイクアウト用)(M)		255	9.0	8.9	34.4	0.5
ホットチョコレート(テイクアウト用)(S)		168	5.9	5.8	22.8	0.3
マカロン チョコレート		82	1.5	4.2	9.5	0.0
マカロン バニラ		83	1.7	4.1	9.9	0.0
マカロン ラズベリー		81	1.4	4.2	9.3	0.0
マンゴースムージー		203	0.5	0.2	49.9	0.2
ロールケーキ オレオ® クッキー		269	3.8	18.0	23.0	0.2
宇治抹茶フラッペ		262	5.3	8.9	40.5	0.2
