サーロインステーキ ポワヴル・ヴェールソース		778	37.2	65.0	15.2	2.3
ゆめの大地豚ロースの網焼き マディラソース&牡蠣と海老のブロシェット		765	48.3	56.6	17.7	3.2
はまゆうどり胸肉のソテー シャスールソース&牡蠣と海老のブロシェット		744	51.2	46.9	33.0	4.0
黒×黒ハンバーグとチキンのコンビネーショングリル 和風照り焼きソース		831	45.5	56.1	35.5	6.0
きのこのオムレツ・ペリグーソース		373	17.1	28.8	8.2	1.7
7種の国産野菜のガーデンサラダ		183	4.0	14.8	9.6	0.6
北海道産きたあかりのグラタン・ドフィノア		122	3.0	6.9	13.0	0.4
きのこ薫るポーチドエッグ入りオニオンスープ		143	5.6	8.9	10.6	1.6
ルビーポートサワー		109	0.1	0.0	7.5	0.0
シャトー・メルシャン 萌黄(もえぎ)白 フルボトル		548	0.8	0.0	13.5	0.0
シャトー・メルシャン 萌黄(もえぎ)白 デキャンタ		365	0.5	0.0	9.0	0.0
シャトー・メルシャン 萌黄(もえぎ)白 グラス		91	0.1	0.0	2.3	0.0
シャトー・メルシャン 藍茜(あいあかね)赤 フルボトル		585	1.5	0.0	16.5	0.0
シャトー・メルシャン 藍茜(あいあかね)赤 デキャンタ		390	1.0	0.0	11.0	0.0
シャトー・メルシャン 藍茜(あいあかね)赤 グラス		98	0.3	0.0	2.8	0.0
英国風パン (ポーションバター含む)		203	5.5	6.1	31.7	0.9
ライス		257	4.5	1.2	57.2	0.0
選べるアイス:バニラブルボン		130	2.2	7.2	14.4	0.1
選べるアイス:ベルギーチョコレート		109	2.5	5.5	11.6	0.1
選べるアイス:カシスクリーム		103	1.3	3.1	16.8	0.0
選べるアイス:塩キャラメル		103	1.7	2.7	18.1	0.3
ほろにがカフェゼリー		137	2.8	6.9	15.9	0.1
ちいさなスイートポテト		110	0.8	5.1	15.4	0.1
スイートポテトとバニラブルボン		228	2.1	12.4	27.5	0.1
スイートポテトクリームのブリュレ仕立て		250	2.9	9.3	38.6	0.1
ほうじ茶香るお芋のパフェ		572	7.1	20.1	90.9	0.3
カシスと楽しむ栗のブリュレパフェ		642	6.9	26.9	94.8	0.3
お芋と栗の秋色パフェ		472	4.6	21.4	65.7	0.2
お芋と栗のプチパフェ		237	2.6	13.4	26.5	0.1
お芋と栗のデザートプレート		639	6.3	22.7	104.0	0.3
1ほうじ茶香るプチお芋あんみつ		130	1.4	1.1	29.2	0.1
2マロングラッセ・マドレーヌ		98	1.1	4.8	12.6	0.1
3お芋と栗のプチブリュレ		235	2.3	10.1	34.0	0.1
4栗とカシスのプチパフェ		177	1.6	6.6	28.2	0.1
ロイヤルのオニオングラタンスープ		140	6.6	8.4	9.4	1.4
オマール海老のクリームスープ ~BISQUE~		111	3.9	6.8	8.5	0.8
コーンのポタージュ		165	6.0	8.2	17.6	0.8
アンガスサーロインステーキサラダ(バルサミコソース)		596	24.8	47.0	21.6	1.8
アンガスサーロインステーキサラダ(グレイビーソース)		590	25.5	47.8	17.7	1.9
ロイヤルホストのケールサラダ(ピーナッツオイルドレッシング)		214	6.0	18.4	6.5	0.7
ロイヤルホストのケールサラダ(グリーンゴッデスドレッシング)		212	6.2	18.7	4.8	0.8
食いしんぼうのシェフサラダ(コーンドレッシング)		526	20.9	38.9	25.6	2.3
食いしんぼうのシェフサラダ(オニオンドレッシング)		559	20.7	43.2	24.3	2.4
食いしんぼうのシェフサラダ(グリーンゴッデスドレッシング)		614	21.0	49.0	23.3	2.4
国産鶏むね肉のグリルチキンサラダ(コーンドレッシング)		586	40.3	41.2	18.5	2.5
国産鶏むね肉のグリルチキンサラダ(オニオンドレッシング)		620	40.0	45.4	17.2	2.6
国産鶏むね肉のグリルチキンサラダ(グリーンゴッデスドレッシング)		674	40.3	51.2	16.2	2.6
グリルサーモンサラダ(コーンドレッシング)		572	23.2	45.5	22.3	2.2
グリルサーモンサラダ(オニオンドレッシング)		605	23.0	49.7	21.0	2.3
グリルサーモンサラダ(グリーンゴッデスドレッシング)		660	23.3	55.5	20.1	2.3
ロイヤルホストサラダ(コーンドレッシング)		208	7.5	13.6	14.4	1.0
ロイヤルホストサラダ(オニオンドレッシング)		225	7.4	15.7	13.7	1.1
ロイヤルホストサラダ(グリーンゴッデスドレッシング)		252	7.5	18.6	13.3	1.1
フライドチキン&オニオンリング		1197	32.8	79.8	89.3	5.3
スパニッシュポテト		631	12.2	36.0	65.2	1.4
かぼちゃのグラタン		329	11.3	22.4	23.0	1.4
ガーリックシュリンプ		270	15.1	18.7	7.1	1.3
レッドキャベツと2種のチーズ		104	4.0	7.4	6.2	0.5
ガーリックバターブレッド		291	5.8	15.2	33.0	1.0
粗挽きソーセージのグリル		480	13.9	38.0	21.1	2.5
フライドチキン		685	40.2	42.4	38.3	3.6
フライドポテト		796	7.2	51.2	78.4	1.8
250g 黒×黒ハンバーグ(ブラウンバターソース目玉焼き付)		952	42.6	67.1	39.3	3.9
190g 黒×黒ハンバーグ(ブラウンバターソース目玉焼き付)		802	35.0	55.8	36.2	3.3
250g 黒×黒ハンバーグ(ガーリッククリームソース)		835	35.6	55.4	45.4	4.4
190g 黒×黒ハンバーグ(ガーリッククリームソース)		686	28.1	44.1	42.3	3.8
黒×黒ハンバーグ&海老フライと海老とチキンのマカロニグラタン		1220	50.6	81.2	69.5	5.3
黒×黒ハンバーグ&スパイシーチキン(ブラウンバターソース目玉焼き付)		995	51.7	70.1	36.6	4.1
ハンバーグ&アンガスサーロインステーキ(ドミバターソース)		940	43.5	67.8	36.6	3.5
ハンバーグ&海老フライと蟹クリームコロッケ(ドミグラスソース)		984	40.8	65.9	54.8	3.6
ビーフシチューハンバーグ		880	36.9	63.6	32.7	2.6
あつあつ鉄板和風ハンバーグ(おろし大根ソース)		589	25.8	35.8	39.2	3.4
450g厚切りワンポンドステーキ(ドミバターソース・だし醤油)		1561	86.2	123.4	39.3	9.4
450g厚切りワンポンドステーキ(ガーリックソース・だし醤油)		1528	86.0	118.9	45.0	9.7
450g厚切りワンポンドステーキ(おろし大根ソース・だし醤油)		1484	85.9	115.2	42.4	10.1
225gアンガスサーロインステーキ(ドミグラスバターソース)		866	43.3	66.8	29.8	2.8
225gアンガスサーロインステーキ(ガーリッククリームソース)		844	43.1	63.7	33.7	3.0
225gアンガスサーロインステーキ(おろし大根ソース)		807	43.2	60.3	32.1	3.2
225gステーキ&海老フライと蟹クリームコロッケ(ドミバターソース)		1237	56.6	93.9	48.5	4.3
225gステーキ&海老フライと蟹クリームコロッケ(ガーリックソース)		1215	56.5	90.8	52.4	4.5
225gステーキ&海老フライと蟹クリームコロッケ(おろし大根ソース)		1178	56.5	87.4	50.8	4.7
100gステーキ&海老フライと蟹クリームコロッケ(ドミバターソース)		895	34.8	64.3	47.8	3.5
100gステーキ&海老フライと蟹クリームコロッケ(ガーリックソース)		873	34.7	61.2	51.7	3.7
100gステーキ&海老フライと蟹クリームコロッケ(おろし大根ソース)		836	34.7	57.8	50.2	3.9
100gアンガスサーロインステーキ&ガーリックピラフ(ドミバターソース)		1061	38.4	59.0	97.8	4.4
ロースかつ膳(特製かつソース)		1026	36.1	55.0	97.5	6.1
ロースかつ膳(ドミグラスソース)		1053	39.5	58.2	93.5	5.3
ロースかつ膳(おろし大根ソース)		998	36.2	53.9	93.5	5.4
シーフードミックスフライ膳		1138	35.7	59.9	114.9	5.7
気仙沼産メカジキのしょうが焼きと虫明産牡蠣フライ膳		1002	38.2	48.9	105.6	6.2
気仙沼産メカジキのしょうが焼き膳		748	33.2	29.5	89.7	5.5
国産ポークロースステーキと海老フライ&蟹クリームコロッケ		1174	54.0	80.0	62.6	5.0
国産ポークロースステーキ(ジンジャーバターソース)		777	38.9	56.2	30.1	3.6
ビーフシチューと海老フライ&蟹クリームコロッケプレート		1135	36.2	80.9	62.3	3.9
海老・サーモン・ムール貝のあつあつグリル~温野菜添え~		490	35.5	28.3	23.5	3.7
あつあつ鉄板チキングリル(ドミグラスバターソース)		854	58.1	56.9	28.2	4.1
ガンベリ(海老)とトマトクリームのスパゲッティ		1273	32.1	83.7	90.4	3.5
追加 ガーリックバターブレッド(ハーフ)		73	1.5	3.8	8.3	0.3
ナスと挽き肉のボロネーゼのスパゲッティ		720	23.5	35.1	78.4	3.5
国産豚ときのこのポルチーニクリームソースのスパゲッティ		811	24.6	42.2	80.7	3.8
チキンパルメザン		775	38.8	41.3	64.4	3.9
アトランティックサーモンのグリルと牡蠣フライ&雑穀ごはん		1014	36.4	60.6	81.5	2.4
海老のグリルとムール貝&ポルチーニクリームのリゾット仕立て		791	38.2	48.6	49.3	3.8
ロイヤルホストオムライスと海老フライ&蟹クリームコロッケ		1240	42.3	78.1	90.2	5.6
ビーフシチューオムライス		1082	38.0	67.6	74.2	4.2
ロイヤルホストオムライス (ハッシュドビーフソース)		899	30.9	51.6	74.9	4.4
ロイヤルのシーフードドリア		806	24.6	41.6	81.5	3.4
コスモドリア		785	22.2	40.2	83.6	2.5
海老とチキンのマカロニグラタン		626	22.5	37.7	49.5	2.3
ガパオライス&グリーンカレー		1092	38.8	57.8	104.8	4.6
ロイヤルホストのガパオライス		922	33.3	44.3	96.8	2.8
国産豚と彩り野菜の黒酢ソース&雑穀ごはん		868	24.5	43.0	96.4	1.7
NIKUVEGE ベジタブルカレー&雑穀ごはん		599	12.8	23.3	85.1	3.6
ビーフジャワカレー		919	20.7	41.9	114.1	2.2
カシミールビーフカレー		845	22.4	36.0	109.7	3.0
パンケーキ		582	11.8	24.3	79.5	2.0
フレンチトースト		617	16.0	24.3	82.3	1.0
ホットファッジソースのパンケーキ		872	17.8	44.2	102.7	2.0
スパイスチキン&フレンチトースト		1191	36.9	61.4	123.1	3.4
ハムとベーコンとチキンのクラブハウスサンド		831	30.6	40.8	86.0	3.8
ホットファッジサンデー		779	12.0	44.6	84.1	0.4
ヨーグルトジャーマニー		496	7.1	18.9	73.8	0.2
キャラメルナッツブリュレ		506	6.2	27.9	58.3	0.4
コーヒーゼリーサンデー		296	4.9	15.4	34.8	0.4
ロイヤルの白玉クリームあんみつ(黒蜜を含む)		387	5.0	9.3	72.5	0.3
ダブルチョイスアイス:バニラブルボン(1個)		87	1.5	4.8	9.6	0.0
ダブルチョイスアイス:ベルギーチョコレート(1個)		74	1.7	3.7	7.8	0.0
ダブルチョイスアイス:カシスクリーム(1個)		69	0.9	2.0	11.2	0.0
ダブルチョイスアイス:塩キャラメル(1個)		69	1.2	1.8	12.0	0.2
アイス以外 (スペキュロースビスケット、ホイップクリーム)		55	0.5	3.3	5.9	0.1
ライス(大)		393	6.9	1.9	87.4	0.0
雑穀ごはん(160g)		282	4.8	2.6	57.1	0.0
サラダ、キャロットムースとコンソメジュレ		129	2.6	11.4	5.0	0.7
1サラダ(オニオンドレッシング)		52	0.4	4.9	1.7	0.2
2キャロットムースとコンソメジュレ		77	2.2	6.5	3.3	0.5
ミニケチャップ		9	0.1	0.0	2.2	0.3
フレンチマスタード		5	0.2	0.2	0.5	0.1
タバスコ(3ml)		0	0.0	0.0	0.0	0.1
しぼりたて生しょうゆ(10g)		9	0.9	0.0	1.1	1.3
カントリーハーヴェスト有機ウスターソース(10g)		11	0.0	0.0	2.7	0.8
トリプルグリル ランチ(ドミグラスソース)		980	50.4	68.9	38.2	4.0
ロイヤルホストのカツカレーランチ		1111	38.2	52.7	122.1	4.2
(月・火)チキンのポルチーニクリームランチ		515	28.7	39.9	13.0	2.2
(水・木)チキンカツ南蛮ソースランチ		944	29.6	80.0	28.5	3.4
(金)国産豚のグリル特製焼肉ソース&春巻きランチ		548	20.0	39.5	29.2	2.6
(一部店舗)セカンドランチ:ハンバーグ&フライドチキンランチ		763	37.8	53.8	29.3	3.0
オニオンスープ		24	0.8	0.9	3.5	1.2
ミネストローネ		21	1.3	0.6	3.0	1.1
キャベツとチキンのコンソメスープ		16	0.7	0.3	2.6	1.0
ビーフコンソメスープ		20	0.8	0.6	2.6	1.0
グリーンサラダ		78	0.5	7.4	2.6	0.3
ロイヤルホストモーニング(スクランブルエッグ)/トースト	ロイヤルホスト モーニング ~コーンのポタージュ・サラダ付~	971	31.3	60.2	75.9	3.8
ロイヤルホストモーニング(スクランブルエッグ)/英国風パン	ロイヤルホスト モーニング ~コーンのポタージュ・サラダ付~	981	32.6	59.5	78.8	4.0
ロイヤルホストモーニング(スクランブルエッグ)/パンケーキ2枚	ロイヤルホスト モーニング ~コーンのポタージュ・サラダ付~	1167	35.0	73.4	92.2	4.4
ロイヤルホストモーニング(スクランブルエッグ)/フレンチトースト	ロイヤルホスト モーニング ~コーンのポタージュ・サラダ付~	1358	43.1	77.7	120.5	4.1
ロイヤルホストモーニング(フライエッグ)/トースト	ロイヤルホスト モーニング ~コーンのポタージュ・サラダ付~	855	30.7	48.1	75.0	3.4
ロイヤルホストモーニング(フライエッグ)/英国風パン	ロイヤルホスト モーニング ~コーンのポタージュ・サラダ付~	865	32.0	47.4	77.9	3.5
ロイヤルホストモーニング(フライエッグ)/パンケーキ2枚	ロイヤルホスト モーニング ~コーンのポタージュ・サラダ付~	1052	34.4	61.3	91.2	4.0
ロイヤルホストモーニング(フライエッグ)/フレンチトースト	ロイヤルホスト モーニング ~コーンのポタージュ・サラダ付~	1242	42.5	65.5	119.5	3.6
ロイヤルホストモーニング(スクランブルエッグ)/トースト	ロイヤルホスト モーニング ~オニオングラタンスープ・サラダ付~	946	31.9	60.4	67.8	4.5
ロイヤルホストモーニング(スクランブルエッグ)/英国風パン	ロイヤルホスト モーニング ~オニオングラタンスープ・サラダ付~	955	33.2	59.7	70.7	4.6
ロイヤルホストモーニング(スクランブルエッグ)/パンケーキ2枚	ロイヤルホスト モーニング ~オニオングラタンスープ・サラダ付~	1142	35.6	73.6	84.0	5.1
ロイヤルホストモーニング(スクランブルエッグ)/フレンチトースト	ロイヤルホスト モーニング ~オニオングラタンスープ・サラダ付~	1333	43.7	77.9	112.3	4.7
ロイヤルホストモーニング(フライエッグ)/トースト	ロイヤルホスト モーニング ~オニオングラタンスープ・サラダ付~	830	31.2	48.3	66.9	4.0
ロイヤルホストモーニング(フライエッグ)/英国風パン	ロイヤルホスト モーニング ~オニオングラタンスープ・サラダ付~	840	32.6	47.5	69.8	4.2
ロイヤルホストモーニング(フライエッグ)/パンケーキ2枚	ロイヤルホスト モーニング ~オニオングラタンスープ・サラダ付~	1027	34.9	61.5	83.1	4.6
ロイヤルホストモーニング(フライエッグ)/フレンチトースト	ロイヤルホスト モーニング ~オニオングラタンスープ・サラダ付~	1217	43.0	65.7	111.4	4.3
スクランブルエッグプレート/トースト		728	24.8	44.6	55.7	2.7
スクランブルエッグプレート/英国風パン		738	26.1	43.9	58.6	2.9
スクランブルエッグプレート/パンケーキ2枚		924	28.5	57.8	72.0	3.3
スクランブルエッグプレート/フレンチトースト		1115	36.6	62.1	100.3	3.0
フライドエッグプレート/トースト		612	24.1	32.5	54.8	2.3
フライドエッグプレート/英国風パン		622	25.4	31.7	57.7	2.4
フライドエッグプレート/パンケーキ2枚		809	27.8	45.7	71.0	2.9
フライドエッグプレート/フレンチトースト		999	35.9	49.9	99.3	2.5
野菜オムレツモーニング/トースト	野菜オムレツモーニング ~コーンのポタージュ・サラダ付~	967	34.8	57.5	77.9	4.3
野菜オムレツモーニング/英国風パン	野菜オムレツモーニング ~コーンのポタージュ・サラダ付~	976	36.1	56.8	80.8	4.5
野菜オムレツモーニング/パンケーキ2枚	野菜オムレツモーニング ~コーンのポタージュ・サラダ付~	1163	38.5	70.7	94.1	5.0
野菜オムレツモーニング/フレンチトースト	野菜オムレツモーニング ~コーンのポタージュ・サラダ付~	1354	46.6	75.0	122.4	4.6
野菜オムレツモーニング/トースト	野菜オムレツモーニング ~オニオングラタンスープ・サラダ付~	941	35.4	57.7	69.8	5.0
野菜オムレツモーニング/英国風パン	野菜オムレツモーニング ~オニオングラタンスープ・サラダ付~	951	36.7	57.0	72.7	5.1
野菜オムレツモーニング/パンケーキ2枚	野菜オムレツモーニング ~オニオングラタンスープ・サラダ付~	1138	39.1	70.9	86.0	5.6
野菜オムレツモーニング/フレンチトースト	野菜オムレツモーニング ~オニオングラタンスープ・サラダ付~	1328	47.2	75.2	114.3	5.2
野菜オムレツプレート/トースト		724	28.3	41.9	57.7	3.2
野菜オムレツプレート/英国風パン		733	29.6	41.2	60.6	3.4
野菜オムレツプレート/パンケーキ2枚		920	32.0	55.1	74.0	3.8
野菜オムレツプレート/フレンチトースト		1111	40.1	59.4	102.3	3.5
エッグベネディクトパンケーキ~サラダ・ヨーグルト付~		690	18.4	39.9	66.4	3.0
フルハウスブレックファスト		746	24.8	46.8	55.8	3.1
アサイーボウル&パンケーキセット~サラダ付~		845	16.7	38.0	111.6	2.5
ソーセージ 2本		107	3.7	10.0	0.7	0.5
朝の和定食		555	24.8	21.0	68.0	3.2
朝の和風ハンバーグ膳		837	32.0	39.2	88.0	5.3
フライドエッグ和定食		641	25.4	30.0	66.5	3.2
モーニングビーフジャワカレー		992	26.9	49.3	112.3	2.4
モーニングサラダ		78	0.5	7.4	2.6	0.3
アサイーボウル ~ヨーグルト入り~		186	4.3	6.3	29.4	0.1
飲むアサイー		110	1.0	4.5	18.3	0.0
トースト(1枚)(ジャム・バター含む)		230	4.2	6.8	37.8	0.8
1トースト1枚(パンのみ:1/2カット・2切)		156	4.1	2.7	28.7	0.7
2ストロベリージャム		37	0.0	0.0	9.1	0.0
3ポーションバター		37	0.0	4.1	0.0	0.1
モーニング英国風パン(ジャム・バター含む)		239	5.5	6.1	40.7	0.9
1英国風パン(パンのみ)		166	5.4	2.0	31.6	0.9
おこさま オムライス&エビフライプレート		876	32.5	47.5	80.5	3.9
1オムライス、ドミグラスソース		351	11.1	18.6	34.2	1.7
2エビフライ、タルタルソース		168	9.7	11.0	7.4	0.9
3チキンナゲット		79	4.1	5.3	3.8	0.3
4フライドポテト		93	1.1	4.4	12.7	0.2
5ミニトマト、ブロッコリー、コーン、オニオンドレッシング		36	1.0	1.6	5.0	0.2
6コーンスープ		111	4.1	5.4	12.1	0.6
7ブルーベリーヨーグルト		37	1.4	1.2	5.4	0.1
おこさま煮込みハンバーグプレート(ごはん・ふりかけつき)		750	27.6	29.1	96.2	3.0
1煮込みハンバーグ、ボイルエッグ、ケチャップ		191	12.2	10.2	12.5	1.5
2チキンナゲット		79	4.1	5.3	3.8	0.3
3フライドポテト		93	1.1	4.4	12.7	0.2
4ミニトマト、ブロッコリー、コーン、オニオンドレッシング		36	1.0	1.6	5.0	0.2
5コーンスープ		111	4.1	5.4	12.1	0.6
6ブルーベリーヨーグルト		37	1.4	1.2	5.4	0.1
7ライス、ふりかけ		202	3.7	1.0	44.8	0.3
おこさま煮込みハンバーグプレート(パン)		631	26.5	29.1	67.2	3.2
7パン		83	2.7	1.0	15.8	0.4
バジーちゃんパンケーキ		520	10.4	21.9	70.8	1.5
1パンケーキ(パンケーキ4枚、粉糖)		296	9.4	10.4	41.0	1.5
2パンケーキシロップ		81	0.0	0.0	20.8	0.0
3ホイップクリーム、チョコソース		143	1.0	11.5	9.0	0.0
おこさまラーメンチキンナゲット&フライドポテトつき		406	15.6	11.7	60.5	4.3
1おこさまラーメン		234	10.4	2.0	44.1	3.8
2チキンナゲット&フライドポテト		172	5.2	9.6	16.4	0.5
おこさまアイスクリーム (バニラ)		130	2.2	7.2	14.4	0.1
おこさまアイスクリーム (チョコ)		109	2.5	5.5	11.6	0.1
低アレルゲン おこさまガトーショコラ		88	0.9	3.8	13.1	0.1
おこさまフライドポテト		186	2.2	8.7	25.3	0.4
おこさまコーンのポタージュ		111	4.1	5.4	12.1	0.6
おこさまソーセージ		165	6.3	14.2	3.6	0.9
おこさまチキンナゲット&ポテト		251	9.3	14.9	20.2	0.8
1チキンナゲット		158	8.2	10.6	7.5	0.6
2フライドポテト		93	1.1	4.4	12.7	0.2
低アレルゲン 米粉のぷちパン		139	1.9	2.6	27.0	0.7
おこさまオレンジジュース		55	1.0	0.2	12.7	0.0
おこさまアップルジュース		65	0.1	0.0	16.2	0.0
おこさまミルク (120ml)		75	4.1	4.7	5.9	0.1
ちいさなブルーベリーヨーグルト		37	1.4	1.2	5.4	0.1
低アレルゲン おこさまミートボールプレート(米粉パン)		537	18.9	24.7	61.3	3.8
1ミートボール		236	13.1	13.4	15.8	2.6
2ソーセージ		51	1.8	4.7	0.3	0.3
3コーン、ブロッコリー		24	1.2	0.2	5.2	0.1
4米粉パン		139	1.9	2.6	27.0	0.7
5ガトーショコラ		88	0.9	3.8	13.1	0.1
低アレルゲン おこさまミートボールプレート(ごはん)		504	18.8	22.5	57.9	3.1
4ごはん		106	1.9	0.5	23.5	0.0
低アレルゲン おこさまカレーライス		375	10.1	10.4	61.2	1.6
1カレーソース、ライス		300	7.1	5.5	55.6	1.2
ボルドーボー・メーヌブラン(白)フルボトル(750ml)		578	0.8	0.0	11.3	0.0
ボルドーボー・メーヌルージュ(赤)フルボトル(750ml)		675	1.5	0.0	18.8	0.0
カッシェロ・デル・ディアブロ(白)ミニボトル(250ml)		213	0.3	0.0	5.3	0.0
カッシェロ・デル・ディアブロ(赤)ミニボトル(250ml)		218	0.5	0.0	6.0	0.0
アンジュエールノワールハーフボトル(375ml)		199	0.4	0.0	3.8	0.0
デキャンタワイン(白)		375	0.5	0.0	10.0	0.0
デキャンタワイン(赤)		340	1.0	0.0	7.5	0.0
グラスワイン(白)		94	0.1	0.0	2.5	0.0
グラスワイン(赤)		85	0.3	0.0	1.9	0.0
キリン一番搾り生ビール (小)		78	0.8	0.0	5.3	0.0
キリン一番搾り生ビール (中)		138	1.4	0.0	9.3	0.0
キリン クラシックラガー(中ビン)		205	1.5	0.0	18.5	0.0
<ノンアルコール>キリン グリーンズフリー		20	0.3	0.0	5.3	0.1
獺祭(だっさい)純米大吟醸磨き三割九(180ml)		198	1.1	0.0	8.3	0.0
ハイボール 陸		73	0.1	0.0	0.9	0.0
レモンサワー		74	0.1	0.0	1.7	0.2
アルトザーノベルデホ&ソーヴィニヨン・ブラン		623	0.8	0.0	16.5	0.0
アルトザーノテンプラニーリョ		660	1.5	0.0	19.5	0.0
ピエール&レミー・ゴーティエシャルドネ		608	0.8	0.0	13.5	0.1
メルシャン・ワインズバードソングレッド		645	1.5	0.0	21.0	0.0
単品:シルクエール〈白〉		142	1.5	0.0	11.6	0.1
飲み比べ:シルクエール〈白〉		71	0.7	0.0	5.8	0.0
単品:ジャズベリー		142	1.5	0.0	14.8	0.1
飲み比べ:ジャズベリー		71	0.7	0.0	7.4	0.0
単品:インドの青鬼		174	1.7	0.0	14.2	0.0
飲み比べ:インドの青鬼		87	0.9	0.0	7.1	0.0
パラダイストロピカルアイスティー	ドリンクメニュー	7	0.3	0.2	1.7	0.0
コーヒー		6	0.3	0.0	1.1	0.0
アイスコーヒー	ドリンクメニュー	10	0.5	0.0	1.8	0.0
カフェインレスコーヒー		6	0.3	0.0	1.0	0.0
紅茶		4	0.4	0.0	0.4	0.0
コカ・コーラ	ドリンクメニュー	108	0.0	0.0	27.0	0.0
ジンジャーエール		95	0.1	0.0	23.4	0.0
100%オレンジジュース		92	1.6	0.4	21.2	0.0
100%アップルジュース		108	0.2	0.0	27.0	0.0
ミルク(ホット)		101	5.4	6.3	7.9	0.2
ミルク(アイス)		126	6.8	7.8	9.9	0.2
煎茶		7	0.7	0.0	0.7	0.0
メロンクリームソーダ		326	3.2	9.6	59.7	0.1
コーヒーフレッシュ		10	0.1	1.0	0.2	0.0
スティックシュガー		12	0.0	0.0	3.0	0.0
パルスイート(スリムアップシュガー)		6	0.0	0.0	1.6	0.0
パルスイート		2	0.0	0.0	1.2	0.0
ガムシロップ		34	0.0	0.0	8.5	0.0
ブレンドコーヒー		6	0.3	0.0	1.0	0.0
エスプレッソ		2	0.1	0.0	0.3	0.0
カフェラッテ		46	2.5	2.7	3.9	0.1
アイスカフェラッテ		20	1.1	1.1	1.7	0.0
アイスコーヒー	コーヒーマシン(コーヒーカップ・ソーサー使用店舗)	6	0.3	0.0	1.1	0.0
ホットココア		86	1.2	2.9	14.6	0.2
アイスココア		129	1.8	4.3	22.0	0.3
パラダイストロピカルアイスティー	一部店舗:ジュースディスペンサー	2	0.2	0.2	0.3	0.0
オレンジジュース		72	1.1	0.2	16.5	0.0
ライチ&沖縄マース		52	0.0	0.0	14.0	0.2
マスカット&キンモクセイ		67	0.0	0.0	18.0	0.1
コカ・コーラ	コカ・コーラディスペンサー(店舗により異なります)	68	0.0	0.0	17.0	0.0
コカ・コーラゼロ		0	0.0	0.0	0.0	0.0
カナダドライ ジンジャーエール		56	0.0	0.0	13.5	0.0
ファンタ メロン		75	0.0	0.0	18.9	0.0
カルピス		65	0.3	0.0	15.8	0.0
カルピスソーダ		65	0.3	0.0	15.8	0.0
烏龍茶煌(ファン)		8	0.2	0.0	1.8	0.0
ミニッツメイドオレンジ		66	0.2	0.2	28.1	0.0
ミニッツメイド野菜と果実		51	0.0	0.0	12.6	0.0
ミニッツメイドアップル		72	0.3	0.2	17.3	0.0
ミニッツメイドレモン果汁		72	0.2	0.0	18.8	0.0
TEARTHレモンジンジャー		0	0.0	0.0	0.0	0.0
TEARTHカモミール		0	0.0	0.0	0.0	0.0
TEARTHジャスミン		0	0.0	0.0	0.0	0.0
TEARTHペパーミント		0	0.0	0.0	0.0	0.0
TEARTHルイボス		0	0.0	0.0	0.0	0.0
TEARTHイングリッシュブレックファースト		0	0.0	0.0	0.0	0.0
TEARTHチャイ		0	0.0	0.0	0.0	0.0
TEARTHアールグレイ		0	0.0	0.0	0.0	0.0
TEARTHウバ		0	0.0	0.0	0.0	0.0
TEARTHダージリン		0	0.0	0.0	0.0	0.0
TEARTHローズヒップ ハイビスカス		0	0.0	0.0	0.0	0.0
TEARTH緑茶		3	0.3	0.0	0.3	0.0
TEARTHほうじ茶		0	0.0	0.0	0.1	0.0
TEARTHアサイーベリー		0	0.0	0.0	0.0	0.0
TEARTHはちみつ紅茶		7	0.5	0.0	1.3	0.0
TEARTHアイリッシュクリーム		0	0.0	0.0	0.0	0.0
TEARTHオーガニックセイロン		0	0.0	0.0	0.0	0.0
TEARTH鉄観音		0	0.0	0.0	0.1	0.0
TEARTHデカフェアールグレイ		0	0.0	0.0	0.0	0.0
TEARTHキャラメルアップル		7	0.4	0.0	1.3	0.0
TEARTHピーチストロベリー		7	0.4	0.0	1.3	0.0
こんぶ茶		4	0.1	0.0	1.0	0.8
梅こんぶ茶		4	0.1	0.0	0.9	0.9
デキャンタコーヒー		6	0.3	0.0	1.1	0.0
ミント&レモンウォーター		2	0.0	0.0	0.5	0.0
アンガスサーロインステーキ225g(ライス付)ドミバターソース		1061	47.3	62.6	83.8	2.6
アンガスサーロインステーキ225g(ライス付)ガーリックソース		1043	47.1	60.4	86.6	2.8
アンガスサーロインステーキ225g(ライス付)おろし大根ソース		1034	47.0	60.0	85.0	2.9
アンガスサーロインステーキ450g(ライス付)ドミバターソース		1708	87.1	117.7	87.0	5.3
アンガスサーロインステーキ450g(ライス付)ガーリックソース		1678	86.8	114.1	91.6	5.5
アンガスサーロインステーキ450g(ライス付)おろし大根ソース		1662	86.7	113.4	89.0	5.7
黒×黒ハンバーグ190g~ブラウンバターソース目玉焼き付~(ライス付)		1053	39.3	57.0	91.7	3.3
黒×黒ハンバーグ190g~ガーリッククリームソース~(ライス付)		936	32.4	45.3	97.8	3.8
和風ハンバーグ170g ~おろし大根ソース~(ライス付)		839	30.1	37.0	94.7	3.4
ビーフシチューオムライス(海老フライ&蟹クリームコロッケ付)		1431	50.8	92.6	92.4	5.4
おこさま洋食ボックス		827	33.1	39.7	85.5	4.1
