ザクタル グリルチキン	サンドイッチ	371	19.0	14.2	43.1	2.9
ザクタル えびブロッコリー	サンドイッチ	304	12.4	10.0	42.4	2.4
ザクタル ハム	サンドイッチ	337	13.4	12.9	43.4	3.2
金木犀烏龍ティー	サイドメニュー	125	0.1	0.0	31.2	0.0
ザクタルディップ	サイドメニュー	48	0.7	4.0	2.5	0.6
チョコチッップ M＆Mクッキー	サイドメニュー	204	2.1	9.2	28.8	0.4
グリルチキン	トッピング・ドレッシング・ソース	87	10.6	4.3	1.4	0.6
ザクタル	トッピング・ドレッシング・ソース	96	1.4	8.0	5.0	1.2
フィラデルフィア風チーズ＆ステーキ	サンドイッチ	369	17.0	16.1	39.6	4.2
ツナ	サンドイッチ	350	14.6	15.7	38.9	1.9
生ハム＆マスカルポーネ	サンドイッチ	326	15.5	11.2	42.3	2.5
えびアボカド	サンドイッチ	319	11.9	12.2	41.1	1.7
BLT	サンドイッチ	335	11.3	14.2	41.9	1.9
ローストビーフ	サンドイッチ	263	15.4	5.0	40.9	1.9
てり焼きチキン	サンドイッチ	346	19.7	9.9	45.5	2.7
たまご	サンドイッチ	318	11.7	13.0	39.6	2.5
アボカドベジー	サンドイッチ	295	8.4	9.8	44.8	1.6
ベジーデライト	サンドイッチ	215	7.2	4.4	38.0	1.5
チリチキン	サンドイッチ	273	20.5	4.1	39.7	2.6
えびたま	サンドイッチ	321	13.1	12.8	39.3	1.9
サラダチキン	サンドイッチ	281	21.2	2.8	44.1	2.2
チーズサラダチキン	サンドイッチ	331	22.7	8.8	41.8	2.3
スパイシークラブハウス	サンドイッチ	396	25.4	12.6	46.6	3.5
アボカドチキン	サンドイッチ	373	21.7	12.6	44.3	2.3
ハム	サンドイッチ	260	12.4	6.4	40.0	2.1
贅沢てりたま	サンドイッチ	449	19.9	20.4	46.8	3.2
アメリカンクラブハウス	サンドイッチ	349	21.0	11.3	42.8	3.1
ツナ	サラダ	169	8.3	11.6	9.6	0.9
生ハム＆マスカルポーネ	サラダ	129	9.1	7.0	9.0	1.4
えびアボカド	サラダ	103	5.5	4.8	10.6	0.3
BLT	サラダ	101	3.8	8.4	3.1	0.6
ローストビーフ	サラダ	92	9.5	3.2	8.0	0.5
てり焼きチキン	サラダ	177	14.1	6.8	16.4	1.5
たまご	サラダ	163	6.1	11.3	10.8	1.0
アボカドベジー	サラダ	87	2.0	4.7	10.6	0.2
ベジーデライト	サラダ	33	1.4	0.2	8.0	0.0
チリチキン	サラダ	104	14.9	0.9	10.5	1.4
チーズオンチーズ	サラダ	150	6.5	10.5	8.7	0.8
えびたま	サラダ	113	7.3	5.7	9.4	0.6
サラダチキン	サラダ	93	14.7	0.8	8.3	0.8
チーズサラダチキン	サラダ	158	16.4	6.9	8.9	1.3
贅沢てりたま	サラダ	295	18.6	17.8	16.8	2.2
スパイシークラブハウス	サラダ	203	18.9	9.3	12.5	2.3
アボカドチキン	サラダ	147	15.3	5.3	10.9	1.0
ハム	サラダ	87	6.5	3.3	9.7	1.0
アメリカンクラブハウス	サラダ	177	15.1	9.5	9.9	1.6
コロコロポテト オリジナル（S）	サイドメニュー	158	2.3	5.9	23.7	0.6
コロコロポテト オリジナル（M）	サイドメニュー	280	4.2	10.6	42.1	1.1
コロコロポテト ハーブソルト（S）	サイドメニュー	161	2.4	6.0	24.4	1.2
コロコロポテト ハーブソルト（M）	サイドメニュー	287	4.4	10.6	43.4	2.3
コロコロポテト トリプルチーズ（S）	サイドメニュー	164	2.6	6.3	24.2	0.9
コロコロポテト トリプルチーズ（M）	サイドメニュー	293	4.8	11.2	43.1	1.6
ゴロゴロ野菜のトマト＆クラムスープ	サイドメニュー	62	3.2	1.1	9.8	1.6
濃厚カントリーコーンスープ	サイドメニュー	124	4.6	4.0	17.6	1.3
サイドサラダ サラダチキン	サイドメニュー	96	7.3	5.2	5.3	0.9
サイドサラダ たまご	サイドメニュー	125	2.8	10.1	5.9	1.0
サイドサラダ ツナ	サイドメニュー	129	4.0	10.3	5.2	0.9
ウィート	パン	180	6.4	2.1	33.8	0.9
ホワイト	パン	179	6.3	2.1	33.6	0.9
セサミ	パン	196	7.1	4.5	34.2	0.9
ハニーオーツ	パン	190	7.0	2.3	36.7	0.9
ナチュラルスライスチーズ	トッピング	52	3.3	4.2	0.2	0.2
クリームタイプチーズ	トッピング	64	1.7	6.1	0.6	0.5
マスカルポーネチーズ	トッピング	51	0.4	5.2	0.7	0.0
えび	トッピング	16	3.6	0.1	0.0	0.1
アボカド	トッピング	53	0.6	4.5	2.6	0.2
たまご	トッピング	65	2.4	5.5	1.4	0.5
ベーコン	トッピング	61	1.9	5.9	0.1	0.3
ツナ	トッピング	68	3.4	5.7	0.8	0.5
ローストビーフ	トッピング	58	8.1	3.0	0.0	0.5
生ハム	トッピング	44	7.3	1.5	0.4	1.4
サラダチキン	トッピング	60	13.3	0.6	0.3	0.8
てり焼きチキン	トッピング	130	8.4	6.8	8.0	1.5
チリチキン	トッピング	70	13.5	0.7	2.6	1.4
サラミ風セミドライソーセージ	トッピング	35	1.7	2.9	0.6	0.3
シュレッドチーズミックス	トッピング	46	3.5	3.6	0.1	0.3
ハム	トッピング	53	5.1	3.1	1.8	1.0
レタス	野菜	3	0.1	0.0	0.6	0.0
トマト	野菜	5	0.2	0.0	1.2	0.0
オニオン	野菜	3	0.1	0.0	0.6	0.0
ピーマン	野菜	1	0.0	0.0	0.2	0.0
ピクルス	野菜	1	0.0	0.0	0.2	0.3
オリーブ	野菜	9	0.1	0.6	0.7	0.1
ホットペッパー（激辛）	野菜	2	0.0	0.0	0.4	0.3
さつまいもスープ	サイドメニュー	115	1.8	2.3	22.0	1.3
グラスフェッドアイス はちみつ	サイドメニュー	156	3.4	6.6	22.1	0.2
オイル＆ビネガー 塩こしょう	ドレッシング・ソース・マスタード他	24	0.0	2.5	0.1	0.5
シーザードレッシング	ドレッシング・ソース・マスタード他	39	0.2	3.9	0.6	0.3
野菜クリーミードレッシング	ドレッシング・ソース・マスタード他	35	0.1	3.2	1.3	0.3
わさび醤油ソース	ドレッシング・ソース・マスタード他	6	0.1	0.5	0.4	0.2
バジルソース	ドレッシング・ソース・マスタード他	24	0.1	2.4	0.4	0.1
マヨネーズタイプ	ドレッシング・ソース・マスタード他	16	0.1	1.5	0.4	0.2
チリソース（激辛）	ドレッシング・ソース・マスタード他	3	0.1	0.0	0.8	0.2
マスタード	ドレッシング・ソース・マスタード他	4	0.2	0.2	0.4	0.2
チポトレソース（辛）	ドレッシング・ソース・マスタード他	53	0.1	5.5	0.6	0.3
ハニーマスタードソース	ドレッシング・ソース・マスタード他	14	0.2	0.2	3.0	0.4
たまご＆ハム	モーニング限定メニュー	194	7.5	9.5	20.0	1.6
たまご＆チーズ	モーニング限定メニュー	201	7.3	10.5	19.5	1.4
チーズトースト	モーニング限定メニュー	114	4.9	3.1	17.2	0.6
ハムたま	キッズメニュー	174	7.4	7.9	18.7	1.4
てりたま	キッズメニュー	225	9.8	10.2	23.4	1.8
たまご	キッズメニュー	158	5.7	6.8	19.0	1.1
てりチキ	キッズメニュー	170	7.7	5.1	23.4	1.3
つぶあん	スイーツサンド	170	5.3	2.4	32.2	0.6
あんこ＆マスカルポーネ	スイーツサンド	196	5.5	5.0	32.6	0.7
あんこ＆マスカルポーネ 抹茶	スイーツサンド	210	5.5	5.0	36.4	0.7
チョコチップ	クッキー	208	1.9	9.8	29.2	0.4
ホワイトマカダミア	クッキー	219	2.4	10.8	27.0	0.4
アイスコーヒー（S)	コールドドリンク	8	0.4	0.0	1.5	0.0
アイスコーヒー（M)	コールドドリンク	12	0.6	0.0	2.1	0.0
アイスコーヒー（L)	コールドドリンク	16	0.8	0.0	2.7	0.0
アイスカフェオレ（S)	コールドドリンク	76	3.8	4.1	5.8	0.1
アイスカフェオレ（M)	コールドドリンク	108	5.4	5.9	8.3	0.2
アイスカフェオレ（L)	コールドドリンク	133	6.7	7.2	10.2	0.2
アイスティー（S)	コールドドリンク	6	0.1	0.0	1.4	0.1
アイスティー（M)	コールドドリンク	8	0.1	0.0	2.1	0.1
アイスティー（L)	コールドドリンク	10	0.1	0.0	2.7	0.1
オレンジジュース（S)	コールドドリンク	102	1.5	0.0	24.2	0.0
オレンジジュース（M)	コールドドリンク	147	2.1	0.0	34.5	0.0
オレンジジュース（L)	コールドドリンク	191	2.7	0.0	44.9	0.0
野菜と果物のジュース（S)	コールドドリンク	94	1.3	0.4	21.1	0.1
野菜と果物のジュース（M)	コールドドリンク	135	1.8	0.6	30.2	0.1
野菜と果物のジュース（L)	コールドドリンク	176	2.3	0.8	39.4	0.2
アイスミルク（S)	コールドドリンク	142	7.1	8.2	9.8	0.2
アイスミルク（M)	コールドドリンク	203	10.2	11.7	14.1	0.3
アイスミルク（L)	コールドドリンク	265	13.3	15.2	18.3	0.4
アイスウーロン茶（S)	コールドドリンク	1	0.0	0.0	0.3	0.0
アイスウーロン茶（M)	コールドドリンク	1	0.1	0.0	0.4	0.0
アイスウーロン茶（L)	コールドドリンク	2	0.1	0.0	0.5	0.0
メロンソーダ（S)	コールドドリンク	79	0.0	0.0	19.9	0.0
メロンソーダ（M)	コールドドリンク	114	0.0	0.0	28.4	0.0
メロンソーダ（L)	コールドドリンク	148	0.0	0.0	37.1	0.0
ジンジャーエール（S)	コールドドリンク	70	0.0	0.0	17.5	0.0
ジンジャーエール（M)	コールドドリンク	100	0.0	0.0	24.9	0.0
ジンジャーエール（L)	コールドドリンク	130	0.0	0.0	32.6	0.0
ペプシコーラ（S)	コールドドリンク	79	0.1	0.0	19.8	0.0
ペプシコーラ（M)	コールドドリンク	114	0.1	0.0	28.2	0.0
ペプシコーラ（L)	コールドドリンク	148	0.1	0.0	36.9	0.0
ペプシゼロ（S)	コールドドリンク	0	0.1	0.0	0.4	0.1
ペプシゼロ（M)	コールドドリンク	0	0.1	0.0	0.5	0.1
ペプシゼロ（L)	コールドドリンク	0	0.2	0.0	0.8	0.2
アイスココア	コールドドリンク	198	5.3	7.5	27.2	0.4
ホットコーヒー（S)	ホットドリンク	5	0.2	0.0	0.8	0.0
ホットコーヒー（M)	ホットドリンク	7	0.4	0.0	1.3	0.0
ホットカフェラテ（S)	ホットドリンク	60	3.0	3.3	4.3	0.1
ホットカフェラテ（M)	ホットドリンク	69	3.5	3.8	5.2	0.1
ホットティー	ホットドリンク	3	0.3	0.0	0.3	0.0
ホットミルクティー	ホットドリンク	23	1.3	1.2	1.7	0.0
ハーブティー	ホットドリンク	5	0.2	0.2	1.2	0.0
ポーションミルク	コンディメント	13	0.2	1.3	0.2	0.0
スティックシュガー	コンディメント	12	0.0	0.0	3.0	0.0
ガムシロップ	コンディメント	34	0.0	0.0	8.4	0.0
コーヒーフロート	フロートドリンク	93	1.9	5.2	10.0	0.0
カフェオレフロート	フロートドリンク	151	4.7	8.7	13.5	0.1
コーラフロート	フロートドリンク	172	1.7	5.2	29.8	0.0
クリームソーダ	フロートドリンク	172	1.6	5.2	30.0	0.0
ココアフロート	フロートドリンク	286	6.9	12.6	36.2	0.4
オレンジフロート	フロートドリンク	176	3.0	5.2	29.4	0.0
ホットコーヒー（S)	限定店舗 ホットドリンク	5	0.2	0.0	0.7	0.0
ホットコーヒー（M)	限定店舗 ホットドリンク	5	0.2	0.0	0.8	0.0
