ハムチーズ＆サラダサンド		231	8.8	10	26.6	1.9
たっぷりタマゴサンド		221	8.4	12	19.3	1.6
チキンカツサンド～粒マスタード＆デミソース～		263	10	14.1	23.9	1.3
国産ポークメンチのバラエティーボックス		415	11.4	25.1	35.7	2.3
３種のデリ風サラダサンド		280	8.1	12.7	33.6	1.8
ベーグルサンド 塩あんバター		334	7.5	12.8	47.3	1
ハニーウォルナッツドーナツ		339	4	19	37.2	0.6
ふんわり７穀のシュガードーナツ		265	3.7	16.7	25.2	0.7
チョコオールドファッション		393	4.9	25.7	35.3	0.6
アップルパイ～国産りんご＆北海道牛乳クリーム～		288	3.4	14.3	36.2	0.5
シナモンロール		431	6.7	16.8	62.3	0.6
サクっとクッキーデニッシュ～シトラス＆チーズ～		373	5.8	20.5	41.5	0.7
彩りOIMOドーナツ		355	4	22.4	34.1	0.7
レザン・フロマージュ		273	5.9	9.5	40.4	0.9
キャラメルとアーモンドのチュロスリボン		415	3.5	28.4	36	0.4
みみまでやわらかフレンチトースト		246	7.6	10.2	30.9	1.1
日焼けベアフルのキャラメルスチームケーキ		258	4.5	8.2	41.4	0.4
プライムファイブ限定 バターインプレッツェル		278	6.6	11.5	35.8	1.6
プライムファイブ限定 発酵バタークロワッサン		259	5.3	14	28.8	0.7
プライムファイブ限定 パン・オ・ショコラ		314	3.8	16.1	33.9	0.5
プライムファイブ限定 あんこギッフェリ		290	6.2	13	39.6	0.7
プライムファイブ限定 アールグレイクロワッサン		263	3.4	17.7	23.8	0.5
プライムファイブ限定 トマトチーズスナック		338	9.1	15.9	42.1	1.6
プライムファイブ限定 ほうれん草フェタチーズ		328	8	16.1	38.4	1.4
プライムファイブ限定 チョコチャンククッキー		229	2.6	10.5	31.7	0.3
プライムファイブ限定 ダブルチャンクチョコクッキー		223	2.5	10.2	30.7	0.3
プライムファイブ限定 ダマンドクロワッサン		489	9.4	31.6	42.6	0.8
プライムファイブ限定 ダマンド ショコラ		449	6.1	26.3	42.1	0.6
厚切りオープンサンドチキンリモーネ		438	18.9	14.3	58.4	2.4
クロックムッシュのホットサンド		314	13.7	14.8	31.5	1.7
イングリッシュマフィン ツナチーズ		273	9.8	16.4	21.5	1.2
ボールパークドッグ プレーン		305	10.4	13.4	35.7	1.7
温野菜サラダ～バジルチーズ仕立て～		89	1.4	7.1	5	0.8
ボールパークドッグ オリジナル		307	10.5	13.5	36	2.3
ボールパークドッグ アボカド		368	11.4	19.1	38.9	1.9
ボールパークドッグ サルサ＆トルティーヤ		369	10.7	17.7	41.8	2.3
ボールパークドッグ アボカド＆トルティーヤ		412	11.9	21.4	44.2	1.9
ボールパークドッグ チーズメルト～5種のチーズ仕立て～		377	12.6	22.4	31.3	2.3
ピッツァ クワトロフォルマッジ		324	11.8	11.2	44.6	1.1
プライムファイブ限定 プライムドッグ プルドポーク＆チーズ		546	24.4	27.8	49.5	4
プライムファイブ限定 プライムドッグ レリッシュ		446	14.8	23.1	44.7	3.9
トマトケチャップ		12	0.2	0	2.7	0.3
マスタード		5	0.2	0.3	0.3	0.2
タバスコペッパーソース（1gあたり）		0	0	0	0	0.02
パルメザンチーズ（1gあたり）		5	0.4	0.3	0	0.02
ゴロっと茄子とベーコンの完熟トマトパスタ		597	22.3	18.5	85.1	3
ゆず香るたらこクリームパスタ		540	20.3	17.5	75.6	4
オリジナルボロネーゼ～肉の旨みあふれる特製ラグー仕立て～		656	30.3	22.5	83.4	3.7
彩り野菜の瀬戸内レモンパスタ～青唐辛子風味～		566	15.4	21	80	3.9
薫りとコクのカルボナーラ withパンチェッタ		672	26.3	27	80.9	3.5
&TEA限定 ポルチーニ香るきのこクリームのフェットチーネ（生パスタ）		446	14	17.6	57.8	2.1
&TEA限定 粗びきビーフのチェダーのボロネーゼ		653	32.2	21.6	82.4	3.5
&TEA限定 薫香ポークのカルボナーラ		771	24.5	38.2	82.1	2.8
&TEA限定 バター香る完熟トマトソースのパスタ		606	24.2	19.6	83.3	3.3
病院限定 粗びきビーフのボロネーゼ		545	26.2	12.9	81.1	3.5
プライムファイブ限定 バター香る完熟トマトソースのパスタ		523	18.3	17.7	72.5	4
プライムファイブ限定 粗びきビーフとチェダーのボロネーゼ		569	26.5	17.9	75.6	4.3
プライムファイブ限定 ポルチーニ香るきのこクリームのフェットチーネ		446	14	17.6	57.8	2.1
プライムファイブ限定 薫香ポークのカルボナーラ		690	18.3	38.3	68.1	3.2
沖縄県限定 インド風チキンキーマカレー（国産米使用）		658	15.1	29.4	83.1	4
病院限定 芳醇デミグラスのとろとろ卵オムライス（国産米使用）		623	16.5	30	71.9	4.6
サイドメニュー取り扱い店限定 ジューシーフライドチキン 枝豆付		493	29	29.4	29.1	2.5
サイドメニュー取り扱い店限定 ソーセージ5種		426	19.6	34.4	5.3	2.5
プライムファイブ限定 ブリーチーズ＆トルティーヤチップス		275	9.6	15.1	26.1	0.7
プライムファイブ限定 ソーセージ盛り合わせ		426	19.6	34.4	5.3	2.5
プライムファイブ限定 具沢山ミネストローネスープ		156	4.6	6.4	19.9	1.3
岐阜大学病院 金沢大学病院 松波総合病院限定 厚切りトーストのモーニング		383	10.3	10.1	60.5	1.4
岐阜大学病院 金沢大学病院 松波総合病院限定 ポーションバター		44	0	4.9	0.1	0.1
セット ハニーヨーグルト		75	3.1	1.7	12	0.1
シナモンパンプキンチーズケーキ		292	4.2	17.8	28.5	0.3
モンブランタルト		261	3.3	14.7	29	0.1
桃とアールグレイのタルト		249	3.1	13.8	28.2	0.1
T's ベイクドチーズケーキ		304	5.2	19.5	27.1	0.4
幸せを運ぶブルーベリーレアチーズ		218	2.4	11.2	26.9	0.1
ミルクレープ ダブルクリーム		210	3.6	12.5	20.9	0.2
クラシックチョコレートケーキ		213	2.7	15	17	0.1
メープルとバターの米粉パンケーキ（国産米粉使用）		321	4.7	9.1	56.2	1.1
ベアフルのメープル米粉パンケーキ（国産米粉使用）		236	4.2	8.2	37	0.7
デリバリー限定 ハニーメープルの米粉パンケーキ（国産米粉使用）		364	4.8	8.8	68.6	1.1
＆TEA限定 ゴーダチーズケーキ		368	5.1	24.8	31.6	0.5
＆TEA限定 ミルクレープ・ヴァニーユ		384	6.6	24	35.4	0.3
＆TEA限定 クランブルアップルパイ		321	3.8	13.6	45.9	0.2
＆TEA限定 ミルククリームシフォン		243	3.6	14.7	24.6	0.1
＆TEA限定 マンゴームースケーキ		259	2.9	10.1	39.2	0.1
店舗限定 ゴーダチーズケーキ		306	4.8	21.8	22.6	0.5
店舗限定 ミルクレープ・ヴァニーユ		302	4.8	20.3	24.8	0.2
店舗限定 クランブルアップルパイ		239	2	9.9	35.4	0.1
店舗限定 ミルククリームシフォン		222	3.6	14.7	19	0.1
店舗限定 マンゴームースケーキ		207	2.7	7.1	33	0.1
福岡空港限定 米粉パンケーキ ひこうき（国産米粉使用）		236	4.2	8.2	37	0.7
サンシャイン水族館 米粉パンケーキ ぺんぎん（国産米粉使用）		192	2.6	7.5	28.9	0.6
サンシャイン水族館 米粉パンケーキ かわうそ（国産米粉使用）		192	2.6	7.5	28.9	0.6
札幌HTB創世スクエア限定 onちゃんパンケーキ チーズクリーム＆ブルーベリー（国産米粉使用）		742	11.2	37.9	89.8	2.6
札幌HTB創世スクエア限定 onちゃんのメープル米粉パンケーキ（国産米粉使用）		236	4.2	8.2	37	0.7
阪急大阪梅田駅3F・阪急西宮北口・阪急石橋限定 おさるのジョージ うきうき窯焼きケーキ～バナナ＆チョコ～		380	5.6	16	53.7	0.7
プライムファイブ限定 ゴーダチーズケーキ		356	5.1	23.6	31.4	0.6
プライムファイブ限定 ミルクレープ・ヴァニーユ		352	5.1	22.1	33.6	0.3
プライムファイブ限定 クランブルアップルパイ		288	2.3	11.7	44.2	0.1
プライムファイブ限定 ミルククリームシフォン		272	3.8	16.5	27.8	0.2
プライムファイブ限定 マンゴームースケーキ		257	3	8.9	41.8	0.2
プライムファイブ限定 ティラミスアフォガートパフェ		405	9.5	21.6	43	0.3
北海道小麦のしっとりバウム		282	4.3	14.9	32.7	0.3
ソフトクッキー バニラ＆チョコレートチャンク		266	3.1	13	33.9	0.3
ソフトクッキー プラリネ＆ダブルアーモンド		281	5.2	15.7	29.7	0.4
ソフトクッキー 塩キャラメル＆マカダミア		262	3	13.5	32.1	0.4
タリーズレーズンサンド		220	3.7	11.1	26.1	0.1
バターフィナンシェ		155	2.5	7.9	18.5	0.1
鳴門金時のスイートポテト		127	2.2	0.5	29.6	0.1
さつまいもチップス 塩バター仕立て		228	1	10.8	31.8	0.2
デーツ＆カカオ 生ブラウニーバー		117	1.8	4.3	17.8	0.03
バウムクーヘン		226	2.9	12.9	29.8	0.1
トムとジェリー チーズ味カリカリスティック		133	4.1	3.7	20.9	0.6
T's バニラ（種類別：アイスミルク）	アイスミルク	81	1.9	3.6	10.6	0.1
T's 宇治抹茶（種類別：アイスミルク）	アイスミルク	73	1.6	2.8	10.5	0.1
T's トリプルチョコレート（種類別：アイスミルク）	アイスミルク	100	2.3	4.2	14.1	0.1
T's カフェクラシコ（種類別：アイスミルク）	アイスミルク	98	1.4	3.9	14.6	0.1
T's ストロベリーミルク（種類別：アイスクリーム）	アイスクリーム	99	1.5	4.5	13.1	0.1
T's みたらしミルク（種類別：アイスミルク）	アイスミルク	101	1.5	4.5	13.6	0.2
T's つぶつぶピーナッツ（種類別：ラクトアイス）		110	3.1	6	11	0.1
ワッフルコーン		62	1.1	0.8	12.8	0.1
店舗限定 プレミアムソフトクリーム（コーン）		241	5.4	9.8	33	0.3
店舗限定 ソフトクリーム宇治抹茶（コーン）		210	4.6	6.4	35	0.2
店舗限定 トッピング ソフトクリーム バニラ		107	2.6	5.4	12.1	0.1
店舗限定 トッピング ソフトクリーム 宇治抹茶		89	2.1	3.4	13.3	0.1
店舗限定 トッピング ソフトクリーム ミックス		98	2.3	4.4	12.7	0.1
アイスラッシュ 宇治抹茶		148	1.9	1.4	33.7	0.04
アイスラッシュ ストロベリー		164	1.2	1.3	39.7	0.2
アイスラッシュ ほうじ茶		151	1.7	1.4	34.1	0.04
サンシャイン水族館限定 T's アイスラッシュ ブルーオアシス		175	1.2	1.3	40.3	0
OIMOラテ × 北海道バター	HOT・T・牛乳	317	7.7	13.5	42.8	0.3
OIMOラテ × 北海道バター	HOT・T・豆乳	281	7.5	11.9	37.8	0.6
OIMOラテ × 北海道バター	ICED・T・牛乳	250	5.6	11.1	33.1	0.3
OIMOラテ × 北海道バター	ICED・T・豆乳	225	5.4	10	29.6	0.4
OIMOラテ × 青森りんご	HOT・T・牛乳	329	7.7	13.4	46	0.3
OIMOラテ × 青森りんご	HOT・T・豆乳	293	7.5	11.8	41	0.6
OIMOラテ × 青森りんご	ICED・T・牛乳	262	5.6	11	36.3	0.2
OIMOラテ × 青森りんご	ICED・T・豆乳	237	5.5	9.9	32.9	0.4
OIMOラテ × 笠間の栗	HOT・T・牛乳	315	7.7	13.5	42.1	0.3
OIMOラテ × 笠間の栗	HOT・T・豆乳	279	7.5	11.9	37.1	0.5
OIMOラテ × 笠間の栗	HOT・T・アーモンドミルク	261	1.9	13.5	36.7	0.4
OIMOラテ × 笠間の栗	ICED・T・牛乳	248	5.6	11.1	32.4	0.2
OIMOラテ × 笠間の栗	ICED・T・豆乳	223	5.4	10	29	0.4
OIMOラテ × 笠間の栗	ICED・T・アーモンドミルク	210	1.6	11.1	28.7	0.3
OIMOラテ × ほっこり大学芋	HOT・T・牛乳	320	7.7	13.5	43.4	0.3
OIMOラテ × ほっこり大学芋	HOT・T・豆乳	284	7.5	11.9	38.4	0.6
OIMOラテ × ほっこり大学芋	HOT・T・アーモンドミルク	266	1.9	13.5	38	0.5
OIMOラテ × ほっこり大学芋	ICED・T・牛乳	253	5.7	11.1	33.8	0.2
OIMOラテ × ほっこり大学芋	ICED・T・豆乳	228	5.5	10	30.3	0.4
OIMOラテ × ほっこり大学芋	ICED・T・アーモンドミルク	216	1.6	11.1	30	0.3
OIMOラテ × 魅惑のあんバター	HOT・T・牛乳	346	8.4	13.6	49.5	0.3
OIMOラテ × 魅惑のあんバター	HOT・T・豆乳	310	8.2	12	44.5	0.6
OIMOラテ × 魅惑のあんバター	ICED・T・牛乳	279	6.3	11.2	39.8	0.3
OIMOラテ × 魅惑のあんバター	ICED・T・豆乳	254	6.2	10.1	36.4	0.5
OIMOラテ × とろりんわらび餅	ICED・T・牛乳	322	5.2	10.3	53.1	0.2
OIMOラテ × とろりんわらび餅	ICED・T・豆乳	301	5.1	9.4	50.3	0.3
OIMOラテ × とろりんわらび餅	ICED・T・アーモンドミルク	291	1.9	10.3	50	0.3
OIMOラテ × ほっくり鳴門金時	HOT・T・牛乳	338	7.8	13.4	47.9	0.3
OIMOラテ × ほっくり鳴門金時	HOT・T・豆乳	302	7.6	11.8	42.9	0.5
OIMOラテ × ほっくり鳴門金時	ICED・T・牛乳	271	5.7	11	38.2	0.2
OIMOラテ × ほっくり鳴門金時	ICED・T・豆乳	246	5.6	9.9	34.7	0.4
OIMOラテ × コクっと黒糖	HOT・T・牛乳	327	7.8	13.4	45.7	0.3
OIMOラテ × コクっと黒糖	HOT・T・豆乳	291	7.6	11.8	40.7	0.5
OIMOラテ × コクっと黒糖	ICED・T・牛乳	260	5.7	11	36	0.2
OIMOラテ × コクっと黒糖	ICED・T・豆乳	235	5.5	9.9	32.5	0.4
OIMO シェイクール × 北海道バター	ICED・T	475	5.4	23.5	62.1	0.6
OIMO シェイクール × 青森りんご	ICED・T	487	5.5	23.3	65.4	0.6
OIMO シェイクール × 笠間の栗	ICED・T	473	5.4	23.5	61.5	0.6
OIMO シェイクール × ほっこり大学芋	ICED・T	479	5.5	23.5	62.8	0.6
OIMO シェイクール × 魅惑のあんバター	ICED・T	504	6.2	23.5	68.9	0.6
OIMO シェイクール × とろりんわらび餅	ICED・T	430	4.3	15.7	69.3	0.3
OIMO シェイクール × ほっくり鳴門金時	ICED・T	496	5.6	23.4	67.2	0.6
OIMO シェイクール × コクっと黒糖	ICED・T	485	5.5	23.3	65	0.6
&TEA アップルジンジャーフローズンティー	ICED・T	174	0.2	0.1	46.5	0.2
チョコアフォガート シェイクール	ICED・T	265	5.7	8	43.2	0.3
バニラアフォガート シェイクール	ICED・T	338	5.3	16.7	42.3	0.5
クリーミーマンゴータンゴ シェイクール	ICED・S	187	0.7	4.5	37.9	0.02
クリーミーマンゴータンゴ シェイクール	ICED・T	225	0.8	5.4	45.7	0.03
クリーミーマンゴータンゴ シェイクール	ICED・G	290	1	5.4	62.9	0.03
ビターバニラアフォガート シェイクール	ICED・T	343	4.6	16.7	44.3	0.5
クリーミーバニラアフォガート シェイクール	ICED・T	405	4.6	22	47.7	0.5
キャラメルバニラアフォガート シェイクール	ICED・T	406	4.3	16.8	61.3	0.5
ナッティーバニラアフォガート シェイクール	ICED・T	387	4.2	16.7	56.6	0.5
デカフェバニラアフォガート シェイクール	ICED・T	336	4.1	16.7	43.1	0.5
バニラアフォガート シェイクールwithダブルチョコ	ICED・T	453	6.7	20.9	60.4	0.6
モアバニラアフォガート シェイクール	ICED・T	420	6.1	20.2	53.9	0.6
ハニーバニラアフォガート シェイクール	ICED・T	359	4.3	16.7	49.1	0.5
国産生姜のドライジンジャーエール	ICED・T	134	0.1	0	36.1	0.1
＆TEA グレープフルーツセパレートティー	ICED・T	73	0.7	0.1	18.3	0.1
＆TEA グレープフルーツセパレートティー	ICED・G	106	1	0.1	26.4	0.1
＆TEA フローズンティーはちみつリモンチェッロ（FROZEN）	ICED・T	134	0.2	0	36.5	0.5
＆TEA虎ノ門ヒルズ限定 アールグレイロイヤルミルクティー	ICED・T・牛乳	127	5.4	5.9	13.3	0.2
＆TEA虎ノ門ヒルズ限定 アールグレイロイヤルミルクティー	ICED・T・豆乳	105	5.2	4.9	10.1	0.3
Express目白駅前限定 フレーバーラテ《バニラ》	HOT・T・牛乳	220	7.2	7.8	30.1	0.2
Express目白駅前限定 フレーバーラテ《バニラ》	HOT・T・豆乳	184	7	6.2	25.1	0.5
Express目白駅前限定 フレーバーラテ《バニラ》	HOT・T・アーモンドミルク	166	1.4	7.8	24.7	0.4
Express目白駅前限定 フレーバーラテ《バニラ》	ICED・T・牛乳	153	5.1	5.5	20.7	0.2
Express目白駅前限定 フレーバーラテ《バニラ》	ICED・T・豆乳	128	5	4.3	17.3	0.3
Express目白駅前限定 フレーバーラテ《バニラ》	ICED・T・アーモンドミルク	115	1.1	5.5	17	0.3
Express目白駅前限定 フレーバーラテ《ソルティ―キャラメル》	HOT・T・牛乳	230	7.4	8.3	32.8	0.4
Express目白駅前限定 フレーバーラテ《ソルティ―キャラメル》	HOT・T・豆乳	194	7.2	6.7	27.8	0.7
Express目白駅前限定 フレーバーラテ《ソルティ―キャラメル》	HOT・T・アーモンドミルク	176	1.6	8.3	27.4	0.6
Express目白駅前限定 フレーバーラテ《ソルティ―キャラメル》	ICED・T・牛乳	159	5.2	5.8	22.5	0.3
Express目白駅前限定 フレーバーラテ《ソルティ―キャラメル》	ICED・T・豆乳	134	5.1	4.6	19.1	0.5
Express目白駅前限定 フレーバーラテ《ソルティ―キャラメル》	ICED・T・アーモンドミルク	121	1.2	5.8	18.8	0.4
Express目白駅前限定 フレーバーラテ《マカダミアナッツ》	HOT・T・牛乳	194	7.2	7.8	23.3	0.2
Express目白駅前限定 フレーバーラテ《マカダミアナッツ》	HOT・T・豆乳	158	7	6.2	18.3	0.5
Express目白駅前限定 フレーバーラテ《マカダミアナッツ》	HOT・T・アーモンドミルク	140	1.4	7.8	17.9	0.4
Express目白駅前限定 フレーバーラテ《マカダミアナッツ》	ICED・T・牛乳	135	5.1	5.5	16.2	0.2
Express目白駅前限定 フレーバーラテ《マカダミアナッツ》	ICED・T・豆乳	110	5	4.3	12.7	0.3
Express目白駅前限定 フレーバーラテ《マカダミアナッツ》	ICED・T・アーモンドミルク	98	1.1	5.5	12.4	0.3
Express目白駅前限定 フレーバーラテ《ブラックカラント》	HOT・T・牛乳	224	7.2	7.8	31.1	0.2
Express目白駅前限定 フレーバーラテ《ブラックカラント》	HOT・T・豆乳	188	7	6.2	26.1	0.5
Express目白駅前限定 フレーバーラテ《ブラックカラント》	HOT・T・アーモンドミルク	170	1.4	7.8	25.7	0.4
Express目白駅前限定 フレーバーラテ《ブラックカラント》	ICED・T・牛乳	155	5.1	5.5	21.4	0.2
Express目白駅前限定 フレーバーラテ《ブラックカラント》	ICED・T・豆乳	130	5	4.3	17.9	0.3
Express目白駅前限定 フレーバーラテ《ブラックカラント》	ICED・T・アーモンドミルク	118	1.1	5.5	17.7	0.3
Express目白駅前限定 フレーバーラテ《ポップコーン》	HOT・T・牛乳	217	7.2	7.8	29.3	0.2
Express目白駅前限定 フレーバーラテ《ポップコーン》	HOT・T・豆乳	181	7	6.2	24.3	0.5
Express目白駅前限定 フレーバーラテ《ポップコーン》	HOT・T・アーモンドミルク	163	1.4	7.8	23.9	0.4
Express目白駅前限定 フレーバーラテ《ポップコーン》	ICED・T・牛乳	151	5.1	5.5	20.2	0.2
Express目白駅前限定 フレーバーラテ《ポップコーン》	ICED・T・豆乳	126	5	4.3	16.7	0.3
Express目白駅前限定 フレーバーラテ《ポップコーン》	ICED・T・アーモンドミルク	113	1.1	5.5	16.4	0.3
Express目白駅前限定 キャラメルポップコーンシェイクール	ICED・T	465	5.5	23.4	58.9	0.6
Express目白駅前限定 カフェモカシェイクール	ICED・T	436	7.4	24.4	48.5	0.5
エアロカーノ	HOT・T	12	0.7	0.1	2.2	0.01
エアロカーノ	ICED・T	12	0.7	0.1	2.2	0.01
カフェラテ	HOT・S・牛乳	102	5	5.4	8.1	0.2
カフェラテ	HOT・T・牛乳	134	6.6	7.2	10.5	0.2
カフェラテ	HOT・G・牛乳	172	8.5	9.1	13.9	0.3
カフェラテ	HOT・S・アーモンドミルク	69	1.1	5.9	4.5	0.3
カフェラテ	HOT・T・アーモンドミルク	90	1.4	7.8	5.7	0.4
カフェラテ	HOT・G・アーモンドミルク	117	2	9.8	7.9	0.5
カフェラテ	ICED・S・牛乳	83	4.1	4.4	6.7	0.1
カフェラテ	ICED・T・牛乳	105	5.2	5.6	8.4	0.2
カフェラテ	ICED・G・牛乳	140	6.9	7.3	11.6	0.2
カフェラテ	ICED・S・アーモンドミルク	56	1	4.7	3.8	0.2
カフェラテ	ICED・T・アーモンドミルク	71	1.1	6.1	4.7	0.3
カフェラテ	ICED・G・アーモンドミルク	96	1.7	7.9	6.8	0.4
カフェモカ	HOT・S・牛乳	232	6.4	10.7	28.4	0.2
カフェモカ	HOT・T・牛乳	304	8.4	13.6	38.1	0.3
カフェモカ	HOT・G・牛乳	371	10.7	15.7	48.2	0.4
カフェモカ	HOT・S・豆乳	205	6.2	9.5	24.6	0.4
カフェモカ	HOT・T・豆乳	268	8.2	12	33.1	0.6
カフェモカ	HOT・G・豆乳	326	10.4	13.7	42	0.7
カフェモカ	HOT・S・アーモンドミルク	191	2	10.7	24.3	0.3
カフェモカ	HOT・T・アーモンドミルク	250	2.6	13.6	32.7	0.5
カフェモカ	HOT・G・アーモンドミルク	303	3.4	15.7	41.5	0.6
カフェモカ	ICED・S・牛乳	200	4.8	8.9	26.1	0.2
カフェモカ	ICED・T・牛乳	235	6.1	11.1	28.6	0.2
カフェモカ	ICED・G・牛乳	293	7.9	12.7	38	0.3
カフェモカ	ICED・S・豆乳	181	4.7	8	23.5	0.3
カフェモカ	ICED・T・豆乳	210	5.9	10	25.1	0.4
カフェモカ	ICED・G・豆乳	262	7.7	11.3	33.6	0.5
カフェモカ	ICED・S・アーモンドミルク	172	1.8	8.9	23.3	0.3
カフェモカ	ICED・T・アーモンドミルク	198	2	11.1	24.8	0.3
カフェモカ	ICED・G・アーモンドミルク	246	2.8	12.7	33.3	0.4
デカフェラテ	HOT・S・牛乳	108	5.3	5.9	8.3	0.2
デカフェラテ	HOT・T・牛乳	143	7	7.9	10.8	0.2
デカフェラテ	HOT・G・牛乳	182	8.9	9.9	14	0.3
デカフェラテ	HOT・S・豆乳	81	5.2	4.7	4.5	0.4
デカフェラテ	HOT・T・豆乳	107	6.8	6.3	5.8	0.5
デカフェラテ	HOT・G・豆乳	137	8.7	7.9	7.8	0.6
デカフェラテ	HOT・S・アーモンドミルク	68	1	5.9	4.2	0.3
デカフェラテ	HOT・T・アーモンドミルク	89	1.2	7.9	5.4	0.4
デカフェラテ	HOT・G・アーモンドミルク	114	1.7	9.9	7.3	0.5
デカフェラテ	ICED・S・牛乳	87	4.3	4.7	6.8	0.1
デカフェラテ	ICED・T・牛乳	112	5.5	6.1	8.5	0.2
デカフェラテ	ICED・G・牛乳	147	7.2	7.9	11.5	0.2
デカフェラテ	ICED・S・豆乳	66	4.2	3.8	3.8	0.3
デカフェラテ	ICED・T・豆乳	84	5.3	4.9	4.6	0.4
デカフェラテ	ICED・G・豆乳	111	7	6.3	6.5	0.5
デカフェラテ	ICED・S・アーモンドミルク	55	0.8	4.7	3.5	0.2
デカフェラテ	ICED・T・アーモンドミルク	70	1	6.1	4.3	0.3
デカフェラテ	ICED・G・アーモンドミルク	93	1.4	7.9	6.1	0.4
ハニーミルクラテ	HOT・S・牛乳	193	6.7	7.2	25.4	0.2
ハニーミルクラテ	HOT・T・牛乳	259	9	9.8	33.5	0.3
ハニーミルクラテ	HOT・G・牛乳	331	11.8	12.5	42.7	0.4
ハニーミルクラテ	HOT・S・豆乳	168	6.5	6	22.5	0.4
ハニーミルクラテ	HOT・T・豆乳	225	8.8	8.2	29.4	0.5
ハニーミルクラテ	HOT・G・豆乳	291	11.6	10.6	38	0.6
ハニーミルクラテ	HOT・S・アーモンドミルク	159	2.8	7.6	21.8	0.3
ハニーミルクラテ	HOT・T・アーモンドミルク	214	3.9	10.4	28.8	0.5
ハニーミルクラテ	HOT・G・アーモンドミルク	275	5.3	13.3	36.8	0.6
ハニーミルクラテ	ICED・S・牛乳	164	5.2	5.5	23.2	0.2
ハニーミルクラテ	ICED・T・牛乳	186	6.3	6.8	24.8	0.2
ハニーミルクラテ	ICED・G・牛乳	250	8.7	9	33.4	0.3
ハニーミルクラテ	ICED・S・豆乳	146	5.2	4.7	21.3	0.3
ハニーミルクラテ	ICED・T・豆乳	163	6.2	5.7	22.2	0.3
ハニーミルクラテ	ICED・G・豆乳	219	8.5	7.6	29.9	0.4
ハニーミルクラテ	ICED・S・アーモンドミルク	139	2.6	5.8	20.8	0.3
ハニーミルクラテ	ICED・T・アーモンドミルク	154	2.7	7.2	21.6	0.3
ハニーミルクラテ	ICED・G・アーモンドミルク	210	4.1	9.5	29.3	0.4
ソイラテ	HOT・S・豆乳	78	4.9	4.2	5.1	0.3
ソイラテ	HOT・T・豆乳	102	6.4	5.6	6.5	0.4
ソイラテ	HOT・G・豆乳	132	8.2	7.1	8.9	0.5
ソイラテ	ICED・S・豆乳	64	4	3.4	4.3	0.2
ソイラテ	ICED・T・豆乳	80	5	4.4	5.3	0.3
ソイラテ	ICED・G・豆乳	108	6.7	5.7	7.6	0.4
カプチーノ	HOT・S・牛乳	102	5	5.4	8.1	0.2
カプチーノ	HOT・T・牛乳	134	6.6	7.2	10.5	0.2
カプチーノ	HOT・G・牛乳	172	8.5	9.1	13.9	0.3
カプチーノ	HOT・S・豆乳	78	4.9	4.2	5.1	0.3
カプチーノ	HOT・T・豆乳	102	6.4	5.6	6.5	0.4
カプチーノ	HOT・G・豆乳	132	8.2	7.1	8.9	0.5
カプチーノ	HOT・S・アーモンドミルク	69	1.1	5.9	4.5	0.3
カプチーノ	HOT・T・アーモンドミルク	90	1.4	7.8	5.7	0.4
カプチーノ	HOT・G・アーモンドミルク	117	2	9.8	7.9	0.5
カフェアメリカーノ	HOT・S	6	0.4	0	1.1	0
カフェアメリカーノ	HOT・T	12	0.7	0.1	2.2	0
カフェアメリカーノ	HOT・G	18	1.1	0.1	3.2	0
カフェアメリカーノ	ICED・S	6	0.4	0	1.1	0
カフェアメリカーノ	ICED・T	12	0.7	0.1	2.2	0
カフェアメリカーノ	ICED・G	18	1.1	0.1	3.2	0
キャラメルラテ with ソルティーキャラメルソース	HOT・S・牛乳	235	5.9	10.5	30.2	0.2
キャラメルラテ with ソルティーキャラメルソース	HOT・T・牛乳	306	7.6	13.3	40.1	0.3
キャラメルラテ with ソルティーキャラメルソース	HOT・G・牛乳	371	9.7	15.3	50.3	0.3
キャラメルラテ with ソルティーキャラメルソース	HOT・S・豆乳	204	5.3	8.8	26.8	0.4
キャラメルラテ with ソルティーキャラメルソース	HOT・T・豆乳	264	6.8	11.1	35.5	0.5
キャラメルラテ with ソルティーキャラメルソース	HOT・G・豆乳	318	8.7	12.5	44.5	0.6
キャラメルラテ with ソルティーキャラメルソース	HOT・S・アーモンドミルク	193	1.5	10.5	26.2	0.3
キャラメルラテ with ソルティーキャラメルソース	HOT・T・アーモンドミルク	250	1.8	13.3	34.7	0.4
キャラメルラテ with ソルティーキャラメルソース	HOT・G・アーモンドミルク	302	2.4	15.3	43.6	0.5
キャラメルラテ with ソルティーキャラメルソース	ICED・S・牛乳	203	4.3	8.7	27.9	0.2
キャラメルラテ with ソルティーキャラメルソース	ICED・T・牛乳	239	5.6	10.9	30.4	0.2
キャラメルラテ with ソルティーキャラメルソース	ICED・G・牛乳	295	7.2	12.4	40	0.2
キャラメルラテ with ソルティーキャラメルソース	ICED・S・豆乳	182	3.9	7.5	25.5	0.3
キャラメルラテ with ソルティーキャラメルソース	ICED・T・豆乳	210	5	9.4	27.2	0.3
キャラメルラテ with ソルティーキャラメルソース	ICED・G・豆乳	258	6.5	10.5	35.9	0.4
キャラメルラテ with ソルティーキャラメルソース	ICED・S・アーモンドミルク	174	1.3	8.7	25.2	0.3
キャラメルラテ with ソルティーキャラメルソース	ICED・T・アーモンドミルク	200	1.5	10.9	26.7	0.3
キャラメルラテ with ソルティーキャラメルソース	ICED・G・アーモンドミルク	246	2.1	12.4	35.2	0.4
エスプレッソ（シングル）	HOT	6	0.4	0	1.1	0
エスプレッソ（ダブル）	HOT	12	0.7	0.1	2.2	0
エスプレッソ マキアート（シングル）	HOT・牛乳	38	1.9	1.8	3.4	0.1
エスプレッソ マキアート（シングル）	HOT・豆乳	30	1.9	1.4	2.4	0.1
エスプレッソ マキアート（シングル）	HOT・アーモンドミルク	27	0.6	2	2.2	0.1
エスプレッソ マキアート（ダブル）	HOT・牛乳	44	2.3	1.9	4.5	0.1
エスプレッソ マキアート（ダブル）	HOT・豆乳	36	2.2	1.5	3.5	0.1
エスプレッソ マキアート（ダブル）	HOT・アーモンドミルク	33	1	2	3.3	0.1
エスプレッソ コンパナ（シングル）	HOT	51	0.6	3.6	4	0
エスプレッソ コンパナ（ダブル）	HOT	57	1	3.7	5.1	0
モバイルオーダー限定 ダブルエスプレッソラテ	HOT・T・牛乳	150	7.5	7.9	12.2	0.2
モバイルオーダー限定 ダブルエスプレッソラテ	ICED・T・牛乳	98	5	4.9	8.4	0.1
モバイルオーダー限定 ダブルエスプレッソハニーミルクラテ	HOT・T・牛乳	274	10	10.5	35.2	0.3
モバイルオーダー限定 ダブルエスプレッソハニーミルクラテ	ICED・T・牛乳	177	6.1	6	24.9	0.2
プライムファイブ限定 エアロカーノ	ICED・T	12	0.7	0.1	2.2	0.01
プライムファイブ限定 カプチーノ	ICED・T・牛乳	110	5.5	5.9	8.6	0.2
プライムファイブ限定 カプチーノ	ICED・T・豆乳	83	5.3	4.7	4.8	0.4
プライムファイブ限定 フラットホワイト	HOT・T・牛乳	185	9.2	9.8	14.7	0.3
プライムファイブ限定 フラットホワイト	HOT・T・豆乳	140	9	7.8	8.4	0.6
花のれん限定 花月ラテ	HOT・T・牛乳	218	7.2	7.8	30.8	0.2
花のれん限定 花月ラテ	HOT・T・豆乳	182	7	6.2	25.8	0.5
花のれん限定 花月ラテ	HOT・T・アーモンドミルク	164	1.4	7.8	25.4	0.4
花のれん限定 花月ラテ	ICED・T・牛乳	159	5.5	5.9	21.8	0.2
花のれん限定 花月ラテ	ICED・T・豆乳	132	5.3	4.7	18	0.4
花のれん限定 花月ラテ	ICED・T・アーモンドミルク	118	1.1	5.9	17.7	0.3
花のれん限定 笑ラッテ	HOT・T・牛乳	219	7.2	7.8	31	0.2
花のれん限定 笑ラッテ	HOT・T・豆乳	183	7	6.2	26	0.5
花のれん限定 笑ラッテ	HOT・T・アーモンドミルク	165	1.4	7.8	25.6	0.4
花のれん限定 笑ラッテ	ICED・T・牛乳	159	5.5	5.9	21.9	0.2
花のれん限定 笑ラッテ	ICED・T・豆乳	132	5.3	4.7	18.1	0.4
花のれん限定 笑ラッテ	ICED・T・アーモンドミルク	119	1.1	5.9	17.8	0.3
ところざわサクラタウン限定 サクラタウンラテ	HOT・T・牛乳	144	7.2	7.8	11.1	0.2
ところざわサクラタウン限定 サクラタウンラテ	HOT・T・豆乳	108	7	6.2	6.1	0.5
ところざわサクラタウン限定 サクラタウンラテ	ICED・T・牛乳	110	5.5	5.9	8.6	0.2
ところざわサクラタウン限定 サクラタウンラテ	ICED・T・豆乳	83	5.3	4.7	4.9	0.4
店舗限定 デザインラテ	HOT・T・牛乳	147	7.2	8	11.4	0.2
店舗限定 デザインラテ	HOT・T・豆乳	111	7	6.4	6.4	0.5
店舗限定 デザインラテ	ICED・T・牛乳	112	5.5	6	8.9	0.2
店舗限定 デザインラテ	ICED・T・豆乳	85	5.4	4.8	5.2	0.4
＆TEA虎ノ門ヒルズ限定 文豪ラテ	HOT・T・牛乳	144	7.2	7.8	11.2	0.2
＆TEA虎ノ門ヒルズ限定 文豪ラテ	HOT・T・豆乳	108	7	6.2	6.2	0.5
天王寺公園限定 てんしばラテ	HOT・T・牛乳	144	7.2	7.8	11.1	0.2
天王寺公園限定 てんしばラテ	HOT・T・豆乳	108	7	6.2	6.1	0.5
天王寺公園限定 てんしばラテ	ICED・T・牛乳	110	5.5	5.9	8.6	0.2
天王寺公園限定 てんしばラテ	ICED・T・豆乳	83	5.3	4.7	4.9	0.4
江ノ電長谷駅限定 江ノ電ラテ	HOT・T・牛乳	144	7.2	7.8	11.1	0.2
江ノ電長谷駅限定 江ノ電ラテ	HOT・T・豆乳	108	7	6.2	6.1	0.5
江ノ電長谷駅限定 江ノ電ラテ	ICED・T・牛乳	110	5.5	5.9	8.6	0.2
江ノ電長谷駅限定 江ノ電ラテ	ICED・T・豆乳	83	5.3	4.7	4.9	0.4
Express目白駅前限定 アーモンドミルクラテ	HOT・T・アーモンドミルク	90	1.4	7.8	5.7	0.4
Express目白駅前限定 アーモンドミルクラテ	ICED・T・アーモンドミルク	71	1.1	6.1	4.7	0.3
with U 限定 ベアフルカフェラテ（デカフェ）	HOT・S・牛乳	111	5.4	6	8.6	0.2
with U 限定 ベアフルカフェラテ（デカフェ）	HOT・T・牛乳	145	7.1	8	11.1	0.2
with U 限定 ベアフルカフェラテ（デカフェ）	HOT・G・牛乳	184	9	10	14.3	0.3
with U 限定 ベアフルカフェラテ（デカフェ）	HOT・S・豆乳	84	5.2	4.8	4.8	0.4
with U 限定 ベアフルカフェラテ（デカフェ）	HOT・T・豆乳	109	6.9	6.4	6.1	0.5
with U 限定 ベアフルカフェラテ（デカフェ）	HOT・G・豆乳	139	8.7	8	8.1	0.6
本日のコーヒー	HOT・S	9	0.4	0	1.5	0.02
本日のコーヒー	HOT・T	13	0.7	0	2.3	0.03
本日のコーヒー	HOT・G	18	0.9	0	3.1	0.04
アイスコーヒー	ICED・S	6	0.5	0	1.2	0.01
アイスコーヒー	ICED・T	7	0.6	0	1.5	0.02
アイスコーヒー	ICED・G	10	0.8	0	2.1	0.02
水出しアイスコーヒー	ICED・S	9	0.6	0	1.7	0.02
水出しアイスコーヒー	ICED・T	11	0.7	0	2	0.02
水出しアイスコーヒー	ICED・G	16	1	0	2.9	0.03
カフェオレ	HOT・T・牛乳	90	4.5	4.7	7.3	0.2
カフェオレ	HOT・T・豆乳	69	4.3	3.7	4.3	0.3
カフェオレ	HOT・T・アーモンドミルク	58	1	4.7	4.1	0.3
カフェオレ	ICED・T・牛乳	46	2.4	2.3	3.9	0.1
カフェオレ	ICED・T・豆乳	36	2.4	1.9	2.4	0.2
カフェオレ	ICED・T・アーモンドミルク	30	0.7	2.3	2.3	0.1
デカフェ コーヒー	HOT・T	13	0.7	0.3	2.6	0.01
アイスＴデカフェコーヒー	ICED・T	7	0.4	0.2	1.5	0.01
イマージョンコーヒー	HOT・S	11	0.7	0	2	0.04
イマージョンコーヒー	HOT・T	16	1	0	2.9	0.06
セレクトU-Place川越限定 セラフィム	HOT・T	8	0.4	0	1.4	0.02
＆TEA虎ノ門ヒルズ限定 スペシャルドリップ エチオピアモア G1 ウラガ ナチュラル	HOT・S	9	0.4	0	1.5	0.02
＆TEA虎ノ門ヒルズ限定 スペシャルドリップ エチオピアモア G1 ウラガ ナチュラル	HOT・T	13	0.7	0	2.3	0.03
＆TEA虎ノ門ヒルズ限定 スペシャルドリップ コスタリカ ラ ミニータ ウェットミル	HOT・S	9	0.4	0	1.5	0.02
＆TEA虎ノ門ヒルズ限定 スペシャルドリップ コスタリカ ラ ミニータ ウェットミル	HOT・T	13	0.7	0	2.3	0.03
＆TEA虎ノ門ヒルズ限定 スペシャルドリップ スマトラ リントン ハーバル ウェットミル	HOT・S	9	0.4	0	1.5	0.02
＆TEA虎ノ門ヒルズ限定 スペシャルドリップ スマトラ リントン ハーバル ウェットミル	HOT・T	13	0.7	0	2.3	0.03
＆TEA虎ノ門ヒルズ限定 スペシャルドリップ エチオピア モカ エレガント ナチュラル	HOT・S	9	0.4	0	1.5	0.02
＆TEA虎ノ門ヒルズ限定 スペシャルドリップ エチオピア モカ エレガント ナチュラル	HOT・T	13	0.7	0	2.3	0.03
相模大野限定 スペシャルドリップ ペルー ゲイシャ	HOT・T	13	0.7	0	2.3	0.03
相模大野限定 スペシャルドリップ ブラジルダテーラ	HOT・T	13	0.7	0	2.3	0.03
国産メロンの食べごろメロンシェイク	ICED・T	354	2.3	13.3	58.7	0.3
国産白桃のとろっとピーチシェイク	ICED・T	371	2.4	13.4	63.1	0.3
エスプレッソ シェイクール	ICED・S	275	4.6	15.9	28.1	0.5
エスプレッソ シェイクール	ICED・T	409	6.8	23.8	41.7	0.7
マンゴータンゴ シェイクール	ICED・S	124	0.4	0	32.7	0
マンゴータンゴ シェイクール	ICED・T	151	0.4	0	39.8	0
マンゴータンゴ シェイクール	ICED・G	216	0.6	0	56.8	0
抹茶 シェイクール	ICED・S	343	6.2	16.7	42.8	0.5
抹茶 シェイクール	ICED・T	489	8.8	24.6	59	0.7
ほうじ茶 シェイクール	ICED・S	325	5.2	16.9	38	0.5
ほうじ茶 シェイクール	ICED・T	459	7.4	24.8	51.5	0.7
アールグレイロイヤル シェイクール	ICED・S	352	5.6	20.2	37.3	0.5
アールグレイロイヤル シェイクール	ICED・T	509	8.2	28.9	54.2	0.7
チョコ シェイクール	ICED・S	286	5.1	9.9	44.8	0.3
チョコ シェイクール	ICED・T	382	7.2	13.4	58.9	0.4
デリバリー限定 エスプレッソシェイクール with ホイップクリーム	ICED・T	476	7.2	29.2	46.1	0.7
＆TEA ティースムージー ベリーベリーアールグレイ	ICED・T	147	1.4	0.1	39	0.01
福岡空港限定 ヨーグルトスムージー グレープフルーツ	ICED・T	283	7.6	5.5	54.9	0.4
ルミネ限定 ベリーベリーミルクシェイク	ICED・T	307	4.5	12.7	44.5	0.5
宮城県限定 ずんだシェイク	ICED・T	431	8.6	18.2	58	0.7
宮城県限定 もちもち白玉ずいだシェイク	ICED・T	458	9	18.3	64	0.7
ルミネエスト新宿B1 ルミネエスト新宿5F限定 トキメキいちごシェイクール	ICED・T	327	4	15.5	44.8	0.3
オリジナル マラウイ＆ダージリン	HOT・S	4	0	0	0.8	0
オリジナル マラウイ＆ダージリン	HOT・T	6	0	0	1.2	0
水出しアイスティー	ICED・S	3	0	0	0.8	0
水出しアイスティー	ICED・T	4	0	0	0.9	0
水出しアイスティー	ICED・G	5	0	0	1.3	0
ロイヤルミルクティー	HOT・S・牛乳	148	5.5	6.1	17.7	0.2
ロイヤルミルクティー	HOT・T・牛乳	203	7.4	8	25.2	0.2
ロイヤルミルクティー	HOT・G・牛乳	270	9.9	10.7	33.6	0.3
ロイヤルミルクティー	HOT・S・豆乳	130	5.4	5.1	15.5	0.3
ロイヤルミルクティー	HOT・T・豆乳	178	7.2	6.8	22.2	0.4
ロイヤルミルクティー	HOT・G・豆乳	240	9.7	9.1	29.9	0.5
ロイヤルミルクティー	HOT・S・アーモンドミルク	122	2.4	6.4	14.9	0.3
ロイヤルミルクティー	HOT・T・アーモンドミルク	170	3.5	8.4	21.7	0.4
ロイヤルミルクティー	HOT・G・アーモンドミルク	227	4.7	11.3	28.9	0.5
ロイヤルミルクティー	ICED・S・牛乳	96	3.9	4.3	10.5	0.1
ロイヤルミルクティー	ICED・T・牛乳	118	4.9	5.4	12.4	0.2
ロイヤルミルクティー	ICED・G・牛乳	170	6.9	7.6	18.5	0.2
ロイヤルミルクティー	ICED・S・豆乳	81	3.8	3.5	8.6	0.2
ロイヤルミルクティー	ICED・T・豆乳	99	4.8	4.4	10	0.3
ロイヤルミルクティー	ICED・G・豆乳	145	6.8	6.3	15.4	0.4
ロイヤルミルクティー	ICED・S・アーモンドミルク	77	1.5	4.6	8.5	0.2
ロイヤルミルクティー	ICED・T・アーモンドミルク	93	1.7	5.8	9.8	0.3
ロイヤルミルクティー	ICED・G・アーモンドミルク	132	2.5	8.1	14.2	0.4
チャイミルクティー	HOT・S・牛乳	150	5.6	6.1	18.1	0.2
チャイミルクティー	HOT・T・牛乳	205	7.4	8	25.6	0.2
チャイミルクティー	HOT・G・牛乳	272	9.9	10.7	34.1	0.3
チャイミルクティー	HOT・S・豆乳	132	5.5	5.1	15.9	0.3
チャイミルクティー	HOT・T・豆乳	180	7.3	6.8	22.5	0.4
チャイミルクティー	HOT・G・豆乳	242	9.7	9.1	30.3	0.5
チャイミルクティー	HOT・S・アーモンドミルク	124	2.5	6.5	15.3	0.3
チャイミルクティー	HOT・T・アーモンドミルク	172	3.5	8.5	22.1	0.4
チャイミルクティー	HOT・G・アーモンドミルク	229	4.7	11.3	29.3	0.5
チャイミルクティー	ICED・S・牛乳	100	4	4.3	11.1	0.1
チャイミルクティー	ICED・T・牛乳	122	5	5.5	13.1	0.2
チャイミルクティー	ICED・G・牛乳	172	7	7.6	18.7	0.2
チャイミルクティー	ICED・S・豆乳	83	3.9	3.5	9	0.2
チャイミルクティー	ICED・T・豆乳	101	4.9	4.5	10.4	0.3
チャイミルクティー	ICED・G・豆乳	144	6.8	6.2	15.2	0.4
チャイミルクティー	ICED・S・アーモンドミルク	79	1.5	4.6	8.9	0.2
チャイミルクティー	ICED・T・アーモンドミルク	95	1.8	5.9	10.1	0.3
チャイミルクティー	ICED・G・アーモンドミルク	134	2.5	8.1	14.6	0.4
宇治抹茶ラテ	HOT・S・牛乳	130	5.6	5.9	13.6	0.2
宇治抹茶ラテ	HOT・T・牛乳	162	7.2	7.7	16	0.2
宇治抹茶ラテ	HOT・G・牛乳	234	10	10.3	25.4	0.3
宇治抹茶ラテ	HOT・S・豆乳	104	5.6	4.6	10.3	0.3
宇治抹茶ラテ	HOT・T・豆乳	128	7.1	6	11.6	0.4
宇治抹茶ラテ	HOT・G・豆乳	189	9.9	8.1	19.5	0.6
宇治抹茶ラテ	HOT・S・アーモンドミルク	93	1.5	6.4	9.7	0.3
宇治抹茶ラテ	HOT・T・アーモンドミルク	114	1.8	8.3	10.8	0.4
宇治抹茶ラテ	HOT・G・アーモンドミルク	169	2.9	11.2	18.4	0.5
宇治抹茶ラテ	ICED・S・牛乳	111	4.7	4.8	12.2	0.1
宇治抹茶ラテ	ICED・T・牛乳	133	5.8	6.1	13.9	0.2
宇治抹茶ラテ	ICED・G・牛乳	196	8.1	8.2	22.6	0.2
宇治抹茶ラテ	ICED・S・豆乳	90	4.7	3.8	9.5	0.3
宇治抹茶ラテ	ICED・T・豆乳	107	5.7	4.8	10.4	0.3
宇治抹茶ラテ	ICED・G・豆乳	161	8.1	6.4	17.9	0.4
宇治抹茶ラテ	ICED・S・アーモンドミルク	80	1.4	5.2	9	0.3
宇治抹茶ラテ	ICED・T・アーモンドミルク	95	1.6	6.6	9.8	0.3
宇治抹茶ラテ	ICED・G・アーモンドミルク	144	2.6	8.9	17	0.4
ほうじ茶ラテ	HOT・S・牛乳	139	5.9	6.4	14.4	0.2
ほうじ茶ラテ	HOT・T・牛乳	173	7.6	8.3	16.9	0.2
ほうじ茶ラテ	HOT・G・牛乳	250	10.5	11.2	26.9	0.3
ほうじ茶ラテ	HOT・S・豆乳	110	5.8	5.1	10.4	0.4
ほうじ茶ラテ	HOT・T・豆乳	136	7.4	6.6	11.7	0.5
ほうじ茶ラテ	HOT・G・豆乳	200	10.2	8.9	19.9	0.7
ほうじ茶ラテ	HOT・S・アーモンドミルク	96	1.3	6.4	10.1	0.3
ほうじ茶ラテ	HOT・T・アーモンドミルク	117	1.6	8.3	11.3	0.4
ほうじ茶ラテ	HOT・G・アーモンドミルク	175	2.4	11.2	19.3	0.5
ほうじ茶ラテ	ICED・S・牛乳	118	4.9	5.2	12.9	0.1
ほうじ茶ラテ	ICED・T・牛乳	142	6.1	6.6	14.7	0.2
ほうじ茶ラテ	ICED・G・牛乳	209	8.5	8.8	23.9	0.2
ほうじ茶ラテ	ICED・S・豆乳	95	4.8	4.2	9.7	0.3
ほうじ茶ラテ	ICED・T・豆乳	113	6	5.2	10.6	0.4
ほうじ茶ラテ	ICED・G・豆乳	169	8.3	7.1	18.4	0.5
ほうじ茶ラテ	ICED・S・アーモンドミルク	83	1.2	5.2	9.4	0.3
ほうじ茶ラテ	ICED・T・アーモンドミルク	98	1.3	6.6	10.2	0.3
ほうじ茶ラテ	ICED・G・アーモンドミルク	149	2.1	8.8	17.9	0.4
＆TEA 一番茶めがみ	HOT・T	7	0.7	0	0.7	0.03
＆TEA 一番茶めがみ	ICED・T	4	0.4	0	0.4	0.02
＆TEA クオリティ ダージリン	HOT・T	3	0.3	0	0.3	0
＆TEA アッサム	HOT・T	3	0.3	0	0.3	0
＆TEA アールグレイ クラシック	HOT・T	3	0.3	0	0.3	0
＆TEA ルイボスティー	HOT・T	0	0.3	0.3	0.3	0.04
＆TEA ルイボスティー	ICED・T	2	0.2	0.2	0.4	0.02
＆TEA ルイボスロイヤルミルクティー	HOT・T・牛乳	207	7.7	8.5	25.1	0.3
＆TEA ルイボスロイヤルミルクティー	HOT・T・豆乳	180	7.5	7.3	21.4	0.5
＆TEA ルイボスロイヤルミルクティー	ICED・T・牛乳	130	5.3	6	13.6	0.2
＆TEA ルイボスロイヤルミルクティー	ICED・T・豆乳	107	5.2	5	10.5	0.3
＆TEA ロシアンティー オリジナル ハニーフルーツ	HOT・T	101	0.2	0.1	26.5	0.02
＆TEA ロシアンティー オリジナル ハニーフルーツ	ICED・T	99	0.2	0.1	26.3	0.02
＆TEA ルイボス ロシアンティー オリジナル ハニーフルーツ	HOT・T	95	0.5	0.4	25.6	0.04
＆TEA ルイボス ロシアンティー オリジナル ハニーフルーツ	ICED・T	97	0.4	0.2	25.7	0.02
＆TEA ブラッドオレンジティー	HOT・T	118	0.8	0.1	29.5	0.02
＆TEA ブラッドオレンジティー	ICED・T	95	0.5	0.1	24.3	0.01
＆TEA ルイボスブラッドオレンジティー	HOT・T	116	1	0.3	28.9	0.03
＆TEA ルイボスブラッドオレンジティー	ICED・T	94	0.6	0.2	23.9	0.02
＆TEA ハニーロイヤルミルクティー	HOT・T・牛乳	206	6.3	6.7	31.3	0.2
＆TEA ハニーロイヤルミルクティー	HOT・T・豆乳	179	6.1	5.5	27.5	0.4
＆TEA ハニーロイヤルミルクティー	ICED・T・牛乳	183	5.1	5.4	29.7	0.2
＆TEA ハニーロイヤルミルクティー	ICED・T・豆乳	162	5	4.5	26.9	0.3
＆TEA ルイボス ハニーロイヤルミルクティー	HOT・T・牛乳	202	6.1	6.8	30.7	0.2
＆TEA ルイボス ハニーロイヤルミルクティー	HOT・T・豆乳	175	5.9	5.6	26.9	0.4
＆TEA ルイボス ハニーロイヤルミルクティー	ICED・T・牛乳	186	5	5.6	30.2	0.2
＆TEA ルイボス ハニーロイヤルミルクティー	ICED・T・豆乳	165	4.9	4.7	27.4	0.3
＆TEA フレンチバニラロイヤルミルクティー	HOT・T・牛乳	164	6.2	6.7	18.7	0.2
＆TEA フレンチバニラロイヤルミルクティー	ICED・T・牛乳	143	5.1	5.5	17.3	0.2
＆TEA フレンチバニラロイヤルミルクティー	HOT・T・豆乳	137	6	5.5	15	0.4
＆TEA フレンチバニラロイヤルミルクティー	ICED・T・豆乳	122	5	4.6	14.3	0.3
＆TEA ルイボス フレンチバニラロイヤルミルクティー	HOT・T・牛乳	160	6	6.8	18.1	0.2
＆TEA ルイボス フレンチバニラロイヤルミルクティー	HOT・T・豆乳	133	5.9	5.6	14.3	0.4
＆TEA ルイボス フレンチバニラロイヤルミルクティー	ICED・T・牛乳	146	5.1	5.7	17.8	0.2
＆TEA ルイボス フレンチバニラロイヤルミルクティー	ICED・T・豆乳	125	4.9	4.8	14.9	0.3
＆TEA ティースムージー ピーチグリーンティー	ICED・T	165	2.4	0.6	40.1	0.2
＆TEA ローズ＆ピーチティー	ICED・T	78	0.4	0.1	19.5	0.1
花のれん限定 花月ラテ 抹茶	HOT・T・牛乳	220	7.9	8.3	29.7	0.2
花のれん限定 花月ラテ 抹茶	HOT・T・豆乳	182	7.7	6.6	24.4	0.5
花のれん限定 花月ラテ 抹茶	HOT・T・アーモンドミルク	163	1.8	8.3	24	0.4
花のれん限定 花月ラテ 抹茶	ICED・T・牛乳	179	5.8	6	26.7	0.2
花のれん限定 花月ラテ 抹茶	ICED・T・豆乳	152	5.7	4.8	22.9	0.4
花のれん限定 花月ラテ 抹茶	ICED・T・アーモンドミルク	138	1.5	6	22.6	0.3
＆TEA虎ノ門ヒルズ限定 ティーモクテル カクテルキティ	ICED・T	155	0.6	0	40.5	0.1
＆TEA虎ノ門ヒルズ限定 ＰＯＴ鹿児島県産べにふうき品種２６	HOT・T	4	0.4	0	0.4	0
＆TEA虎ノ門ヒルズ限定 POT鹿児島県産紅茶 べにふうき品種	ICED・T	4	0.4	0	0.4	0
＆TEA虎ノ門ヒルズ限定 スペシャルティ ティー ダージリン セカンドフラッシュ	ICED・T	4	0.4	0	0.4	0
＆TEA虎ノ門ヒルズ限定 スペシャルティ ティー ダージリン セカンドフラッシュ	HOT・T	4	0.4	0	0.4	0
＆TEA虎ノ門ヒルズ限定 ローズ＆ピーチティー	HOT・T	127	0.5	0.2	31.5	0.1
＆TEA虎ノ門ヒルズ限定 ラム＆オレンジシャリマティー	HOT・T	159	0.9	0.1	40.6	0.02
＆TEA虎ノ門ヒルズ限定 ラム＆オレンジシャリマティー	ICED・T	111	0.6	0.1	28.4	0.01
＆TEA虎ノ門ヒルズ限定 文豪ロイヤルミルクティー	HOT・T・牛乳	211	7.8	8.4	25.8	0.3
＆TEA虎ノ門ヒルズ限定 文豪ロイヤルミルクティー	HOT・T・豆乳	184	7.7	7.2	22.1	0.5
グランツリー武蔵小杉限定 ルイボスティー	HOT・T	0	0.3	0.3	0.3	0.04
グランツリー武蔵小杉限定 ルイボスロイヤルミルクティー	HOT・S・牛乳	152	5.8	6.5	17.7	0.2
グランツリー武蔵小杉限定 ルイボスロイヤルミルクティー	HOT・T・牛乳	207	7.7	8.5	25.1	0.3
グランツリー武蔵小杉限定 ルイボスロイヤルミルクティー	HOT・G・牛乳	276	10.2	11.4	33.5	0.3
グランツリー武蔵小杉限定 ルイボスロイヤルミルクティー	HOT・S・豆乳	130	5.7	5.5	14.7	0.4
グランツリー武蔵小杉限定 ルイボスロイヤルミルクティー	HOT・T・豆乳	180	7.5	7.3	21.4	0.5
グランツリー武蔵小杉限定 ルイボスロイヤルミルクティー	HOT・G・豆乳	240	10	9.8	28.5	0.6
函館駅限定 ダブル抹茶ラテ	HOT・T・牛乳	199	8.7	8.6	22.8	0.2
函館駅限定 ダブル抹茶ラテ	HOT・T・豆乳	161	8.5	6.9	17.6	0.5
函館駅限定 ダブル抹茶ラテ	ICED・T・牛乳	157	6.6	6.2	19.8	0.2
函館駅限定 ダブル抹茶ラテ	ICED・T・豆乳	130	6.5	5	16.1	0.4
函館駅限定 ダブルほうじ茶ラテ	HOT・T・牛乳	204	8.2	8.6	23.7	0.2
函館駅限定 ダブルほうじ茶ラテ	HOT・T・豆乳	167	8	6.9	18.4	0.5
函館駅限定 ダブルほうじ茶ラテ	ICED・T・牛乳	163	6.1	6.2	20.7	0.2
函館駅限定 ダブルほうじ茶ラテ	ICED・T・豆乳	136	6	5	16.9	0.4
グランドプリンスホテル新高輪限定 一番茶めがみ	HOT・T	7	0.7	0	0.7	0.03
グランドプリンスホテル新高輪限定 一番茶めがみ	ICED・T	4	0.4	0	0.4	0.02
アトレ秋葉原限定 ダブル抹茶ラテ	HOT・T・牛乳	264	9.1	13.8	27	0.3
アトレ秋葉原限定 ダブル抹茶ラテ	HOT・T・豆乳	226	8.9	12.2	21.7	0.5
アトレ秋葉原限定 ダブル抹茶ラテ	ICED・T・牛乳	219	6.9	11.3	23.7	0.2
アトレ秋葉原限定 ダブル抹茶ラテ	ICED・T・豆乳	193	6.7	10.1	20.1	0.4
アトレ秋葉原限定 抹茶カフェラテ	HOT・T・牛乳	177	8.2	8.4	17.6	0.2
アトレ秋葉原限定 抹茶カフェラテ	HOT・T・豆乳	139	8	6.7	12.3	0.5
アトレ秋葉原限定 抹茶カフェラテ	ICED・T・牛乳	125	5.7	5.4	13.8	0.2
アトレ秋葉原限定 抹茶カフェラテ	ICED・T・豆乳	101	5.6	4.4	10.5	0.3
ブラッドオレンジジュース	ICED・S	69	0.5	0.2	16.5	0
ブラッドオレンジジュース	ICED・T	85	0.6	0.2	20.4	0
ブラッドオレンジジュース	ICED・G	120	0.8	0.3	28.6	0
りんごストレート100%	ICED・S	66	0.5	0	16.2	0.02
りんごストレート100%	ICED・T	81	0.6	0	20	0.02
りんごストレート100%	ICED・G	114	0.8	0	28.1	0.03
ココアラテ	HOT・S・牛乳	252	6.2	10.7	33.8	0.2
ココアラテ	HOT・T・牛乳	324	8.2	13.7	43.6	0.3
ココアラテ	HOT・G・牛乳	385	10.2	15.8	52.6	0.4
ココアラテ	HOT・S・豆乳	221	5.6	9.1	30.4	0.4
ココアラテ	HOT・T・豆乳	282	7.4	11.5	39	0.5
ココアラテ	HOT・G・豆乳	333	9.2	13	46.8	0.6
ココアラテ	HOT・S・アーモンドミルク	212	1.9	10.7	29.8	0.4
ココアラテ	HOT・T・アーモンドミルク	270	2.4	13.7	38.2	0.5
ココアラテ	HOT・G・アーモンドミルク	318	2.9	15.8	45.8	0.6
ココアラテ	ICED・S・牛乳	242	5.7	10.2	33.1	0.2
ココアラテ	ICED・T・牛乳	270	6.7	12	35	0.2
ココアラテ	ICED・G・牛乳	345	9.3	14.9	45.1	0.3
ココアラテ	ICED・S・豆乳	213	5.2	8.7	30	0.4
ココアラテ	ICED・T・豆乳	237	6	10.3	31.4	0.4
ココアラテ	ICED・G・豆乳	297	8.3	12.3	39.8	0.6
ココアラテ	ICED・S・アーモンドミルク	205	1.8	10.2	29.4	0.3
ココアラテ	ICED・T・アーモンドミルク	227	2	12	30.7	0.4
ココアラテ	ICED・G・アーモンドミルク	283	2.6	14.9	38.8	0.5
ミルク	HOT・S・牛乳	102	5	5.8	7.5	0.2
ミルク	HOT・T・牛乳	134	6.5	7.6	9.9	0.2
ミルク	HOT・G・牛乳	179	8.7	10.1	13.2	0.3
ミルク	HOT・S・豆乳	77	4.8	4.5	4.3	0.3
ミルク	HOT・T・豆乳	101	6.3	5.9	5.7	0.4
ミルク	HOT・G・豆乳	134	8.4	7.8	7.6	0.6
ミルク	HOT・S・アーモンドミルク	67	0.8	6.2	3.7	0.3
ミルク	HOT・T・アーモンドミルク	88	1.1	8.2	4.8	0.4
ミルク	HOT・G・アーモンドミルク	118	1.4	10.9	6.4	0.5
ミルク	ICED・S・牛乳	96	4.7	5.4	7.1	0.2
ミルク	ICED・T・牛乳	118	5.7	6.7	8.7	0.2
ミルク	ICED・G・牛乳	166	8.1	9.4	12.2	0.3
ミルク	ICED・S・豆乳	72	4.5	4.2	4.1	0.3
ミルク	ICED・T・豆乳	89	5.6	5.2	5	0.4
ミルク	ICED・G・豆乳	125	7.8	7.3	7	0.5
ミルク	ICED・S・アーモンドミルク	63	0.8	5.9	3.5	0.3
ミルク	ICED・T・アーモンドミルク	78	0.9	7.2	4.3	0.4
ミルク	ICED・G・アーモンドミルク	109	1.3	10.1	6	0.5
ヨーグルト＆アサイー	ICED・T	127	2.9	2.9	23.4	0.3
サンシャイン水族館限定 アクアリウムココア	HOT・T・牛乳	244	7.7	8.3	36.1	0.3
サンシャイン水族館限定 アクアリウムココア	HOT・T・豆乳	208	7.5	6.7	31.1	0.6
サンシャイン水族館限定 アクアリウムココア	ICED・T・牛乳	225	7.8	8.6	30.1	0.3
サンシャイン水族館限定 アクアリウムココア	ICED・T・豆乳	187	7.6	6.9	24.8	0.6
サンシャイン水族館限定 T's スプラッシュ ブルーオアシス	ICED・T	80	0	0	19.9	0
サンシャイン水族館 グランツリー武蔵小杉限定 オレンジジュース	ICED・S	65	0.9	0.2	15	0.02
サンシャイン水族館 グランツリー武蔵小杉限定 オレンジジュース	ICED・T	80	1.1	0.2	18.5	0.02
サンシャイン水族館 グランツリー武蔵小杉限定 オレンジジュース	ICED・G	112	1.6	0.3	26	0.03
ウニクス浦和美園限定 ヨーグルト＆ブラッドオレンジ	ICED・T	117	2.9	1.9	22.2	0.1
ルミネエスト新宿B1F 日比谷公園限定 T's クラフトコーラ	ICED・T	122	0.1	0	31.4	0.1
ルミネエスト新宿B1F 日比谷公園限定 T’s北海道メロンソーダ	ICED・T	109	0	0	29.4	0.01
ところざわサクラタウン限定 サクラタウンココア	HOT・T・牛乳	244	7.7	8.3	36.1	0.3
ところざわサクラタウン限定 サクラタウンココア	ICED・T・牛乳	225	7.8	8.6	30.1	0.3
ところざわサクラタウン限定 サクラタウンココア	HOT・T・豆乳	208	7.5	6.7	31.1	0.6
ところざわサクラタウン限定 サクラタウンココア	ICED・T・豆乳	187	7.6	6.9	24.8	0.6
東京ビッグサイト限定 苺スプラッシュ	ICED・G	137	0.5	0	36	0.03
天王寺公園限定 お絵描きココアラテ	HOT・T・牛乳	244	7.7	8.3	36.1	0.3
天王寺公園限定 お絵描きココアラテ	HOT・T・豆乳	208	7.5	6.7	31.1	0.6
天王寺公園限定 お絵描きココアラテ	ICED・T・牛乳	225	7.8	8.6	30.1	0.3
天王寺公園限定 お絵描きココアラテ	ICED・T・豆乳	187	7.6	6.9	24.8	0.6
店舗限定 アサイーソイミルク	ICED・T・豆乳	102	2.4	3	17.6	0.3
店舗限定 アサイーソイミルク	ICED・T・牛乳	113	2.4	3.5	19.1	0.3
店舗限定 アサイーソイミルク	ICED・T・アーモンドミルク	97	0.7	3.5	17.5	0.3
Kids りんごストレート100％	ICED	75	0.5	0	18.4	0.02
Kids ミルク	HOT	77	3.7	4.3	5.6	0.1
Kids ミルク	ICED	109	5.3	6.1	8	0.2
Kids ココア	HOT	136	4.5	4.9	19	0.2
Kids ココア	ICED	188	6	6.5	27.4	0.2
グランツリー武蔵小杉限定 Kids オレンジジュース	ICED	73	1	0.2	17	0.02
グランツリー武蔵小杉限定 Kids ベアフルカフェラテ	HOT・牛乳	89	4.3	4.8	7	0.1
グランツリー武蔵小杉限定 Kids ベアフルカフェラテ	HOT・豆乳	68	4.2	3.9	4	0.3
シナモンパウダー(1gあたりの栄養成分量）		4	0	0	0.8	0
チョコパウダー(1gあたりの栄養成分量）		5	0.1	0.3	0.6	0
ホイップクリーム	HOT・S	56	0.3	4.5	3.7	0
ホイップクリーム	HOT・T	68	0.4	5.4	4.4	0
ホイップクリーム	HOT・G	68	0.4	5.4	4.4	0
ホイップクリーム	ICED・S	56	0.3	4.5	3.7	0
ホイップクリーム	ICED・T	68	0.4	5.4	4.4	0
ホイップクリーム	ICED・G	68	0.4	5.4	4.4	0
スチームミルクの追加	HOT・S・牛乳	32	1.6	1.8	2.4	0.1
スチームミルクの追加	HOT・T・牛乳	32	1.6	1.8	2.4	0.1
スチームミルクの追加	HOT・G・牛乳	64	3.1	3.6	4.7	0.1
スチームミルクの追加	HOT・S・豆乳	24	1.5	1.4	1.4	0.1
スチームミルクの追加	HOT・T・豆乳	24	1.5	1.4	1.4	0.1
スチームミルクの追加	HOT・G・豆乳	48	3	2.8	2.7	0.2
スチームミルクの追加	HOT・S・アーモンドミルク	21	0.3	2	1.2	0.1
スチームミルクの追加	HOT・T・アーモンドミルク	21	0.3	2	1.2	0.1
スチームミルクの追加	HOT・G・アーモンドミルク	42	0.5	3.9	2.3	0.2
フレーバシロップの追加	HOT・S	49	0	0	13.2	0
フレーバシロップの追加	HOT・T	74	0	0	19.8	0
フレーバシロップの追加	HOT・G	99	0	0	26.4	0
フレーバシロップの追加	ICED・S	49	0	0	13.2	0
フレーバシロップの追加	ICED・T	49	0	0	13.2	0
フレーバシロップの追加	ICED・G	74	0	0	19.8	0
エスプレッソショット		6	0.4	0	1.1	0
デカフェ エスプレッソショット		5	0.2	0.1	0.8	0
ほうじ茶ショット		29	0.5	0.1	6.4	0
抹茶ショット		26	0.7	0.1	6	0
紅茶ショット		5	0.2	0	1.1	0
ソルティーキャラメルソース		20	0.1	0.1	4.7	0
チョコソース		13	0.1	0.1	3.1	0
はちみつ		16	0	0	4.1	0
ポーション（コーヒーフレッシュ）		10	0.2	1	0.2	0.05
シュガー		12	0	0	3	0
ガムシロップ		22	0	0	5.6	0
ノンカロリーシロップ		0	0	0	0.2	0
アルコール取り扱い店舗限定 ハイネケン	ICED	147	2.5	0	14	0
アルコール取り扱い店舗限定 ギネス	ICED	142	0	0	13.2	0
アルコール取り扱い店舗限定 カールスバーグ	ICED	132	2	0	8.9	0.1
アルコール取り扱い店舗限定 ハワイアンビール ゴールデンエール	ICED	163	2.1	0	11	0
アルコール取り扱い店舗限定 ハワイアンビール アイランドラガー	ICED	170	2.1	0	11.4	0
アルコール取り扱い店舗限定 キリン ブラウマイスター	ICED	144	1.5	0	11.9	0
プライムファイブ限定 レッドワインクーラー ハニー＆ブラッドオレンジ	ICED	174	1	0.1	29.6	0.01
プライムファイブ限定 ワインスプリッツァー ハニー＆レモン	ICED	134	0.2	0	19.9	0.01
