牛丼	小盛	474	15.4	19.6	60.9	1.9
牛丼	並盛	633	19.6	23.6	88.2	2.5
牛丼	アタマの大盛	725	23.0	28.8	96.6	2.8
牛丼	大盛	823	24.8	29.0	119.5	3.1
牛丼	特盛	1006	33.5	44.2	122.3	4.0
牛丼	超特盛	1159	40.8	56.9	124.6	4.7
豚丼	小盛	426	11.0	15.7	60.0	1.5
豚丼	並盛	576	14.4	18.6	88.1	2.3
豚丼	アタマの大盛	654	16.6	22.7	96.1	2.4
豚丼	大盛	756	18.6	22.8	120.0	3.1
豚丼	特盛	933	25.4	36.8	124.3	4.5
豚丼	超特盛	1044	29.8	44.8	128.7	6.2
牛カルビ丼	小盛	530	17.0	21.6	68.4	2.4
牛カルビ丼	並盛	696	21.3	26.2	96.4	2.9
牛カルビ丼	アタマの大盛	831	26.5	34.5	106.1	3.5
牛カルビ丼	大盛	924	28.0	34.7	128.4	3.5
牛カルビ丼	特盛	1133	37.6	51.3	133.0	4.6
牛カルビ丼	超特盛	1275	44.2	63.7	133.9	5.1
ねぎ塩豚丼	小盛	445	11.1	16.9	62.4	2.3
ねぎ塩豚丼	並盛	592	14.1	19.9	89.8	2.8
ねぎ塩豚丼	アタマの大盛	676	16.4	24.1	98.7	3.4
ねぎ塩豚丼	大盛	770	17.9	24.3	121.0	3.4
ねぎ塩豚丼	特盛	956	24.4	38.9	126.7	5.7
ねぎ塩豚丼	超特盛	1062	28.0	47.1	129.6	6.8
ねぎ塩牛カルビ丼	小盛	503	15.6	22.2	61.9	2.7
ねぎ塩牛カルビ丼	並盛	668	19.8	26.9	89.1	3.3
ねぎ塩牛カルビ丼	アタマの大盛	800	24.8	35.3	98.1	4.1
ねぎ塩牛カルビ丼	大盛	893	26.3	35.5	120.4	4.1
ねぎ塩牛カルビ丼	特盛	1108	35.7	52.8	125.3	6.6
ねぎ塩牛カルビ丼	超特盛	1261	42.6	65.4	128.1	8.0
牛焼肉丼	並盛	707	20.6	25.7	101.0	2.7
牛焼肉丼	大盛	957	27.7	34.2	138.4	3.8
スタミナ超特盛丼（マヨソースを含む）		2031	64.8	111.3	196.7	9.3
焦がしネギ焼き鳥丼	並盛	720	24.1	28.5	95.1	2.4
焦がしネギ焼き鳥丼	大盛	970	35.0	37.2	128.1	3.2
月見牛とじ丼	並盛	841	32.9	35.5	98.5	4.0
月見牛とじ丼	大盛	1026	37.8	40.9	128.6	4.2
絶品牛重		972	25.9	42.6	125.5	6.9
鰻重	一枚盛	718	32.2	23.8	99.0	2.9
鰻重	二枚盛	1031	57.5	46.9	102.4	4.3
牛皿	並盛	281	13.5	22.9	5.2	1.8
牛皿	大盛	344	16.6	28.0	6.5	2.3
牛皿	特盛	532	25.6	43.3	9.9	3.5
牛皿ファミリーパック	三人前	843	40.6	68.7	15.6	5.5
牛皿ファミリーパック	四人前	1124	54.1	91.6	20.8	7.3
豚皿	並盛	233	8.9	18.0	6.5	2.3
豚皿	大盛	288	11.1	21.9	8.7	3.1
豚皿	特盛	465	17.9	35.9	13.0	4.5
牛鉄板カルビ皿		456	20.5	33.8	17.1	3.5
ねぎ塩豚皿		302	10.4	23.4	9.7	3.4
ねぎ塩牛カルビ皿		425	18.8	34.6	9.1	4.1
牛鉄板焼肉皿		489	20.2	33.3	27.1	3.8
鰻皿	一枚盛	337	26.0	23.1	8.7	2.6
鰻皿	二枚盛	651	51.3	46.2	12.1	4.0
鰻皿	三枚盛	964	76.6	69.3	15.5	5.5
牛鮭定食		662	26.4	23.4	88.0	4.0
牛鉄板カルビ定食		869	29.1	35.0	111.4	6.4
ねぎ塩豚定食		673	17.6	24.7	95.3	4.7
ねぎ塩牛カルビ定食		797	26.0	35.9	94.8	5.4
牛鉄板焼肉定食		928	33.1	39.7	111.4	5.2
牛皿定食	並盛	720	26.5	29.3	89.4	3.3
牛皿定食	大盛	783	29.5	34.4	90.7	3.8
牛皿定食	特盛	971	38.5	49.7	94.2	5.0
鰻重牛小鉢セット	一枚盛	896	40.9	36.3	106.9	6.1
鰻重牛小鉢セット	二枚盛	1210	66.2	59.4	110.3	7.5
月見牛とじ御膳	並盛	866	34.4	36.2	101.6	5.5
月見牛とじ御膳	肉2倍盛	1185	48.9	60.6	111.9	8.0
厚切り豚角煮定食		1150	32.7	65.0	111.5	5.6
厚切り豚角煮牛小鉢定食		1291	39.5	76.4	114.3	6.6
牛皿・牛鉄板カルビ定食		1101	40.8	57.9	106.4	6.6
牛皿・ねぎ塩豚定食		946	30.7	47.5	99.0	6.6
牛皿・ねぎ塩牛カルビ定食		1070	39.1	58.7	98.4	7.2
牛皿・牛鉄板焼肉定食		1134	40.5	57.4	116.4	6.9
牛皿・から揚げ定食		1224	47.2	66.6	111.6	5.5
納豆定食		544	21.3	11.1	92.0	2.1
焼魚定食（鮭）		478	17.8	8.2	84.8	2.7
特朝定食（鮭）		653	31.7	18.0	92.0	3.4
玉子セット		96	7.4	5.7	2.7	1.5
半熟玉子セット		96	7.4	5.7	2.7	1.5
お新香セット		37	1.9	1.0	5.1	2.2
ミニサラダセット		28	1.6	0.6	4.1	1.3
納豆セット		119	9.0	5.2	9.6	1.9
納豆牛小鉢定食		612	21.7	17.4	95.5	2.9
焼魚牛小鉢定食		622	24.4	19.6	88.5	3.6
ハムエッグ納豆定食		581	24.1	13.0	94.2	2.6
ハムエッグ牛小鉢定食		619	22.9	19.8	89.2	2.8
Wハムエッグ納豆定食		683	33.4	19.1	95.6	3.4
Wハムエッグ牛小鉢定食		721	32.1	25.9	90.6	3.5
から揚げ丼	並盛	922	32.4	43.1	104.0	2.3
から揚げ丼	アタマの大盛	1144	41.7	57.3	118.3	3.1
から揚げ丼	大盛	1237	43.2	57.5	140.6	3.1
から揚げ丼	特盛	1428	52.0	71.6	147.5	3.9
タルタル南蛮から揚げ丼	並盛	1209	34.8	68.7	115.7	4.5
タルタル南蛮から揚げ丼	アタマの大盛	1430	44.1	82.9	130.1	5.3
タルタル南蛮から揚げ丼	大盛	1524	45.6	83.1	152.3	5.3
タルタル南蛮から揚げ丼	特盛	1714	54.4	97.2	159.3	6.1
から揚げ定食	並盛	1141	42.8	57.9	114.9	4.4
から揚げ定食	大盛	1331	51.7	72.0	121.9	5.2
から揚げ定食	特盛	1522	60.5	86.2	128.8	6.0
から揚げお新香定食		967	34.7	44.2	110.5	4.6
タルタル南蛮から揚げ定食	並盛	1427	45.2	83.5	126.7	6.6
タルタル南蛮から揚げ定食	大盛	1618	54.1	97.6	133.6	7.4
タルタル南蛮から揚げ定食	特盛	1808	62.9	111.7	140.5	8.2
から揚げ	1個	190	8.8	14.1	6.9	0.8
タルタルソース		247	1.8	25.6	2.6	1.1
黒カレー	並盛	480	8.2	6.4	100.5	3.1
黒カレー	ご飯増量	605	10.2	6.7	130.2	3.1
牛黒カレー	並盛	622	15.0	17.9	103.3	4.1
牛黒カレー	ご飯増量	746	17.0	18.1	133.0	4.1
肉だく牛黒カレー	並盛	761	21.7	29.3	105.7	4.9
肉だく牛黒カレー	ご飯増量	886	23.7	29.6	135.4	4.9
牛カルビ黒カレー	並盛	750	20.5	27.1	108.8	4.9
牛カルビ黒カレー	ご飯増量	875	22.5	27.3	138.5	4.9
牛×牛カルビ黒カレー	並盛	892	27.3	38.5	111.6	5.9
牛×牛カルビ黒カレー	ご飯増量	1016	29.3	38.8	141.3	5.9
から揚げ黒カレー	並盛	874	25.4	35.3	114.5	4.4
から揚げ黒カレー	ご飯増量	998	27.4	35.5	144.2	4.4
牛ハヤシライス	並盛	624	17.2	17.6	101.9	4.1
牛ハヤシライス	ご飯増量	749	19.2	17.9	131.6	4.1
肉だく牛ハヤシライス	並盛	763	23.9	29.1	104.3	4.9
肉だく牛ハヤシライス	ご飯増量	888	25.9	29.3	134.0	4.9
牛オムハヤシライス	並盛	743	20.8	27.3	106.4	4.7
牛オムハヤシライス	ご飯増量	868	22.8	27.6	136.0	4.7
肉だく牛オムハヤシライス	並盛	883	27.5	38.8	108.8	5.5
肉だく牛オムハヤシライス	ご飯増量	1008	29.5	39.0	138.5	5.5
セット油そば	ミニ	276	7.1	12.5	32.3	1.7
セット油そば	並盛	551	14.1	24.9	64.6	3.4
パック酢	1P	1	0.0	0.0	0.0	0.0
パックラー油	1P	12	0.0	1.4	0.0	0.0
ミニ牛丼		352	9.0	14.0	49.5	1.5
ミニカレー		271	5.0	2.0	59.9	1.1
ウィンナー	2本	86	3.2	6.1	4.4	0.6
トマトケチャップ	１P	11	0.1	0.1	2.5	0.2
ふりかけ（たまごふりかけ）	１袋	11	0.6	0.5	1.0	0.2
お子様ジュース（リンゴジュース）	1個	58	0.1	0.0	14.4	0.0
プチゼリー（りんご・みかん・ぶどう）	1個	11	0.0	0.0	3.0	0.0
生野菜サラダ		16	0.7	0.1	3.1	0.0
ポテトサラダ		88	1.7	4.8	9.7	0.5
ご飯	並盛	343	5.5	0.7	81.6	0.0
ご飯	大盛	468	7.5	0.9	111.3	0.0
みそ汁		20	1.3	0.6	2.5	1.3
あさり汁		49	7.3	1.2	2.8	1.5
しじみ汁		41	4.3	1.1	3.3	1.3
豚汁		143	5.0	7.7	13.8	3.3
玉子		76	6.2	5.2	0.2	0.2
半熟玉子		76	6.2	5.2	0.2	0.2
ねぎ玉子		107	8.1	5.7	5.2	1.7
ねぎラー油		110	1.5	8.5	7.2	0.3
チーズ		103	7.4	7.9	0.6	0.5
鬼おろしポン酢（単品）		33	0.9	0.0	7.9	1.2
肉味噌ねぎ		158	4.4	10.8	11.2	1.0
明太高菜マヨ（マヨソース含む）		41	2.0	1.4	5.0	2.7
とろろ		86	3.6	0.4	18.1	1.0
のり		5	0.6	0.1	0.6	0.1
納豆（タレ・カラシ・ネギ含む）		99	7.8	4.7	7.1	0.6
鮭（単品）		109	10.5	6.9	0.1	1.3
肉だく（牛小鉢）		142	6.8	11.5	2.8	1.0
ねぎだく		48	1.7	0.7	8.6	1.2
ねぎ塩だれ（単品）		40	1.5	1.5	5.4	2.6
オム玉子（単品）		120	3.6	9.7	4.5	0.6
お新香	1皿	17	0.7	0.5	2.5	0.9
キムチ	1皿	26	0.9	0.2	5.1	0.9
紅生姜	5ｇ	1	0.0	0.0	0.2	0.3
焙煎ごまドレッシング		49	0.3	4.5	1.7	0.6
ノンオイル和風ドレッシング	1パック	6	0.3	0.0	1.2	0.8
マヨソース		21	0.1	1.9	0.6	0.3
ウスターソース		11	0.1	0.0	2.7	0.8
しょうゆ	10g	7	0.8	0.0	0.9	1.7
山椒	1パック	1	0.0	0.0	0.2	0.0
和からし	2ｇ	5	0.1	0.1	0.8	0.1
テイクアウト用七味		1	0.0	0.0	0.1	0.0
テイクアウト用紅生姜	1パック	1	0.0	0.0	0.2	0.4
大判豚肩ロース焼き丼（旨ダレ生姜）	並盛	752	28.5	26.8	98.6	3.1
大判豚肩ロース焼き丼（旨ダレ生姜）	大盛	960	35.9	33.0	129.5	3.3
大判豚肩ロース焼き定食（旨ダレ生姜）	並盛	788	30.5	27.5	104.2	4.4
大判豚肩ロース焼き定食（旨ダレ生姜）	大盛	872	35.9	33.5	105.5	4.6
大判豚肩ロース焼き皿（旨ダレ生姜）	並盛	408	23.0	26.1	16.9	3.1
大判豚肩ロース焼き皿（旨ダレ生姜）	大盛	492	28.4	32.1	18.2	3.3
牛皿・大判豚肩ロース焼き定食（旨ダレ生姜）		1047	42.9	50.2	105.2	5.8
トマトケチャップ（オレンジドリーム号）		54	0.7	0.3	12.3	1.2
牛丼・汁なし坦々セット		572	15.2	20.8	78.4	5.2
牛丼・ミニ汁なし坦々セット		286	7.6	10.4	39.2	2.6
ジンギスカン定食	並盛	791	28.9	30.4	106.4	7.3
ジンギスカン定食	肉2倍盛	1027	47.8	49.2	106.5	7.4
ジンギスカン単品		402	21.3	28.9	17.2	5.2
牛さば定食		754	26.6	33.1	88.2	3.9
塩さば（単品）		201	10.6	16.6	0.3	1.3
塩さば定食（朝定食）		570	18.0	17.8	85.0	2.6
塩さば特朝定食		744	31.9	27.7	92.2	3.4
塩さば牛小鉢定食（朝定食）		714	24.6	29.3	88.7	3.6
冷製牛鬼おろしぶっかけ丼		777	20.8	39.4	90.5	3.2
冷製牛鬼おろしぶっかけ定食		814	22.7	40.5	95.5	5.4
ねぎ塩牛丼		670	20.5	24.9	93.9	4.8
ねぎ塩から揚げ丼		960	33.3	44.4	109.7	4.7
エビフライ		76	3.9	3.8	6.3	0.3
コロッケ		231	3.6	12.5	26.2	0.7
ヒレカツ		102	5.2	5.1	8.4	0.2
メンチカツ		306	8.0	23.6	15.4	1.2
沖縄そば		315	11.2	13.1	36.3	4.1
タコライス（サルサソース）		678	27.4	21.5	97.4	2.1
タコライス（トマトソース）		681	27.3	21.5	98.4	2.3
ビフタコ（サルサソース）		861	36.1	36.8	100.1	3.0
ビフタコ（トマトソース）		865	36.1	36.7	101.1	3.2
激辛ソース	１パック	1	0.0	0.0	0.1	0.2
