# 食品番号	FASAT	FAMS	FAPU	FAPUN3	FAPUN6（g/100 g。https://www.mext.go.jp/content/20260327-mxt_kagsei-mext-000029402_09.xlsx 表全体シートから。かっこ・Tr などは資料のまま）
01001	1.18	1.48	2.10	0.04	2.06
01002	0.67	0.52	2.75	0.12	2.63
01003	(0.22)	(0.19)	(0.73)	(0.03)	(0.70)
01004	(1.01)	(1.80)	(2.09)	(0.09)	(2.00)
01005	0.58	0.20	0.91	0.05	0.86
01006	0.43	0.13	0.62	0.03	0.59
01170	0.14	0.04	0.20	0.01	0.19
01007	(0.58)	(0.20)	(0.91)	(0.05)	(0.86)
01008	(0.43)	(0.15)	(0.78)	(0.04)	(0.74)
01009	(0.15)	(0.05)	(0.27)	(0.01)	(0.26)
01010	(1.39)	(0.47)	(2.17)	(0.13)	(2.04)
01167	0.33	0.77	1.52	0.19	1.34
01011	0.44	0.56	1.78	0.04	1.74
01012	0.55	0.35	1.52	0.10	1.42
01013	0.60	0.38	1.63	0.11	1.53
01014	0.54	0.34	1.49	0.10	1.39
01015	0.34	0.13	0.75	0.04	0.72
01016	(0.43)	(0.17)	(0.96)	(0.05)	(0.91)
01018	0.36	0.14	0.80	0.04	0.75
01019	(0.41)	(0.16)	(0.91)	(0.05)	(0.86)
01020	0.35	0.14	0.77	0.04	0.73
01021	(0.39)	(0.15)	(0.87)	(0.04)	(0.83)
01023	(0.53)	(0.33)	(1.44)	(0.09)	(1.34)
01146	0.42	0.32	0.93	0.07	0.86
01024	(1.54)	(1.07)	(0.86)	(0.04)	(0.82)
01147	0.33	0.16	0.47	0.03	0.44
01025	0.32	0.14	0.58	0.03	0.55
01171	(0.13)	(0.06)	(0.24)	(0.01)	(0.22)
01026	1.50	1.24	0.82	0.05	0.77
01174	1.63	1.33	0.90	0.06	0.84
01175	1.37	1.12	0.74	0.05	0.69
01028	(1.64)	(1.00)	(0.75)	(0.04)	(0.71)
01213	1.81	1.53	0.88	0.05	0.83
01030	(1.70)	(1.01)	(1.15)	(0.06)	(1.09)
01031	(0.29)	(0.14)	(0.63)	(0.03)	(0.60)
01032	(0.90)	(0.57)	(0.44)	(0.03)	(0.41)
01033	(1.57)	(0.97)	(0.58)	(0.03)	(0.56)
01034	4.02	2.86	1.26	0.12	1.14
01035	(12.16)	(8.94)	(3.15)	(0.22)	(2.93)
01036	(1.21)	(0.70)	(1.19)	(0.06)	(1.13)
01037	0.53	1.45	1.00	0.19	0.81
01148	0.71	0.48	0.63	0.04	0.59
01038	(0.14)	(0.05)	(0.31)	(0.02)	(0.29)
01039	(0.09)	(0.04)	(0.20)	(0.01)	(0.19)
01186	(0.78)	(0.30)	(1.71)	(0.09)	(1.63)
01041	(0.25)	(0.10)	(0.56)	(0.03)	(0.53)
01042	(0.11)	(0.04)	(0.25)	(0.01)	(0.24)
01043	(0.25)	(0.10)	(0.56)	(0.03)	(0.53)
01044	(0.09)	(0.04)	(0.20)	(0.01)	(0.19)
01045	0.38	0.23	0.75	0.03	0.73
01046	(0.15)	(0.09)	(0.30)	(0.01)	(0.29)
01047	(0.28)	(0.11)	(0.61)	(0.03)	(0.58)
01048	(0.14)	(0.05)	(0.31)	(0.02)	(0.29)
01187	(0.91)	(0.38)	(2.07)	(0.10)	(1.97)
01049	(0.38)	(0.16)	(0.85)	(0.04)	(0.81)
01188	(0.53)	(2.02)	(1.52)	(0.27)	(1.25)
01050	(0.36)	(0.15)	(0.82)	(0.04)	(0.78)
01051	(0.12)	(0.05)	(0.26)	(0.01)	(0.25)
01052	(0.46)	(0.18)	(1.02)	(0.05)	(0.97)
01053	(0.18)	(0.07)	(0.41)	(0.02)	(0.39)
01054	(0.39)	(0.15)	(0.86)	(0.04)	(0.82)
01055	(0.14)	(0.05)	(0.31)	(0.02)	(0.29)
01056	7.31	6.02	2.25	0.06	2.19
01057	8.46	7.15	2.20	0.09	2.11
01198	(2.03)	(1.64)	(0.51)	(0.01)	(0.49)
01189	3.19	2.75	0.82	0.03	0.80
01144	8.43	7.21	2.16	0.07	2.09
01058	1.26	1.86	1.55	0.10	1.45
01199	(0.20)	(0.28)	(0.25)	(0.01)	(0.23)
01190	0.31	0.06	0.24	0.01	0.23
01145	0.71	0.15	0.60	0.03	0.57
01193	8.21	6.62	2.12	0.07	2.05
01201	(1.85)	(1.49)	(0.48)	(0.02)	(0.46)
01194	3.38	2.71	0.83	0.02	0.81
01191	8.27	7.21	2.30	0.08	2.21
01200	(1.95)	(1.70)	(0.54)	(0.02)	(0.52)
01192	2.58	2.12	0.66	0.02	0.64
01060	7.15	7.02	2.58	0.12	2.47
01202	(4.31)	(4.24)	(1.56)	(0.07)	(1.49)
01061	1.55	2.35	1.31	0.10	1.21
01203	(0.56)	(0.85)	(0.47)	(0.04)	(0.44)
01195	0.36	0.37	0.32	0.02	0.30
01062	8.66	6.99	2.36	0.10	2.25
01204	(2.04)	(1.64)	(0.55)	(0.02)	(0.53)
01196	3.29	2.60	0.76	0.02	0.74
01063	0.39	0.20	0.87	0.05	0.82
01064	0.19	0.10	0.41	0.02	0.38
01149	0.40	0.44	0.76	0.04	0.72
01065	(0.18)	(0.07)	(0.41)	(0.02)	(0.39)
01066	(0.62)	(0.24)	(1.37)	(0.07)	(1.30)
01067	(0.76)	(0.29)	(1.68)	(0.09)	(1.59)
01068	(0.78)	(0.30)	(1.73)	(0.09)	(1.64)
01070	1.84	1.65	6.50	0.75	5.75
01071	(1.43)	(0.82)	(4.25)	(0.25)	(4.00)
01072	(0.29)	(0.17)	(0.88)	(0.05)	(0.82)
01073	(0.60)	(0.35)	(1.80)	(0.11)	(1.69)
01074	(0.32)	(0.13)	(0.71)	(0.04)	(0.68)
01075	(0.32)	(0.13)	(0.71)	(0.04)	(0.68)
01076	0.49	0.70	1.37	0.13	1.24
01069	(0.28)	(0.11)	(0.61)	(0.03)	(0.58)
01077	(1.85)	(1.53)	(1.01)	(0.06)	(0.95)
01078	(2.11)	(1.74)	(1.15)	(0.07)	(1.07)
01079	(1.48)	(1.22)	(0.80)	(0.05)	(0.75)
01150	0.18	0.09	0.25	0.01	0.24
01080	0.62	0.83	0.90	0.03	0.87
01081	(0.45)	(0.52)	(0.61)	(0.02)	(0.59)
01082	(0.40)	(0.41)	(0.51)	(0.02)	(0.49)
01083	0.29	0.21	0.31	0.01	0.30
01151	0.29	0.28	0.37	0.01	0.36
01152	0.30	0.15	0.26	0.01	0.25
01084	0.55	0.52	0.70	0.02	0.67
01153	0.70	1.01	0.95	0.03	0.92
01085	(0.23)	(0.30)	(0.33)	(0.01)	(0.32)
01086	(0.15)	(0.17)	(0.20)	(0.01)	(0.19)
01087	(0.13)	(0.14)	(0.17)	(0.01)	(0.16)
01168	0.14	0.03	0.12	Tr	0.12
01088	0.10	0.05	0.08	Tr	0.08
01154	0.15	0.09	0.15	Tr	0.15
01089	(0.16)	(0.15)	(0.21)	(0.01)	(0.20)
01155	0.26	0.51	0.43	0.01	0.41
01090	(0.09)	(0.12)	(0.13)	(Tr)	(0.13)
01091	(0.08)	(0.09)	(0.10)	(Tr)	(0.10)
01092	(0.05)	(0.05)	(0.07)	(Tr)	(0.07)
01093	(0.03)	(0.02)	(0.03)	(Tr)	(0.03)
01094	(0.05)	(0.06)	(0.07)	(Tr)	(0.06)
01095	(0.03)	(0.03)	(0.03)	(Tr)	(0.03)
01096	(0.03)	(0.03)	(0.03)	(Tr)	(0.03)
01097	(0.03)	(0.02)	(0.03)	(Tr)	(0.03)
01098	(0.02)	(0.03)	(0.03)	(Tr)	(0.03)
01099	(0.03)	(0.03)	(0.03)	(Tr)	(0.03)
01100	(0.03)	(0.03)	(0.03)	(Tr)	(0.03)
01101	(0)	(0)	(0)	(0)	(0)
01102	(0.62)	(0.83)	(0.90)	(0.03)	(0.87)
01103	(0.45)	(0.52)	(0.61)	(0.02)	(0.59)
01104	(0.40)	(0.41)	(0.51)	(0.02)	(0.49)
01105	(0.29)	(0.21)	(0.31)	(0.01)	(0.30)
01106	(0.23)	(0.30)	(0.33)	(0.01)	(0.32)
01107	(0.15)	(0.17)	(0.20)	(0.01)	(0.19)
01108	(0.13)	(0.14)	(0.17)	(0.01)	(0.16)
01109	(0.10)	(0.07)	(0.10)	(Tr)	(0.10)
01110	0.31	0.19	0.28	0.01	0.27
01214	0.09	0.12	0.11	Tr	0.11
01215	0.04	0.02	0.03	0	0.03
01111	(0.10)	(0.07)	(0.10)	(Tr)	(0.10)
01112	(0.10)	(0.07)	(0.10)	(Tr)	(0.10)
01113	(0.13)	(0.09)	(0.14)	(Tr)	(0.13)
01114	(0.29)	(0.21)	(0.31)	(0.01)	(0.30)
01157	0.67	0.91	0.85	0.03	0.82
01158	0.25	0.12	0.20	0.01	0.20
01159	0.43	1.71	0.57	0.13	0.44
01160	0.24	0.16	0.20	0.01	0.20
01115	(0.51)	(0.37)	(0.55)	(0.02)	(0.53)
01169	0.09	0.05	0.03	Tr	0.03
01116	0.49	0.33	0.50	0.01	0.49
01117	(0.17)	(0.11)	(0.18)	(Tr)	(0.17)
01118	(0.14)	(0.12)	(0.18)	(0.02)	(0.16)
01119	(0.53)	(0.33)	(0.55)	(0.01)	(0.54)
01120	(0.25)	(0.24)	(0.32)	(0.01)	(0.31)
01121	0.22	0.12	0.15	Tr	0.15
01161	3.45	7.37	5.90	0.22	5.68
01122	0.60	1.11	1.02	0.06	0.96
01123	(0.31)	(0.57)	(0.53)	(0.03)	(0.50)
01124	(0.53)	(0.97)	(0.89)	(0.05)	(0.84)
01125	(0.70)	(1.29)	(1.19)	(0.07)	(1.12)
01126	(0.49)	(0.89)	(0.82)	(0.05)	(0.77)
01127	(0.40)	(0.42)	(0.80)	(0.04)	(0.76)
01128	(0.21)	(0.22)	(0.42)	(0.02)	(0.40)
01129	(0.49)	(0.50)	(0.97)	(0.05)	(0.92)
01130	(0.15)	(0.15)	(0.30)	(0.02)	(0.28)
01131	(1.01)	(1.07)	(2.24)	(0.09)	(2.15)
01132	(0.80)	(0.85)	(1.79)	(0.07)	(1.72)
01133	0.20	0.21	0.45	0.02	0.43
01134	(0.56)	(0.60)	(1.26)	(0.05)	(1.20)
01135	3.37	3.74	3.05	0.06	2.99
01136	(6.30)	(6.76)	(7.73)	(0.18)	(7.55)
01137	(0.42)	(0.20)	(0.55)	(0.03)	(0.52)
01139	0.56	0.66	1.65	0.04	1.61
01140	(0.83)	(1.54)	(2.12)	(0.09)	(2.03)
01141	(0.41)	(0.73)	(1.09)	(0.05)	(1.04)
01142	(0.40)	(0.31)	(1.19)	(0.15)	(1.04)
01143	0.24	0.19	0.70	0.09	0.62
02068	0.08	0.02	0.12	0.01	0.11
02069	0.10	0.02	0.19	0.02	0.17
02045	0.06	Tr	0.05	0.01	0.04
02046	0.03	Tr	0.05	0.01	0.04
02047	0.48	3.92	1.68	0.49	1.18
02006	0.03	Tr	0.02	Tr	0.02
02007	(0.03)	(Tr)	(0.02)	(Tr)	(0.02)
02008	(0.03)	(Tr)	(0.03)	(Tr)	(0.02)
02009	0.06	0.01	0.12	0.01	0.10
02048	0.05	Tr	0.04	Tr	0.04
02049	0.06	Tr	0.08	0.01	0.07
02010	0.01	Tr	0.03	Tr	0.03
02011	(0.01)	(Tr)	(0.03)	(Tr)	(0.03)
02012	0.02	0.01	0.03	Tr	0.03
02050	0.07	0.02	0.11	0.01	0.09
02051	0.06	0.02	0.08	0.01	0.08
02052	0.08	0.03	0.10	0.01	0.09
02053	0.08	0.03	0.12	0.02	0.10
02013	0.08	0.05	0.10	0.01	0.09
02014	0.07	0.05	0.10	0.01	0.09
02015	0.11	0.03	0.15	0.02	0.13
02016	0.10	0.02	0.19	0.03	0.16
02063	0.02	0	0.01	Tr	0.01
02064	0.01	0	0.01	Tr	0.01
02065	0.40	3.21	1.50	0.48	1.03
02017	0.02	0	0.02	0.01	0.02
02019	(0.01)	(0)	(0.03)	(0.01)	(0.02)
02018	(0.04)	(Tr)	(0.06)	(0.02)	(0.04)
02066	Tr	0	0.01	Tr	0.01
02067	0.41	3.33	1.55	0.49	1.06
02020	(0.83)	(6.28)	(2.74)	(0.79)	(1.95)
02021	0.30	0.10	0.07	0.01	0.05
02022	0.11	0.03	0.13	0.01	0.12
02023	0.04	0.02	0.08	0.01	0.07
02024	(0.04)	(0.02)	(0.08)	(0.01)	(0.07)
02025	0.03	0.02	0.07	0.01	0.06
02026	0.11	0.04	0.11	0.02	0.10
02027	0.02	Tr	0.02	Tr	0.02
02035	(0.13)	(0.22)	(0.35)	(0)	(0.35)
02056	(0.50)	(1.28)	(1.58)	(0.01)	(1.56)
04001	0.24	0.06	0.50	0.15	0.35
04002	(0.10)	(0.02)	(0.21)	(0.06)	(0.14)
04003	0.07	0.01	0.14	0.04	0.09
04004	(0.07)	(0.02)	(0.15)	(0.05)	(0.10)
04005	(0.12)	(0.03)	(0.24)	(0.07)	(0.17)
04111	0.10	0.02	0.17	0.05	0.12
04006	0.09	0.02	0.16	0.05	0.11
04007	0.28	0.21	0.91	0.59	0.32
04008	(0.13)	(0.10)	(0.42)	(0.27)	(0.15)
04009	0.11	0.06	0.40	0.25	0.15
04010	(0.10)	(0.08)	(0.32)	(0.21)	(0.11)
04011	(0.06)	(0.04)	(0.18)	(0.12)	(0.06)
04012	0.27	0.44	0.68	0.09	0.60
04013	(0.12)	(0.19)	(0.30)	(0.04)	(0.26)
04014	0.86	5.28	3.23	0.76	2.47
04015	0.30	0.55	0.78	0.10	0.68
04016	0.06	0.11	0.15	0.02	0.13
04112	0.10	0.16	0.23	0.03	0.20
04017	0.43	0.12	0.73	0.27	0.46
04018	(0.19)	(0.05)	(0.33)	(0.12)	(0.21)
04019	0.24	0.33	0.65	0.04	0.61
04020	(1.53)	(11.64)	(5.55)	(1.46)	(4.10)
04021	0.11	0.18	0.33	0.02	0.31
04022	0.18	0.33	0.56	0.03	0.53
04076	(0.09)	(0.14)	(0.26)	(0.02)	(0.24)
04104	2.49	3.59	10.11	1.51	8.60
04105	1.13	1.61	4.42	0.66	3.76
04023	2.59	4.80	10.39	1.54	8.84
04024	(1.28)	(2.38)	(5.15)	(0.77)	(4.39)
04025	(3.13)	(4.19)	(11.71)	(1.66)	(10.05)
04026	(2.63)	(3.38)	(11.09)	(1.96)	(9.12)
04027	3.14	5.02	11.13	1.20	9.93
04077	2.42	3.77	9.62	1.59	8.03
04106	1.24	1.97	4.93	0.83	4.11
04080	2.84	4.02	11.39	1.81	9.58
04078	2.81	5.16	11.37	1.65	9.72
04079	2.83	5.87	10.67	1.70	8.97
04028	(0.88)	(1.63)	(3.53)	(0.52)	(3.00)
04081	(1.28)	(2.38)	(5.15)	(0.77)	(4.38)
04082	3.21	4.17	12.59	2.00	10.59
04096	3.29	5.43	13.32	1.88	11.44
04029	3.59	5.92	14.08	2.02	12.05
04030	3.43	5.61	13.61	1.96	11.65
04031	(1.23)	(2.29)	(4.95)	(0.74)	(4.21)
04032	0.79	0.92	2.60	0.31	2.29
04097	0.79	0.92	2.60	0.31	2.29
04098	0.79	0.92	2.60	0.31	2.29
04033	(0.57)	(0.66)	(1.86)	(0.22)	(1.63)
04034	(0.53)	(0.61)	(1.74)	(0.21)	(1.53)
04035	(0.50)	(0.58)	(1.63)	(0.20)	(1.44)
04036	(1.16)	(1.34)	(3.80)	(0.45)	(3.34)
04037	(0.45)	(0.52)	(1.48)	(0.18)	(1.30)
04038	(0.92)	(1.06)	(3.00)	(0.36)	(2.64)
04039	(1.61)	(3.07)	(5.51)	(0.79)	(4.72)
04113	0.98	2.36	3.50	0.52	2.98
04040	3.89	12.44	13.56	2.26	11.30
04084	2.74	8.07	9.60	1.56	8.04
04086	1.68	4.34	5.98	0.94	5.05
04085	3.73	10.77	13.01	2.08	10.93
04095	1.60	4.11	5.56	0.75	4.82
04041	(2.49)	(5.02)	(8.52)	(1.24)	(7.28)
04042	5.22	7.38	18.32	2.49	15.83
04087	1.07	1.53	3.76	0.51	3.25
04043	1.17	1.59	4.39	0.55	3.84
04044	0.62	0.73	2.17	0.35	1.83
04045	0.69	0.82	2.39	0.38	2.01
04088	(3.46)	(4.00)	(11.33)	(1.36)	(9.97)
04046	(1.45)	(2.21)	(5.65)	(0.67)	(4.98)
04047	(1.45)	(2.21)	(5.65)	(0.67)	(4.98)
04048	1.13	1.22	4.26	0.70	3.55
04114	0.57	0.78	2.07	0.29	1.78
04049	1.01	1.10	3.70	0.60	3.10
04115	2.34	3.35	8.91	1.30	7.61
04051	(0.51)	(0.67)	(2.03)	(0.28)	(1.75)
04089	(1.94)	(2.55)	(7.68)	(1.07)	(6.62)
04052	0.39	0.53	1.55	0.20	1.34
04053	0.50	0.75	1.99	0.20	1.79
04054	0.33	0.44	1.20	0.11	1.08
04055	0.38	0.29	1.16	0.14	1.01
04056	0.21	0.09	0.39	0.04	0.35
04057	0.41	0.19	0.96	0.09	0.87
04058	0.72	0.69	2.07	0.21	1.86
04059	1.90	2.80	7.06	0.91	6.15
04060	4.98	7.50	16.26	2.18	14.08
04091	1.60	2.37	5.22	0.70	4.52
04061	0.54	0.47	1.51	0.17	1.35
04062	0.36	0.51	1.27	0.16	1.12
04063	1.20	1.61	4.69	0.72	3.97
04064	0.32	0.10	0.55	0.18	0.37
04092	(0.19)	(0.06)	(0.33)	(0.11)	(0.22)
04065	0.56	1.48	2.04	0.08	1.96
04066	0.28	0.72	1.00	0.04	0.96
04067	1.24	3.19	3.28	0.25	3.03
04068	0.21	0.11	0.85	0.35	0.50
04069	0.08	0.04	0.29	0.12	0.17
04070	0.42	0.10	0.75	0.20	0.55
04093	(0.21)	(0.05)	(0.38)	(0.10)	(0.28)
04071	0.34	0.04	0.61	0.17	0.44
04072	(0.13)	(0.01)	(0.24)	(0.07)	(0.18)
04073	0.17	0.30	0.48	0.09	0.39
04094	(0.09)	(0.16)	(0.25)	(0.05)	(0.20)
05001	3.95	33.61	12.12	0.01	12.11
05002	4.34	34.80	11.72	0.03	11.69
05040	(4.13)	(35.09)	(12.65)	(0.01)	(12.64)
05003	2.95	3.50	19.62	4.74	14.89
05041	3.62	6.55	29.13	23.50	5.63
05004	3.34	6.61	28.83	23.70	5.12
05005	9.97	27.74	8.08	0.08	8.00
05006	(9.03)	(16.62)	(20.98)	(0.12)	(20.81)
05007	6.06	19.44	28.25	0.26	27.99
05008	0.16	0.48	0.60	0.04	0.57
05009	(0.15)	(0.45)	(0.56)	(0.03)	(0.53)
05010	(0.09)	(0.05)	(0.25)	(0.05)	(0.20)
05011	0.11	0.06	0.30	0.06	0.25
05012	(0.07)	(0.04)	(0.20)	(0.04)	(0.16)
05013	(0.13)	(0.47)	(0.23)	(0.02)	(0.21)
05014	6.87	10.26	50.28	8.96	41.32
05015	5.44	7.32	32.78	0.28	32.50
05016	(55.25)	(4.34)	(1.01)	(0)	(1.01)
05017	7.80	19.63	23.26	0.15	23.11
05018	7.58	19.12	22.64	0.19	22.44
05019	6.42	16.33	20.11	0.15	19.96
05042	8.49	21.36	24.77	0.21	24.56
05020	(0.10)	(0.51)	(0.15)	(0)	(0.15)
05021	6.24	4.01	25.01	0.08	24.91
05046	3.51	2.26	25.52	19.43	6.08
05023	0.10	0.03	0.21	0.02	0.18
05024	0.46	0.20	0.91	0.07	0.83
05043	(0.15)	(0.07)	(0.30)	(0.02)	(0.28)
05025	0.06	0.03	0.16	0.02	0.14
05047	0.06	0.03	0.05	0.01	0.05
05048	0.05	0.02	0.04	0.01	0.04
05026	6.15	30.92	16.42	0.20	16.22
05027	5.68	12.87	28.31	0.09	28.22
05028	15.81	21.04	29.02	0.06	28.96
05029	6.21	54.74	5.31	0.07	5.24
05030	7.40	37.33	24.06	0.99	23.07
05031	12.46	59.23	1.56	0.09	1.47
05032	5.09	17.70	41.01	0.13	29.72
05033	5.80	20.26	41.48	0.18	31.36
05034	8.25	22.57	13.59	0.09	13.50
05035	9.00	24.54	14.83	0.10	14.73
05044	10.02	19.15	15.66	0.09	15.57
05045	(10.76)	(20.57)	(16.82)	(0.10)	(16.72)
05036	10.27	23.55	15.72	0.05	15.67
05037	11.28	19.88	14.62	0.05	14.56
06001	(0.05)	(0.01)	(0.09)	(0.02)	(0.06)
06002	(0.02)	(Tr)	(0.04)	(0.01)	(0.03)
06402	0.02	Tr	Tr	0	0
06003	(0.04)	(0.01)	(0.08)	(0.04)	(0.04)
06004	(0.04)	(0.01)	(0.08)	(0.04)	(0.04)
06007	(0.07)	(0)	(0.08)	(0.02)	(0.07)
06008	(0.02)	(0)	(0.05)	(0.01)	(0.03)
06327	(0.31)	(2.19)	(1.06)	(0.30)	(0.75)
06009	(0.02)	(Tr)	(0.04)	(Tr)	(0.04)
06010	(0.02)	(Tr)	(0.05)	(0.03)	(0.02)
06011	(0.05)	(0.01)	(0.10)	(0.06)	(0.04)
06363	0.06	0.01	0.14	0.07	0.08
06015	0.84	1.88	2.77	0.52	2.25
06016	0.86	1.91	2.82	0.54	2.28
06017	0.95	2.58	3.34	0.50	2.85
06018	(0.05)	(Tr)	(0.09)	(0.01)	(0.08)
06020	(0.04)	(0.02)	(0.09)	(0.01)	(0.08)
06021	(0.04)	(0.02)	(0.09)	(0.01)	(0.08)
06022	(0.02)	(0.01)	(0.04)	(0.01)	(0.04)
06023	0.05	0.03	0.08	0.01	0.07
06024	(0.02)	(0.02)	(0.04)	(0.01)	(0.03)
06025	0.11	0.09	0.25	0.04	0.21
06374	0.12	0.09	0.26	0.04	0.22
06375	0.37	2.29	1.19	0.33	0.87
06026	(0.06)	(0.04)	(0.13)	(0.02)	(0.11)
06027	(0.02)	(0.01)	(0.05)	(0.05)	(0.01)
06028	(0.03)	(0.01)	(0.08)	(0.07)	(0.01)
06029	(0.03)	(0.01)	(0.08)	(0.07)	(0.01)
06032	(0.03)	(0.02)	(0.03)	(Tr)	(0.03)
06033	(0.02)	(0.01)	(0.02)	(0)	(0.02)
06034	(0.01)	(Tr)	(0.04)	(0.03)	(Tr)
06035	(0.01)	(Tr)	(0.04)	(0.03)	(Tr)
06036	(0.01)	(0.01)	(0.05)	(0.04)	(0.01)
06037	(0.01)	(0.01)	(0.05)	(0.04)	(0.01)
06038	(0.01)	(0.01)	(0.05)	(0.04)	(0.01)
06039	(0.01)	(0.01)	(0.05)	(0.04)	(0.01)
06040	(0.02)	(Tr)	(0.08)	(0.06)	(0.01)
06041	(0.02)	(0.01)	(0.11)	(0.08)	(0.02)
06042	(0.01)	(0.01)	(0.05)	(0.04)	(0.01)
06046	0.01	Tr	0.03	0.02	0.01
06047	(0.01)	(Tr)	(0.03)	(0.02)	(0.01)
06048	0.04	0.06	0.06	0.02	0.04
06049	(0.04)	(0.06)	(0.06)	(0.02)	(0.04)
06332	(0.05)	(0.07)	(0.07)	(0.03)	(0.05)
06050	(0.04)	(0.06)	(0.06)	(0.02)	(0.04)
06051	(0.02)	(0.01)	(0.04)	(0.03)	(0.02)
06054	(0.05)	(0.01)	(0.01)	(0.01)	(Tr)
06055	(0.05)	(0.01)	(0.01)	(0.01)	(Tr)
06061	0.02	0.01	0.02	0.01	0.01
06062	(0.02)	(0.01)	(0.02)	(0.01)	(0.01)
06333	(0.44)	(3.49)	(1.54)	(0.45)	(1.09)
06403	0.02	0.01	0.02	0.01	0.01
06404	0.03	0.01	0.02	0.01	0.01
06063	(0.01)	(Tr)	(0.01)	(Tr)	(0.01)
06064	0.01	Tr	0.01	0.01	0.01
06065	0.01	Tr	0.01	0.01	Tr
06066	(0.01)	(Tr)	(0.01)	(0.01)	(Tr)
06067	(0.05)	(Tr)	(0.05)	(0.03)	(0.02)
06068	(0.01)	(Tr)	(0.01)	(0.01)	(Tr)
06069	(0.02)	(0)	(0.03)	(0.01)	(0.01)
06071	(0.02)	(0.01)	(0.05)	(0.03)	(0.03)
06075	(0.06)	(0.01)	(0.13)	(0.02)	(0.11)
06076	(0.06)	(0.01)	(0.13)	(0.02)	(0.11)
06077	(0.03)	(0.01)	(0.04)	(0.02)	(0.01)
06080	0.03	0.01	0.07	0.04	0.02
06084	(0.02)	(0.02)	(0.04)	(Tr)	(0.04)
06085	(0.03)	(0.05)	(0.08)	(Tr)	(0.07)
06086	0.02	Tr	0.08	0.06	0.01
06087	(0.01)	(Tr)	(0.04)	(0.03)	(Tr)
06089	(0.02)	(0.01)	(0.05)	(0.05)	(0.01)
06090	(0.03)	(0.01)	(0.08)	(0.07)	(0.01)
06091	(0.03)	(0.01)	(0.08)	(0.07)	(0.01)
06093	(0.03)	(Tr)	(0.07)	(0.02)	(0.05)
06094	(0.24)	(1.75)	(0.82)	(0.23)	(0.59)
06095	0.01	Tr	0.01	0.01	0.01
06096	0.01	0.01	0.05	0.03	0.01
06099	0.02	0.01	0.10	0.07	0.03
06100	(0.04)	(0.01)	(0.17)	(0.12)	(0.05)
06102	(0.05)	(0.04)	(0.04)	(0.01)	(0.03)
06103	(0.08)	(0.06)	(0.06)	(0.01)	(0.05)
06104	(0.06)	(0.04)	(0.04)	(0.01)	(0.03)
06105	(0.10)	(0.08)	(0.08)	(0.02)	(0.06)
06106	(0.01)	(Tr)	(0.01)	(0.01)	(Tr)
06107	(0.01)	(Tr)	(0.01)	(0.01)	(Tr)
06111	(0.08)	(0.03)	(0.17)	(0.05)	(0.12)
06113	(0.05)	(0.01)	(0.08)	(0.06)	(0.02)
06114	(0.01)	(0.01)	(0.05)	(0.04)	(0.01)
06115	(0.08)	(0.04)	(0.37)	(0.28)	(0.08)
06116	(0.03)	(Tr)	(0.03)	(0.02)	(0.01)
06117	(0.02)	(Tr)	(0.03)	(Tr)	(0.03)
06118	(0.02)	(Tr)	(0.03)	(Tr)	(0.03)
06119	0.02	Tr	0.03	Tr	0.03
06124	0.03	0.01	0.05	Tr	0.05
06125	(0.03)	(0.01)	(0.05)	(Tr)	(0.05)
06126	(0.02)	(Tr)	(0.08)	(0.06)	(0.01)
06127	(0.02)	(Tr)	(0.08)	(0.06)	(0.01)
06128	(0.05)	(0.02)	(0.15)	(0.11)	(0.02)
06129	(0.02)	(0.01)	(0.06)	(0.04)	(0.01)
06130	0.01	Tr	0.03	0.02	Tr
06131	(0.01)	(Tr)	(0.03)	(0.02)	(Tr)
06132	0.01	Tr	0.02	0.02	0.01
06134	(0.01)	(Tr)	(0.02)	(0.02)	(0.01)
06135	(0.01)	(Tr)	(0.02)	(0.02)	(0.01)
06136	(0.10)	(0.03)	(0.19)	(0.14)	(0.04)
06334	(0.01)	(Tr)	(0.03)	(0.02)	(0.01)
06335	(0.44)	(3.48)	(1.56)	(0.48)	(1.09)
06144	0.03	0.01	0.08	0.06	0.01
06145	(0.01)	(Tr)	(0.03)	(0.02)	(Tr)
06146	(0.01)	(Tr)	(0.03)	(0.02)	(Tr)
06149	(0.05)	(Tr)	(0.09)	(0.01)	(0.08)
06150	(0.05)	(Tr)	(0.09)	(0.01)	(0.08)
06151	(0.05)	(Tr)	(0.09)	(0.01)	(0.08)
06152	(0.12)	(0.01)	(0.22)	(0.03)	(0.19)
06153	0.01	Tr	0.02	Tr	0.02
06154	(0.01)	(Tr)	(0.03)	(Tr)	(0.02)
06155	(0.01)	(Tr)	(0.03)	(Tr)	(0.02)
06336	(0.42)	(3.48)	(1.55)	(0.44)	(1.11)
06156	(0.01)	(Tr)	(0.03)	(Tr)	(0.02)
06160	(0.01)	(0.01)	(0.05)	(0.03)	(0.02)
06161	(0.01)	(0.01)	(0.05)	(0.03)	(0.02)
06338	(0.24)	(1.88)	(0.87)	(0.27)	(0.60)
06169	(0.01)	(Tr)	(0.02)	(0.01)	(0.02)
06170	(0.35)	(2.89)	(1.28)	(0.37)	(0.91)
06171	(0.39)	(0.04)	(0.77)	(0.19)	(0.58)
06172	(1.37)	(0.14)	(2.72)	(0.68)	(2.04)
06173	(0.01)	(0.02)	(0.04)	(0)	(0.04)
06174	(0.01)	(0.02)	(0.04)	(0)	(0.04)
06175	0.26	0.49	0.54	0.02	0.53
06176	(0.26)	(0.49)	(0.54)	(0.02)	(0.53)
06339	(0.33)	(0.63)	(0.69)	(0.02)	(0.67)
06177	0.29	0.44	0.57	0.02	0.55
06178	0.23	0.32	0.48	0.02	0.46
06378	0.25	0.37	0.54	0.02	0.52
06379	0.52	2.66	1.62	0.33	1.29
06179	(0.08)	(0.15)	(0.24)	(0.01)	(0.23)
06180	(0.10)	(0.15)	(0.21)	(0.01)	(0.20)
06181	(0.03)	(0.06)	(0.06)	(Tr)	(0.06)
06182	0.02	0.01	0.03	Tr	0.02
06183	(0.02)	(0.01)	(0.03)	(Tr)	(0.02)
06370	0.30	0.15	0.60	0.06	0.53
06184	(0.03)	(0.02)	(0.06)	(0.01)	(0.05)
06185	(0.02)	(0.01)	(0.03)	(Tr)	(0.02)
06187	0.02	Tr	0.05	0.02	0.03
06188	0.36	0.50	1.65	0.15	1.50
06189	(0.01)	(Tr)	(0.03)	(0.02)	(Tr)
06190	(0.01)	(Tr)	(0.03)	(0.02)	(Tr)
06191	0.03	Tr	Tr	0	Tr
06192	(0.03)	(Tr)	(Tr)	(0)	(Tr)
06342	(0.43)	(3.39)	(1.48)	(0.42)	(1.05)
06343	0.97	8.13	3.39	1.03	2.36
06193	(0.03)	(Tr)	(Tr)	(0)	(Tr)
06194	(1.22)	(10.16)	(4.42)	(1.27)	(3.14)
06195	(0.03)	(Tr)	(Tr)	(0)	(Tr)
06201	(0.02)	(Tr)	(0.08)	(0.06)	(0.01)
06202	(0.01)	(Tr)	(0.04)	(0.03)	(Tr)
06203	(0.04)	(0.01)	(0.15)	(0.11)	(0.02)
06204	(0.04)	(0.01)	(0.15)	(0.11)	(0.02)
06205	(0.01)	(0.02)	(0.04)	(0)	(0.04)
06206	(0.23)	(1.94)	(0.88)	(0.24)	(0.64)
06207	(0.04)	(0.01)	(0.08)	(0.04)	(0.04)
06208	(0.06)	(0.01)	(0.14)	(0.07)	(0.07)
06344	(0.42)	(3.24)	(1.50)	(0.46)	(1.05)
06209	(0.02)	(0.01)	(0.05)	(0.03)	(0.03)
06210	(0.01)	(Tr)	(0.03)	(0.01)	(0.01)
06212	0.02	Tr	0.06	0.01	0.05
06213	(0.03)	(Tr)	(0.08)	(0.01)	(0.07)
06214	0.03	Tr	0.06	Tr	0.06
06215	(0.01)	(Tr)	(0.04)	(Tr)	(0.04)
06345	(0.46)	(3.75)	(1.68)	(0.47)	(1.21)
06346	0.26	1.97	0.89	0.26	0.63
06407	0.03	Tr	0.04	Tr	0.03
06408	0.03	Tr	0.04	Tr	0.04
06216	0.03	Tr	0.08	0.01	0.08
06380	0.03	0.01	0.09	0.01	0.09
06381	0.29	2.19	1.12	0.32	0.81
06348	0.71	0.27	0.10	0.01	0.09
06217	(0.01)	(Tr)	(0.03)	(Tr)	(0.03)
06218	0.01	Tr	0.04	Tr	0.03
06219	0.02	Tr	0.05	0.01	0.05
06220	0.02	Tr	0.06	0.01	0.05
06221	0.02	Tr	0.08	0.01	0.07
06222	(0.02)	(Tr)	(0.07)	(0.01)	(0.06)
06223	0.13	0.03	0.29	0.03	0.26
06349	(0.49)	(2.92)	(1.60)	(0.40)	(1.20)
06224	(0.04)	(0.01)	(0.08)	(0.04)	(0.04)
06225	(0.02)	(0.01)	(0.05)	(0.03)	(0.03)
06226	0.02	Tr	0.02	Tr	0.01
06350	(0.01)	(Tr)	(0.01)	(0)	(0.01)
06351	(0.32)	(2.48)	(1.10)	(0.31)	(0.79)
06227	0.03	0.01	0.07	0.04	0.04
06352	(0.38)	(2.95)	(1.37)	(0.41)	(0.95)
06228	(0.04)	(0.01)	(0.08)	(0.04)	(0.04)
06229	(0.01)	(Tr)	(0.04)	(0.03)	(Tr)
06230	(0.01)	(Tr)	(0.04)	(0.03)	(Tr)
06232	(0.03)	(0.03)	(0.08)	(Tr)	(0.07)
06233	0.01	Tr	0.03	0.02	Tr
06234	(0.01)	(Tr)	(0.03)	(0.02)	(Tr)
06235	(0.01)	(Tr)	(0.03)	(0.02)	(Tr)
06237	(0.03)	(0.02)	(0.10)	(0.06)	(0.04)
06238	(0.04)	(0.08)	(0.36)	(0.30)	(0.07)
06239	(0.12)	(0.26)	(0.11)	(0.01)	(0.10)
06240	(0.03)	(0.02)	(0.05)	(0.03)	(0.02)
06241	(0.02)	(0.01)	(0.04)	(0.03)	(0.02)
06243	(0.02)	(0.02)	(0.04)	(Tr)	(0.03)
06244	(0.02)	(0.02)	(0.04)	(Tr)	(0.03)
06245	0.02	Tr	0.05	0.01	0.03
06246	(0.31)	(2.47)	(1.12)	(0.32)	(0.80)
06247	(0.04)	(Tr)	(0.10)	(0.04)	(0.07)
06248	(0.31)	(2.47)	(1.12)	(0.32)	(0.79)
06393	0.04	0.01	0.08	0.03	0.05
06249	(0.02)	(Tr)	(0.05)	(0.01)	(0.03)
06250	(0.31)	(2.47)	(1.12)	(0.32)	(0.80)
06254	(0.02)	(0.01)	(0.05)	(0.05)	(0.01)
06255	(0.02)	(0.08)	(0.08)	(0.01)	(0.07)
06260	(0.04)	(0.05)	(Tr)	(Tr)	(0)
06261	(0.02)	(0.02)	(0.04)	(Tr)	(0.03)
06262	(0.02)	(0.02)	(0.04)	(Tr)	(0.03)
06263	0.07	0.06	0.11	0.08	0.03
06264	(0.05)	(0.05)	(0.08)	(0.06)	(0.03)
06354	(0.08)	(0.07)	(0.12)	(0.08)	(0.04)
06265	(0.01)	(0.02)	(0.04)	(0)	(0.04)
06266	(0.01)	(0.02)	(0.04)	(0)	(0.04)
06267	0.04	0.02	0.17	0.12	0.04
06268	(0.05)	(0.02)	(0.21)	(0.15)	(0.04)
06359	(0.58)	(4.46)	(2.21)	(0.75)	(1.43)
06269	0.03	0.01	0.12	0.09	0.02
06372	0.06	0.02	0.25	0.18	0.05
06373	0.31	2.35	1.23	0.48	0.73
06270	(0.04)	(0.06)	(0.15)	(0.02)	(0.12)
06271	0.05	0.01	0.04	Tr	0.03
06272	(0.01)	(Tr)	(0.04)	(0.03)	(Tr)
06360	(0.02)	(0.01)	(0.10)	(0.08)	(0.01)
06282	0.03	0.01	0.06	0.01	0.05
06283	(0.02)	(0.01)	(0.05)	(0.03)	(0.02)
06284	(0.02)	(0.01)	(0.05)	(0.03)	(0.02)
06286	(0.01)	(0.01)	(0.06)	(0.03)	(0.03)
06287	0.19	0.18	0.76	0.13	0.63
06288	(0.21)	(0.21)	(0.83)	(0.14)	(0.68)
06412	(0.41)	(0.25)	(1.58)	(0.36)	(1.22)
06291	(0.03)	(0.02)	(0.04)	(0.01)	(0.03)
06413	(0.19)	(0.05)	(0.73)	(0.21)	(0.52)
06293	(0.08)	(0.03)	(0.24)	(Tr)	(0.23)
06294	(0.06)	(0.03)	(0.19)	(Tr)	(0.19)
06303	(4.24)	(11.60)	(7.00)	(0.04)	(6.96)
06304	(4.12)	(11.26)	(6.80)	(0.04)	(6.76)
06305	(0.03)	(0.03)	(0.08)	(Tr)	(0.07)
06306	(0.05)	(0.04)	(0.12)	(0.01)	(0.11)
06307	(0.03)	(0.03)	(0.08)	(Tr)	(0.07)
06308	(0.01)	(Tr)	(0.06)	(0.03)	(0.02)
06309	(0.01)	(Tr)	(0.06)	(0.03)	(0.02)
06319	0.05	0.01	0.07	0.05	0.01
06310	(0.03)	(0.02)	(0.05)	(0)	(0.05)
06311	(0.03)	(0.02)	(0.05)	(0)	(0.05)
06312	0.01	Tr	0.03	0.01	0.01
06361	(0.02)	(Tr)	(0.05)	(0.03)	(0.02)
06313	0.01	Tr	0.06	0.05	0.02
06314	(0.01)	(Tr)	(0.05)	(0.04)	(0.02)
06315	(0.03)	(0.01)	(0.10)	(0.07)	(0.03)
06362	(0.03)	(0.01)	(0.13)	(0.10)	(0.03)
06316	0.02	Tr	0.03	0.02	0.01
06317	0.01	0.01	0.02	Tr	0.02
06318	(0.01)	(0.01)	(0.02)	(Tr)	(0.02)
07003	0.01	Tr	0.01	Tr	0.01
07005	(0.14)	(0.03)	(0.11)	(0.09)	(0.02)
07006	3.03	9.96	1.85	0.12	1.72
07007	(0.02)	(0.13)	(0.06)	(0)	(0.06)
07008	(0.01)	(0.06)	(0.06)	(0)	(0.06)
07009	(0.03)	(0.16)	(0.08)	(0)	(0.08)
07010	(0.01)	(0.04)	(0.02)	(0)	(0.02)
07011	(0.01)	(0.04)	(0.02)	(0)	(0.02)
07012	0.01	0.01	0.05	0.02	0.03
07013	(0.01)	(0.01)	(0.05)	(0.02)	(0.03)
07014	(0.01)	(0.01)	(0.05)	(0.02)	(0.03)
07160	(0.02)	(0.02)	(0.12)	(0.05)	(0.07)
07015	(0.02)	(0.02)	(0.05)	(0)	(0.05)
07016	(0.17)	(0.19)	(0.41)	(0)	(0.41)
07017	(0.02)	(0.02)	(0.05)	(0)	(0.05)
07019	(0.03)	(0.24)	(0.08)	(0)	(0.08)
07020	(0.02)	(0.19)	(0.06)	(0)	(0.06)
07021	(0.03)	(0.24)	(0.08)	(0)	(0.08)
07022	(0.04)	(0.34)	(0.11)	(0)	(0.11)
07023	(0.04)	(0.29)	(0.09)	(0)	(0.09)
07024	(0.03)	(0.24)	(0.08)	(0)	(0.08)
07037	(2.53)	(10.63)	(0.82)	(0.12)	(0.69)
07038	2.07	8.72	0.67	0.10	0.57
07049	0.02	0.04	0.03	0.02	Tr
07050	(0.01)	(0.02)	(0.01)	(0.01)	(Tr)
07051	(0.15)	(0.36)	(0.22)	(0.19)	(0.04)
07026	(0.01)	(0.02)	(0.01)	(Tr)	(0.01)
07027	0.01	0.02	0.01	Tr	0.01
07028	(0.01)	(0.02)	(0.01)	(Tr)	(0.01)
07029	(0.01)	(0.02)	(0.01)	(Tr)	(0.01)
07030	(0.01)	(0.02)	(0.01)	(Tr)	(0.01)
07031	(0.01)	(0.02)	(0.01)	(Tr)	(0.01)
07032	(0)	(Tr)	(Tr)	(0)	(0)
07033	(Tr)	(0.01)	(Tr)	(Tr)	(Tr)
07034	(Tr)	(0.01)	(Tr)	(Tr)	(Tr)
07035	(0.01)	(0.02)	(0.01)	(Tr)	(0.01)
07036	(0.01)	(0.02)	(0.01)	(Tr)	(0.01)
07040	(0.01)	(0.02)	(0.02)	(0.01)	(0.02)
07041	(0.01)	(0.02)	(0.02)	(0.01)	(0.01)
07043	(0.03)	(0.02)	(0.03)	(0.01)	(0.02)
07044	(0.02)	(0.04)	(0.04)	(0.01)	(0.03)
07056	0.09	0.06	0.18	0.07	0.10
07062	(0.01)	(0.01)	(0.02)	(0.01)	(0.02)
07063	(0.01)	(0.01)	(0.03)	(0.01)	(0.02)
07064	(0.01)	(0.01)	(0.03)	(0.01)	(0.02)
07142	0.03	0.01	0.04	0.01	0.02
07155	0.05	0.02	0.11	0.04	0.07
07156	(0.02)	(0.01)	(0.03)	(0.01)	(0.02)
07054	0.02	0.03	0.12	0.10	0.03
07168	(0.05)	(0.02)	(0.09)	(0.04)	(0.05)
07158	13.20	0.76	0.13	0	0.13
07070	(0.04)	(0.05)	(0.05)	(0.03)	(0.03)
07071	(0.02)	(0.02)	(0.03)	(0.01)	(0.01)
07072	(0.02)	(0.02)	(0.03)	(0.01)	(0.01)
07077	(0.01)	(0.02)	(0.03)	(0)	(0.03)
07186	0.02	0.01	0.02	0.01	0.01
07182	0.17	0.13	0.77	0.17	0.60
07069	(0.01)	(0.01)	(0.06)	(0.01)	(0.05)
07081	(0.01)	(0.05)	(0.02)	(0)	(0.02)
07082	(0.04)	(0.02)	(0.03)	(0.01)	(0.02)
07086	(0.10)	(0.02)	(0.08)	(0.07)	(0.01)
07087	1.18	1.18	0.28	0.12	0.16
07088	(0.01)	(0.02)	(0.02)	(0)	(0.02)
07089	(0.01)	(0.02)	(0.02)	(0)	(0.02)
07090	(0.01)	(0.02)	(0.02)	(0)	(0.02)
07091	(0.02)	(0.06)	(0.07)	(0)	(0.07)
07092	(0.01)	(0.02)	(0.02)	(0)	(0.02)
07096	(0.02)	(0.02)	(0.01)	(Tr)	(0.01)
07097	(0.01)	(0.02)	(0.05)	(0.02)	(0.03)
07098	(0.01)	(0.01)	(0.04)	(0.02)	(0.02)
07099	(0.01)	(0.01)	(0.04)	(0.02)	(0.02)
07100	(0.01)	(0.01)	(0.04)	(0.02)	(0.02)
07102	(0.01)	(0.01)	(0.03)	(0.01)	(0.02)
07103	(0.02)	(0.02)	(0.07)	(0.03)	(0.04)
07107	(0.07)	(0.02)	(0.04)	(0.02)	(0.03)
07108	(0.15)	(0.03)	(0.07)	(0.03)	(0.05)
07109	(0.06)	(0.06)	(0.04)	(0.04)	(0.01)
07110	(0.03)	(0.03)	(0.02)	(0.02)	(Tr)
07114	(0.02)	(Tr)	(0.05)	(0.01)	(0.04)
07115	(0.02)	(Tr)	(0.05)	(0.01)	(0.04)
07116	0.01	Tr	0.01	Tr	0.01
07178	0.02	Tr	0.02	Tr	0.02
07187	0.01	Tr	0.02	Tr	0.01
07117	(0.03)	(0.01)	(0.03)	(0.01)	(0.02)
07118	(0.03)	(0.01)	(0.03)	(0.01)	(0.02)
07119	(0.04)	(0.01)	(0.04)	(0.01)	(0.03)
07120	(0.01)	(Tr)	(0.01)	(Tr)	(Tr)
07121	(0.01)	(Tr)	(0.01)	(Tr)	(Tr)
07122	(0.01)	(Tr)	(0.01)	(Tr)	(0.01)
07123	(0.01)	(Tr)	(0.01)	(Tr)	(0.01)
07124	(0.01)	(0.01)	(0.04)	(0.02)	(0.03)
07125	(0.03)	(0.04)	(0.13)	(0.05)	(0.08)
07172	(0.15)	(0.30)	(0.98)	(0.12)	(0.86)
07131	(0.01)	(0.04)	(0.05)	(0)	(0.05)
07132	(0.02)	(0.04)	(0.02)	(0.01)	(0.01)
07179	0.11	0.14	0.07	0.03	0.03
07134	(0.03)	(Tr)	(0.04)	(0.02)	(0.02)
07135	(0.03)	(Tr)	(0.04)	(0.02)	(0.02)
07136	(0.01)	(0.03)	(0.03)	(0)	(0.03)
07184	0.02	Tr	0.02	0.01	0.02
07137	(0.01)	(0)	(Tr)	(0)	(0)
07138	(0.01)	(0.03)	(0.04)	(0)	(0.04)
07140	(0.02)	(0.08)	(0.11)	(Tr)	(0.10)
07144	(0.02)	(0.03)	(0.03)	(0.01)	(0.02)
07147	(0.09)	(0.11)	(0.12)	(0.06)	(0.06)
07148	0.01	Tr	0.03	Tr	0.03
07176	(0.04)	(0.01)	(0.08)	(0.01)	(0.06)
07149	(0.01)	(Tr)	(0.02)	(Tr)	(0.02)
07150	(0.02)	(Tr)	(0.04)	(Tr)	(0.04)
07151	(Tr)	(0)	(0.01)	(0)	(0.01)
07152	(Tr)	(0)	(Tr)	(0)	(Tr)
07153	(0.01)	(Tr)	(0.02)	(Tr)	(0.02)
07154	(0.01)	(Tr)	(0.02)	(Tr)	(0.02)
08001	0.02	0.01	0.08	0.02	0.05
08002	(0.01)	(Tr)	(0.04)	(0.01)	(0.03)
08037	(0.28)	(2.20)	(1.04)	(0.30)	(0.74)
08003	(0.02)	(0.01)	(0.11)	(0.04)	(0.08)
08054	0.01	0.01	0.02	0	0.02
08004	0.08	0.11	0.19	0.01	0.18
08005	(0.01)	(0.02)	(0.03)	(Tr)	(0.03)
08038	(0.38)	(3.01)	(1.36)	(0.38)	(0.98)
08006	0.29	0.33	0.62	0.01	0.60
08007	(0.03)	(0.03)	(0.06)	(Tr)	(0.06)
08008	0.10	0.23	0.15	Tr	0.15
08010	(0.03)	(0.01)	(0.11)	(0)	(0.11)
08039	0.04	0.01	0.15	0	0.15
08040	(0.05)	(0.01)	(0.19)	(0)	(0.19)
08041	(0.30)	(2.23)	(1.13)	(0.28)	(0.85)
08057	0.94	8.35	3.79	1.18	2.60
08042	0.04	0.01	0.16	0	0.16
08043	(0.05)	(0.01)	(0.19)	(0)	(0.19)
08044	(0.40)	(3.01)	(1.49)	(0.38)	(1.12)
08013	(0.33)	(0.05)	(1.22)	(Tr)	(1.22)
08014	(0.04)	(0.01)	(0.13)	(0)	(0.13)
08016	0.05	0.02	0.15	0	0.15
08017	(0.02)	(0.01)	(0.07)	(0)	(0.07)
08046	(0.39)	(2.84)	(1.45)	(0.35)	(1.10)
08055	1.00	8.28	4.02	1.18	2.82
08056	1.22	9.90	4.71	1.41	3.29
08019	(0.02)	(0.01)	(0.08)	(0)	(0.08)
08020	0.02	0.02	0.07	0	0.07
08021	(0.01)	(0.01)	(0.04)	(0)	(0.04)
08058	0.01	0.01	0.04	0	0.04
08022	(0.01)	(0.01)	(0.03)	(0)	(0.03)
08023	(0.04)	(0.04)	(0.14)	(0)	(0.14)
08024	(0.02)	(0.01)	(0.05)	(0)	(0.05)
08025	0.04	0.04	0.12	0	0.12
08048	(0.05)	(0.05)	(0.15)	(0)	(0.15)
08049	(0.06)	(0.05)	(0.17)	(0)	(0.17)
08050	(0.28)	(2.03)	(1.00)	(0.25)	(0.75)
08026	0.02	0.01	0.08	0	0.08
08027	(0.02)	(0.01)	(0.05)	(0)	(0.05)
08028	0.06	0.07	0.14	Tr	0.14
08029	(0.07)	(0.08)	(0.16)	(Tr)	(0.15)
08051	0.34	2.47	1.16	0.32	0.84
08030	(0.52)	(0.63)	(1.18)	(0.01)	(1.17)
08031	0.03	Tr	0.10	0	0.10
08032	(0.02)	(Tr)	(0.07)	(0)	(0.07)
08052	(0.33)	(2.50)	(1.21)	(0.31)	(0.90)
08059	0.05	Tr	0.17	0	0.17
08033	(0.02)	(Tr)	(0.07)	(0)	(0.07)
08034	0.06	0.10	0.06	0	0.06
08036	(0.01)	(0.02)	(0.01)	(0)	(0.01)
09001	0.12	0.05	0.17	0.10	0.03
09002	0.97	0.50	1.65	1.46	0.19
09003	0.55	0.20	1.39	1.19	0.20
09004	0.55	0.20	1.39	1.19	0.20
09005	0.64	0.24	1.54	1.30	0.25
09006	0.19	0.11	0.20	0.07	0.13
09007	0.14	0.05	0.34	0.27	0.06
09012	0.02	Tr	0.02	0.01	0.01
09011	(0.24)	(0.09)	(0.60)	(0.51)	(0.09)
09013	0.18	0.12	0.35	0.17	0.18
09014	(0.13)	(0.11)	(0.12)	(0.04)	(0.08)
09015	(0.40)	(0.34)	(0.36)	(0.13)	(0.23)
09016	(0.45)	(0.38)	(0.41)	(0.15)	(0.27)
09017	0.35	0.29	0.32	0.11	0.21
09056	0.08	0.07	0.07	0.02	0.05
09018	(0.50)	(0.43)	(0.46)	(0.16)	(0.30)
09019	(0.53)	(0.45)	(0.48)	(0.17)	(0.31)
09020	0.11	0.08	0.05	0.01	0.04
09021	0.27	0.24	0.08	0.01	0.06
09023	0.16	0.32	0.33	0.02	0.31
09027	(0.04)	(0.02)	(0.07)	(0.06)	(0.01)
09049	(0.05)	(0.02)	(0.09)	(0.08)	(0.01)
09050	0.59	0.37	0.63	0.33	0.31
09051	(0.06)	(0.04)	(0.06)	(0.03)	(0.03)
09052	(0.37)	(2.62)	(1.19)	(0.36)	(0.83)
09033	0.21	0.04	0.20	0.17	0.02
09034	(0.15)	(0.05)	(0.38)	(0.32)	(0.05)
09035	(1.31)	(0.40)	(1.10)	(0.57)	(0.53)
09036	0.01	0.01	0.05	0.04	0.01
09037	0.05	0.02	0.04	0.02	0.02
09038	(0.03)	(0.01)	(0.02)	(0.01)	(0.01)
09039	(0.01)	(Tr)	(0.06)	(0.04)	(0.02)
09040	(0.16)	(0.06)	(0.84)	(0.58)	(0.26)
09041	(0.02)	(0.01)	(0.10)	(0.07)	(0.03)
09060	(0.02)	(0.01)	(0.08)	(0.06)	(0.03)
09042	(0.08)	(0.03)	(0.39)	(0.27)	(0.12)
09043	(0.01)	(Tr)	(0.03)	(0.02)	(0.01)
09044	0.25	0.09	1.29	0.90	0.40
09058	(0.05)	(0.02)	(0.27)	(0.19)	(0.08)
09045	0.04	0.02	0.15	0.10	0.05
09057	0.02	0.01	0.07	0.05	0.02
09046	(0.02)	(0.01)	(0.10)	(0.07)	(0.03)
09047	0.22	0.15	0.11	0.02	0.08
10001	0.76	1.05	0.99	0.85	0.11
10002	0.23	1.19	0.27	0.23	0.04
10003	1.10	1.05	1.22	1.05	0.13
10389	0.97	0.90	1.01	0.89	0.10
10004	1.45	1.42	1.56	1.33	0.17
10005	1.57	1.52	1.76	1.51	0.20
10390	2.25	9.23	4.75	2.05	2.68
10006	2.35	2.23	1.78	1.59	0.19
10007	3.23	3.10	2.47	2.21	0.26
10391	1.16	1.05	1.35	1.18	0.12
10392	2.25	8.91	4.90	2.58	2.26
10393	1.76	1.09	1.56	1.33	0.20
10394	2.28	1.64	2.02	1.64	0.34
10008	2.48	3.04	2.20	1.99	0.17
10009	2.42	2.79	2.06	1.86	0.17
10010	2.91	3.39	2.44	2.22	0.20
10457	2.87	3.54	2.05	1.83	0.18
10458	3.45	4.15	3.03	2.73	0.23
10011	1.79	1.11	1.66	1.45	0.21
10012	1.60	0.94	1.42	1.23	0.19
10013	1.60	1.36	1.53	1.31	0.20
10014	0.80	0.37	0.77	0.64	0.13
10015	2.26	3.70	1.65	1.42	0.21
10016	3.00	4.99	1.93	1.69	0.24
10017	0.68	1.03	0.94	0.52	0.42
10018	0.80	0.81	0.83	0.68	0.13
10019	0.87	0.86	0.94	0.78	0.15
10020	0.58	0.51	0.69	0.57	0.11
10021	0.65	0.61	0.54	0.46	0.08
10022	0.98	1.02	0.86	0.74	0.13
10023	5.90	4.24	3.37	2.54	0.41
10024	3.26	2.50	1.37	0.96	0.19
10025	2.44	2.48	1.40	0.82	0.58
10026	3.43	3.78	1.98	1.16	0.82
10027	17.44	17.35	9.95	5.19	4.41
10028	16.39	16.71	10.53	5.80	4.39
10029	3.71	3.95	2.22	0.89	1.29
10030	0.49	1.46	0.59	0.52	0.07
10031	0.02	0.02	0.04	0.03	0.01
10032	9.29	14.15	11.88	10.00	1.63
10033	1.13	1.03	1.61	1.41	0.11
10034	0.86	0.58	1.53	1.39	0.07
10035	0.66	0.47	1.19	1.09	0.06
10036	0.48	0.34	0.70	0.63	0.03
10037	1.63	1.29	1.65	1.47	0.18
10038	1.89	2.14	1.41	1.13	0.28
10039	0.32	0.19	0.49	0.38	0.11
10040	0.11	0.05	0.10	0.08	0.02
10041	2.24	2.68	1.22	0.96	0.26
10042	1.39	0.94	1.14	1.04	0.10
10043	1.40	0.74	1.27	1.09	0.13
10044	3.79	2.65	2.78	2.24	0.30
10045	1.27	0.61	0.83	0.66	0.10
10046	1.18	0.45	1.01	0.90	0.10
10047	2.55	1.86	2.53	2.10	0.28
10048	2.37	1.75	2.42	2.02	0.27
10049	2.53	1.83	2.66	2.23	0.29
10395	3.90	14.66	8.22	3.93	4.16
10050	2.43	1.64	2.80	2.39	0.22
10051	5.02	3.65	3.93	3.12	0.36
10052	1.48	1.11	1.50	1.36	0.14
10053	4.33	3.05	3.17	2.85	0.32
10054	3.40	2.38	2.26	2.02	0.24
10396	0.28	0.09	0.43	0.38	0.04
10445	(0.35)	(0.12)	(0.54)	(0.49)	(0.05)
10055	0.34	0.14	0.60	0.56	0.04
10056	0.54	0.20	0.95	0.88	0.07
10057	1.53	1.41	1.35	1.14	0.20
10058	1.40	1.34	2.03	1.07	0.94
10059	3.64	3.22	4.70	3.34	1.20
10060	2.71	2.22	3.17	2.92	0.24
10061	3.56	2.55	3.70	3.17	0.45
10062	3.32	2.51	3.40	2.89	0.43
10063	7.05	6.83	13.96	2.45	11.45
10064	4.61	3.87	4.87	4.23	0.54
10397	1.09	2.84	1.85	0.80	1.03
10065	0.69	1.04	0.91	0.56	0.35
10066	0.29	0.40	0.43	0.25	0.17
10067	4.12	8.44	2.89	2.42	0.39
10068	1.20	1.80	0.93	0.79	0.13
10069	6.59	11.95	3.10	2.27	0.75
10070	5.32	9.85	3.39	2.87	0.53
10071	0.05	0.03	0.11	0.08	0.02
10072	0.36	0.15	0.57	0.48	0.09
10073	0.05	0.03	0.06	0.04	0.02
10074	0.19	0.11	0.25	0.22	0.03
10075	1.21	1.89	1.41	0.96	0.19
10076	1.06	4.50	0.79	0.68	0.12
10077	0.03	0.02	0.05	0.04	0.01
10078	0.27	0.53	0.39	0.35	0.04
10079	0.27	0.27	0.35	0.28	0.06
10080	0.86	1.25	1.17	0.74	0.40
10081	1.01	1.51	1.36	0.86	0.47
10082	0.85	0.98	1.63	1.10	0.51
10083	0.04	0.02	0.05	0.04	0.01
10084	0.47	0.35	0.52	0.44	0.09
10085	1.63	3.55	1.11	0.92	0.19
10398	2.44	5.29	1.65	1.37	0.28
10086	0.12	0.06	0.19	0.17	0.02
10087	1.50	1.33	1.84	1.57	0.24
10088	0.74	0.48	0.84	0.74	0.10
10089	0.16	0.09	0.17	0.14	0.03
10090	0.27	0.16	0.22	0.17	0.06
10446	(0.70)	(0.37)	(0.91)	(0.79)	(0.12)
10091	0.62	0.33	0.81	0.70	0.10
10092	0.71	0.35	0.79	0.63	0.16
10093	0.60	0.80	1.09	0.31	0.77
10094	0.35	0.28	0.39	0.31	0.09
10095	0.33	0.14	0.24	0.18	0.06
10096	0.78	0.58	0.94	0.83	0.11
10097	3.48	5.45	13.44	1.99	11.44
10098	2.09	2.23	1.80	1.50	0.26
10099	1.36	1.32	1.23	1.03	0.17
10100	0.23	0.29	0.43	0.35	0.06
10101	0.21	0.25	0.38	0.31	0.05
10102	0.24	0.28	0.44	0.36	0.06
10103	0.31	0.35	0.56	0.43	0.11
10399	0.50	0.55	0.89	0.68	0.18
10104	1.13	1.72	1.70	1.51	0.13
10105	1.33	1.97	1.74	1.52	0.15
10106	0.73	0.85	0.85	0.73	0.09
10107	0.08	0.05	0.14	0.10	0.04
10108	1.12	1.03	1.24	1.07	0.15
10424	0.30	0.25	0.31	0.26	0.05
10109	0.04	0.02	0.06	0.05	0.01
10400	1.06	8.60	3.77	1.28	2.48
10110	3.95	10.68	3.97	3.42	0.48
10111	0.33	0.18	0.24	0.21	0.03
10112	1.74	0.77	0.95	0.78	0.12
10113	3.15	6.36	2.91	2.36	0.54
10114	0.01	0.01	0.03	0.02	Tr
10115	4.50	9.87	1.59	1.13	0.29
10401	5.89	12.69	2.08	1.47	0.38
10116	2.15	3.80	1.60	1.37	0.22
10117	0.18	0.17	0.20	0.17	0.03
10118	0.18	0.17	0.20	0.17	0.03
10119	2.03	4.67	1.85	1.06	0.74
10120	2.65	6.10	2.49	1.03	1.42
10121	5.22	10.06	6.31	2.37	3.94
10122	0.10	0.08	0.14	0.12	0.02
10123	0.11	0.07	0.18	0.14	0.03
10124	2.29	2.51	1.95	1.50	0.08
10125	3.00	2.75	2.11	1.53	0.23
10126	1.23	2.12	1.58	1.42	0.15
10127	1.43	2.63	1.89	1.70	0.18
10128	1.51	2.60	1.76	1.52	0.14
10129	1.29	3.18	1.80	1.61	0.16
10130	2.30	4.87	3.74	2.03	1.65
10131	2.84	6.08	4.62	2.47	2.07
10132	1.60	2.42	1.89	1.72	0.17
10133	2.42	3.58	2.73	2.48	0.25
10134	0.80	1.69	1.01	0.92	0.07
10135	0.91	1.93	1.09	0.98	0.08
10136	1.01	2.17	1.24	1.12	0.09
10137	0.98	1.83	1.43	1.35	0.08
10138	1.22	2.32	1.74	1.64	0.10
10139	2.19	4.34	2.81	2.56	0.19
10140	2.42	3.82	4.97	4.70	0.27
10141	2.72	4.02	6.17	5.83	0.35
10142	0.18	0.13	0.18	0.16	0.02
10143	1.79	3.76	1.59	1.37	0.19
10447	(0.66)	(1.40)	(0.84)	(0.76)	(0.06)
10144	2.18	7.15	4.43	1.94	2.44
10433	2.69	8.66	5.25	2.33	2.87
10434	2.41	7.57	4.66	2.18	2.43
10435	2.40	7.23	4.53	2.09	2.40
10145	3.06	9.40	5.78	2.66	3.05
10436	2.83	9.93	5.98	2.57	3.36
10437	2.32	10.56	5.79	2.30	3.44
10438	2.38	7.87	4.82	2.11	2.64
10439	2.61	8.39	5.10	2.26	2.79
10440	2.31	7.51	4.58	2.13	2.40
10441	2.56	7.69	4.81	2.21	2.54
10442	2.36	7.44	4.53	2.10	2.38
10443	2.84	10.16	6.10	2.61	3.44
10444	2.15	9.64	5.34	2.11	3.19
10146	3.09	5.04	3.07	2.56	0.51
10402	1.65	4.67	3.31	1.70	1.57
10147	3.58	5.75	3.38	2.81	0.57
10148	0.94	1.36	1.26	0.85	0.41
10149	0.81	1.75	1.03	0.92	0.11
10150	1.06	2.29	1.30	1.16	0.14
10151	0.97	2.04	1.23	1.09	0.12
10152	2.50	4.78	1.97	1.59	0.37
10153	3.44	6.57	2.56	2.06	0.50
10154	4.57	5.03	2.66	2.12	0.43
10155	6.12	6.62	3.79	3.04	0.60
10156	5.87	6.68	3.84	3.10	0.61
10403	4.68	10.11	6.17	3.95	2.13
10404	1.20	0.87	1.48	1.21	0.26
10405	1.23	0.89	1.48	1.20	0.27
10406	1.55	1.11	1.87	1.52	0.34
10157	1.02	0.77	0.90	0.73	0.16
10158	5.19	9.79	7.46	6.56	0.64
10159	5.54	10.36	7.05	6.13	0.66
10160	5.67	10.62	6.55	5.66	0.64
10161	3.79	6.63	5.24	4.62	0.49
10162	6.57	8.60	6.58	5.58	0.84
10163	5.79	8.26	5.69	4.87	0.68
10164	2.42	3.47	3.03	2.73	0.30
10165	3.70	4.41	3.88	3.33	0.52
10166	3.35	3.87	3.53	3.08	0.42
10167	1.72	2.88	1.76	1.43	0.30
10168	0.07	0.05	0.10	0.07	0.02
10169	0.17	0.12	0.16	0.11	0.05
10170	0.26	0.21	0.42	0.37	0.05
10171	2.51	3.45	2.05	1.70	0.31
10172	2.75	3.85	2.22	1.84	0.34
10173	4.84	10.58	6.35	5.59	0.55
10407	4.72	10.02	6.09	5.38	0.52
10174	4.31	9.03	5.61	4.95	0.48
10175	3.49	7.66	3.94	3.54	0.41
10176	4.56	10.28	4.65	3.90	0.63
10177	3.77	7.98	4.70	4.16	0.49
10178	2.55	5.65	3.04	2.67	0.34
10179	0.50	0.33	0.55	0.47	0.07
10180	1.62	3.40	1.73	1.47	0.15
10181	1.53	3.11	1.63	1.41	0.14
10182	1.95	5.52	2.03	1.73	0.19
10183	2.01	5.45	2.06	1.76	0.20
10184	0.34	0.33	0.45	0.38	0.06
10185	1.88	2.37	2.04	1.63	0.41
10186	0.34	0.30	0.69	0.62	0.05
10187	1.85	2.85	1.49	1.36	0.13
10188	1.04	1.20	1.08	0.87	0.13
10189	0.87	0.83	0.68	0.57	0.10
10190	1.78	2.33	1.07	0.89	0.15
10191	0.66	0.60	0.59	0.49	0.08
10192	1.47	1.59	1.38	1.16	0.17
10193	2.26	2.72	2.44	1.78	0.54
10194	2.88	3.17	2.86	2.23	0.48
10195	2.88	3.18	2.95	2.24	0.56
10408	1.29	1.78	1.52	0.99	0.49
10196	0.43	0.24	0.36	0.31	0.05
10197	2.71	2.17	2.16	1.74	0.35
10198	5.83	7.26	3.87	3.15	0.42
10199	0.12	0.08	0.27	0.25	0.02
10409	1.00	6.63	3.17	1.13	2.03
10200	0.03	0.02	0.08	0.07	Tr
10201	0.06	0.04	0.12	0.11	0.01
10202	0.71	0.81	1.28	1.19	0.07
10203	0.91	1.04	1.64	1.54	0.09
10204	0.54	0.59	1.09	1.01	0.07
10205	0.03	0.03	0.07	0.07	0.01
10206	0.05	0.04	0.11	0.10	0.01
10207	0.09	0.12	0.20	0.19	0.02
10208	0.01	0.01	0.02	0.02	Tr
10209	0.16	0.13	0.24	0.22	0.02
10210	0.17	0.15	0.31	0.28	0.02
10448	0.03	0.03	0.03	0.02	Tr
10211	0.09	0.08	0.20	0.19	0.01
10213	0.16	0.16	0.22	0.09	0.13
10214	0.15	0.14	0.21	0.09	0.12
10215	0.15	0.07	0.22	0.20	0.02
10421	0.37	0.14	0.53	0.46	0.07
10422	0.56	0.26	0.58	0.49	0.08
10212	1.41	1.89	1.06	0.46	0.61
10216	1.76	3.48	1.75	0.96	0.75
10217	0.25	0.23	0.35	0.32	0.04
10218	2.97	7.18	2.39	2.13	0.26
10219	3.46	8.33	2.18	1.70	0.48
10220	3.85	9.21	3.35	2.77	0.26
10221	4.53	11.43	3.13	2.52	0.39
10222	0.85	0.93	1.45	1.37	0.08
10223	2.37	2.09	3.57	3.39	0.13
10224	0.52	0.45	0.52	0.48	0.03
10225	0.03	0.02	0.04	0.03	0.01
10226	0.53	0.32	0.68	0.46	0.19
10227	0.38	0.26	0.38	0.28	0.10
10228	0.92	1.95	1.35	1.09	0.24
10229	2.01	3.78	3.04	2.61	0.37
10230	0.07	0.05	0.07	0.04	0.03
10231	1.36	1.28	1.45	1.25	0.20
10233	1.09	1.15	1.18	1.04	0.14
10234	0.43	0.48	0.61	0.51	0.08
10235	0.80	0.95	1.17	0.89	0.25
10410	0.49	0.57	0.72	0.55	0.16
10236	0.06	0.04	0.10	0.08	0.02
10237	0.07	0.04	0.13	0.11	0.02
10238	0.52	0.72	0.69	0.50	0.12
10239	0.59	0.84	0.73	0.52	0.14
10240	0.60	0.64	1.05	0.33	0.71
10449	1.50	1.89	1.95	1.18	0.74
10241	4.42	4.35	3.72	3.35	0.37
10242	4.87	4.83	4.15	3.73	0.41
10243	3.96	5.83	3.05	1.88	1.08
10411	2.81	4.11	2.57	1.66	0.84
10244	0.96	1.04	0.85	0.73	0.12
10245	0.24	0.42	0.29	0.26	0.03
10246	0.70	1.21	1.19	1.09	0.10
10247	1.03	1.76	1.14	0.97	0.11
10248	1.99	3.48	2.45	2.14	0.20
10412	2.21	4.02	2.76	2.40	0.23
10249	1.18	1.40	1.56	1.37	0.19
10250	2.68	5.71	5.83	4.47	1.10
10251	0.82	1.23	1.06	0.69	0.36
10252	0.21	0.12	0.25	0.21	0.04
10253	0.25	0.29	0.19	0.17	0.03
10254	5.91	10.20	6.41	5.81	0.60
10450	1.73	2.53	2.15	1.87	0.27
10451	1.92	2.71	1.90	1.62	0.26
10452	2.29	3.30	2.13	1.81	0.30
10453	1.96	2.84	2.12	1.82	0.28
10454	2.49	3.57	2.74	2.36	0.36
10455	2.20	3.71	2.87	2.30	0.54
10456	2.11	5.57	3.41	2.24	1.16
10459	6.80	9.55	9.53	8.14	1.19
10460	6.44	8.92	8.47	7.22	1.07
10461	6.40	8.99	8.80	7.50	1.10
10462	5.25	7.46	7.09	6.04	0.90
10463	6.70	9.45	9.23	7.86	1.16
10464	6.24	9.47	8.60	7.18	1.24
10465	4.99	9.76	7.76	5.85	1.77
10255	0.15	0.19	0.23	0.21	0.03
10256	0.06	0.05	0.09	0.08	0.01
10257	6.06	10.62	7.68	6.77	0.84
10258	1.09	0.99	1.55	1.36	0.17
10425	0.49	0.54	0.57	0.49	0.07
10426	1.78	2.63	2.07	1.79	0.27
10260	0.18	0.11	0.18	0.15	0.03
10261	0.64	0.71	0.73	0.62	0.11
10262	0.58	0.49	0.68	0.57	0.11
10263	3.37	4.86	12.16	1.40	10.76
10264	4.85	4.24	11.73	0.55	11.18
10265	4.15	13.33	1.31	1.00	0.31
10266	3.80	3.98	1.52	1.23	0.28
10232	0.75	0.69	1.03	0.95	0.09
10267	0.05	0.04	0.11	0.10	0.01
10268	1.69	8.59	0.81	0.63	0.16
10269	1.14	5.65	0.56	0.43	0.11
10270	1.17	1.09	1.01	0.84	0.17
10271	0.79	0.92	0.95	0.87	0.08
10272	0.11	0.15	0.19	0.17	0.01
10273	3.76	9.57	4.65	3.80	0.74
10274	6.57	9.15	7.50	6.66	0.84
10275	0.91	1.39	1.20	0.73	0.45
10276	0.29	0.32	0.56	0.45	0.09
10277	1.02	0.83	1.58	1.08	0.47
10278	0.87	0.50	1.30	0.90	0.38
10279	0.03	0.01	0.04	0.03	0.01
10280	0.10	0.07	0.14	0.13	0.02
10281	0.08	0.05	0.09	0.06	0.03
10466	0.08	0.05	0.13	0.10	0.03
10282	0.32	0.21	0.47	0.38	0.07
10283	0.34	0.21	0.31	0.23	0.08
10284	0.24	0.23	0.38	0.29	0.06
10427	0.09	0.06	0.11	0.05	0.06
10428	0.04	0.03	0.05	0.03	0.02
10429	0.04	0.03	0.05	0.02	0.02
10286	0.22	0.14	0.23	0.13	0.10
10287	0.91	0.89	0.67	0.35	0.32
10288	0.07	0.06	0.13	0.06	0.03
10289	0.24	0.12	0.39	0.32	0.07
10290	0.13	0.07	0.21	0.18	0.03
10291	0.07	0.06	0.21	0.03	0.17
10292	0.41	0.21	0.60	0.52	0.07
10293	0.64	0.34	1.13	0.99	0.12
10430	1.01	5.45	3.09	1.35	1.73
10294	6.18	3.94	10.66	1.09	9.51
10295	0.05	0.02	0.06	0.03	0.03
10296	0.05	0.02	0.06	0.02	0.03
10318	0.37	0.32	0.58	0.48	0.06
10297	0.24	0.14	0.19	0.14	0.04
10413	0.45	0.27	0.46	0.35	0.08
10298	0.02	0.01	0.04	0.03	0.01
10299	0.08	0.10	0.14	0.05	0.10
10300	0.02	0.01	0.05	0.04	0.01
10301	0.04	0.03	0.05	0.02	0.02
10303	0.04	0.02	0.02	0.01	Tr
10304	0.06	0.04	0.15	0.12	0.03
10305	0.06	0.04	0.08	0.06	0.02
10306	0.09	0.05	0.13	0.10	0.03
10307	0.19	0.11	0.29	0.23	0.06
10308	0.13	0.07	0.19	0.15	0.04
10309	0.41	0.28	0.51	0.41	0.09
10310	0.18	0.10	0.23	0.19	0.04
10311	0.18	0.09	0.15	0.12	0.01
10312	0.27	0.15	0.30	0.26	0.02
10313	0.03	0.01	0.06	0.05	0.01
10414	0.02	0.01	0.05	0.05	0.01
10314	0.13	0.05	0.26	0.23	0.03
10315	0.06	0.03	0.10	0.09	0.01
10316	0.10	0.10	0.10	0.08	0.02
10317	0.04	0.02	0.05	0.04	0.01
10319	0.17	0.21	0.34	0.30	0.04
10467	0.09	0.09	0.16	0.14	0.02
10468	0.21	0.24	0.40	0.34	0.05
10469	0.15	0.17	0.29	0.25	0.04
10320	0.03	0.03	0.07	0.05	0.02
10321	0.08	0.05	0.12	0.08	0.04
10322	0.06	0.05	0.11	0.07	0.03
10323	0.06	0.04	0.09	0.06	0.03
10431	0.34	0.33	0.45	0.37	0.07
10324	0.19	0.22	0.25	0.21	0.04
10325	0.59	0.63	0.75	0.60	0.14
10326	0.35	0.33	0.38	0.31	0.06
10327	0.04	0.04	0.06	0.04	0.01
10328	0.06	0.04	0.08	0.07	0.01
10415	0.10	0.05	0.15	0.08	0.07
10416	0.79	5.87	2.52	0.80	1.72
10329	0.04	0.03	0.06	0.04	0.02
10330	0.45	0.33	0.40	0.29	0.11
10331	0.36	0.35	0.49	0.28	0.20
10332	0.04	0.04	0.05	0.04	0.01
10333	0.05	0.06	0.15	0.14	0.01
10334	0.05	0.06	0.14	0.13	0.01
10335	0.03	0.06	0.13	0.11	0.02
10336	0.05	0.09	0.19	0.16	0.03
10337	0.04	0.05	0.09	0.08	0.02
10338	0.09	0.12	0.25	0.22	0.04
10339	0.14	0.22	0.42	0.37	0.05
10340	0.03	0.04	0.07	0.06	0.01
10341	0.07	0.05	0.09	0.04	0.05
10342	0.21	0.07	0.45	0.43	0.01
10343	0.16	0.04	0.22	0.19	0.03
10344	0.19	0.05	0.33	0.28	0.05
10345	0.11	0.03	0.19	0.18	0.01
10346	0.11	0.04	0.21	0.20	0.01
10347	0.12	0.04	0.22	0.21	0.01
10417	0.12	0.03	0.26	0.25	0.01
10418	0.09	0.02	0.19	0.18	0.01
10419	0.82	5.84	2.69	1.06	1.63
10470	1.73	13.14	6.16	2.17	3.97
10420	0.16	0.04	0.35	0.33	0.02
10348	0.58	0.69	0.94	0.83	0.10
10349	0.36	0.31	0.74	0.67	0.07
10350	1.15	1.29	0.83	0.68	0.13
10351	1.02	1.29	1.29	1.13	0.15
10352	0.18	0.05	0.26	0.25	0.01
10353	0.60	0.12	0.89	0.80	0.09
10354	0.25	0.08	0.43	0.41	0.02
10355	0.24	0.07	0.40	0.39	0.01
10356	0.71	0.78	1.48	0.69	0.79
10357	0.28	0.12	0.57	0.40	0.17
10358	0.74	0.57	1.24	1.15	0.08
10359	0.25	0.07	0.37	0.35	0.02
10360	0.11	0.06	0.20	0.17	0.03
10361	0.09	0.06	0.11	0.07	0.03
10471	0.12	0.04	0.26	0.21	0.05
10362	0.06	0.02	0.12	0.10	0.02
10472	0.13	0.04	0.29	0.23	0.05
10473	0.28	0.82	0.75	0.45	0.30
10474	0.30	1.35	0.94	0.48	0.45
10432	0.09	0.04	0.23	0.19	0.04
10363	0.30	0.24	0.55	0.46	0.06
10364	0.18	0.15	0.25	0.21	0.04
10365	0.63	0.77	1.02	0.73	0.29
10366	1.40	1.04	0.89	0.49	0.39
10367	0.96	0.65	0.39	0.17	0.21
10368	0.70	0.66	0.70	0.65	0.05
10369	0.69	0.50	0.80	0.70	0.06
10370	0.03	0.01	0	0	0
10371	0.25	0.23	0.32	0.26	0.06
10372	0.04	0.04	0.05	0.03	0.02
10373	0.10	0.19	0.35	0.23	0.10
10374	0.14	0.11	0.23	0.21	0.01
10375	0.16	0.16	0.29	0.25	0.03
10376	0.11	0.10	0.16	0.11	0.05
10423	0.68	0.69	0.52	0.41	0.08
10377	0.20	0.04	0.06	0.05	0.01
10378	0.25	0.12	0.25	0.11	0.14
10379	0.13	0.09	0.23	0.21	0.01
10380	0.38	0.18	0.20	0.16	0.03
10381	0.14	0.06	0.17	0.12	0.05
10382	1.78	2.95	1.26	0.23	1.03
10383	0.89	0.75	0.89	0.71	0.13
10384	0.15	0.03	0.08	0.07	0.01
10385	0.18	0.19	0.44	0.08	0.36
10386	0.37	0.48	1.23	0.24	0.99
10387	2.22	2.63	1.00	0.21	0.79
10388	2.53	2.78	0.91	0.10	0.81
11001	5.83	9.37	2.55	0.05	2.50
11002	9.23	10.15	2.81	0.29	2.51
11003	1.92	1.29	1.29	0.13	1.16
11004	7.12	11.93	0.66	0.03	0.64
11005	6.35	10.51	0.61	0.02	0.59
11006	4.01	6.22	0.44	0.01	0.43
11007	24.27	43.38	1.89	0.10	1.80
11008	(12.19)	(20.16)	(1.06)	(0.04)	(1.01)
11009	(11.88)	(19.68)	(1.04)	(0.04)	(0.99)
11010	8.28	14.17	0.83	0.03	0.80
11011	19.81	29.80	1.39	0.07	1.32
11249	20.33	30.66	1.40	0.07	1.33
11248	20.33	30.24	1.33	0.06	1.27
11012	19.18	28.71	1.33	0.06	1.27
11013	14.75	21.04	0.97	0.04	0.93
11014	26.44	41.28	1.93	0.10	1.83
11015	(16.29)	(25.05)	(1.12)	(0.05)	(1.07)
11016	(14.64)	(22.34)	(1.00)	(0.05)	(0.96)
11017	9.14	13.29	0.62	0.03	0.59
11018	15.54	26.89	1.12	0.05	1.07
11019	6.01	9.51	0.54	0.02	0.51
11020	5.34	7.49	0.40	0.01	0.39
11251	7.89	11.34	0.69	0.03	0.66
11250	7.64	11.28	0.67	0.03	0.64
11021	3.53	5.31	0.39	0.01	0.38
11022	24.22	40.31	1.58	0.09	1.50
11023	(6.29)	(10.59)	(0.51)	(0.02)	(0.49)
11024	(5.19)	(8.77)	(0.44)	(0.02)	(0.43)
11025	2.63	4.53	0.29	0.01	0.28
11026	(9.71)	(15.78)	(0.76)	(0.03)	(0.73)
11027	(8.59)	(13.89)	(0.70)	(0.03)	(0.67)
11028	4.51	6.98	0.47	0.01	0.46
11029	5.79	6.90	0.49	0.02	0.47
11030	7.23	9.10	0.83	0.03	0.80
11031	5.39	6.78	0.67	0.02	0.64
11032	2.20	2.90	0.39	0.02	0.37
11301	2.14	3.21	0.38	0.02	0.36
11302	2.48	3.45	0.45	0.02	0.43
11033	27.48	34.60	2.59	0.12	2.47
11034	(10.28)	(12.31)	(1.00)	(0.08)	(0.93)
11035	(9.78)	(11.75)	(0.96)	(0.08)	(0.89)
11036	5.10	6.42	0.59	0.06	0.53
11037	15.10	16.99	1.32	0.07	1.25
11039	17.08	19.60	1.52	0.08	1.44
11038	18.21	20.51	1.68	0.08	1.60
11040	13.60	15.21	1.20	0.06	1.14
11041	7.27	7.72	0.67	0.04	0.63
11042	32.71	37.81	2.78	0.13	2.65
11043	(11.36)	(13.10)	(1.01)	(0.05)	(0.97)
11044	(8.23)	(9.48)	(0.75)	(0.03)	(0.72)
11045	3.73	4.27	0.38	0.01	0.37
11046	12.79	21.87	0.99	0.03	0.95
11252	14.56	24.16	1.17	0.04	1.13
11047	5.11	6.39	0.56	0.02	0.54
11048	3.68	4.67	0.45	0.02	0.43
11050	5.07	6.58	0.56	0.02	0.54
11049	4.84	6.15	0.47	0.02	0.45
11051	1.56	2.13	0.29	0.01	0.27
11052	26.54	32.16	2.25	0.11	2.14
11053	(6.46)	(8.09)	(0.66)	(0.03)	(0.64)
11054	(4.28)	(5.47)	(0.49)	(0.02)	(0.47)
11055	1.71	2.40	0.29	0.01	0.28
11056	(7.05)	(8.55)	(0.75)	(0.03)	(0.72)
11057	(5.41)	(6.57)	(0.62)	(0.02)	(0.60)
11058	2.13	2.59	0.37	0.01	0.36
11059	4.35	4.80	0.50	0.02	0.48
11253	5.74	6.70	0.54	0.02	0.52
11254	18.15	27.71	1.55	0.07	1.47
11256	19.84	30.65	1.58	0.08	1.50
11255	21.12	32.78	1.71	0.09	1.61
11257	15.98	24.06	1.35	0.06	1.29
11258	11.75	16.89	0.98	0.04	0.94
11259	29.61	47.13	2.56	0.12	2.43
11260	14.13	25.33	1.28	0.08	1.20
11261	9.63	16.18	0.95	0.04	0.92
11262	6.92	11.81	0.75	0.03	0.73
11264	8.99	15.68	0.74	0.03	0.71
11263	8.77	14.46	0.68	0.03	0.65
11265	5.73	9.75	0.64	0.02	0.62
11266	25.62	42.57	2.25	0.11	2.14
11267	6.59	8.46	0.63	0.02	0.61
11060	4.35	4.20	0.30	0.12	0.18
11061	3.06	3.01	0.25	0.10	0.15
11062	1.59	1.64	0.20	0.08	0.12
11063	27.32	25.53	1.10	0.45	0.65
11064	(7.54)	(7.10)	(0.48)	(0.11)	(0.37)
11065	(7.39)	(6.99)	(0.47)	(0.11)	(0.37)
11066	3.72	4.12	0.38	0.06	0.32
11067	7.15	6.00	0.39	0.07	0.32
11269	11.03	9.31	0.57	0.09	0.48
11268	11.05	9.30	0.55	0.10	0.46
11068	6.38	5.73	0.38	0.09	0.29
11069	3.80	3.70	0.32	0.05	0.27
11070	34.40	28.13	1.18	0.47	0.72
11071	(10.85)	(9.24)	(0.43)	(0.17)	(0.26)
11072	(7.42)	(6.49)	(0.32)	(0.12)	(0.19)
11073	1.65	1.86	0.14	0.05	0.08
11074	13.05	16.05	0.54	0.20	0.34
11075	3.22	3.69	0.25	0.05	0.20
11076	2.44	2.68	0.35	0.10	0.25
11271	3.93	4.31	0.55	0.14	0.42
11270	5.37	5.41	0.63	0.16	0.47
11077	1.48	1.72	0.19	0.03	0.16
11078	25.71	29.27	1.10	0.37	0.73
11079	(5.51)	(6.32)	(0.29)	(0.10)	(0.19)
11080	(4.54)	(5.22)	(0.25)	(0.09)	(0.16)
11081	1.31	1.56	0.12	0.05	0.07
11082	(6.47)	(7.20)	(0.37)	(0.13)	(0.24)
11083	(4.34)	(4.77)	(0.29)	(0.10)	(0.18)
11084	1.10	1.04	0.17	0.06	0.10
11085	1.99	1.79	0.22	0.08	0.14
11086	0.19	0.17	0.13	0.01	0.13
11087	1.31	1.25	0.25	0.01	0.24
11088	0.90	0.89	0.21	0.01	0.20
11089	7.25	11.06	0.63	0.24	0.39
11272	6.61	10.83	0.52	0.09	0.43
11090	11.19	15.98	1.25	0.06	1.18
11273	12.61	18.60	1.39	0.07	1.32
11091	3.11	2.49	0.33	Tr	0.32
11092	0.93	0.48	0.64	0.07	0.57
11093	2.59	1.78	0.45	0.03	0.42
11094	2.73	3.35	0.51	0.08	0.39
11095	5.69	7.83	0.53	0.05	0.40
11096	0.38	0.41	0.10	Tr	0.09
11097	12.78	13.73	0.89	0.08	0.67
11098	11.82	11.23	0.58	0.08	0.30
11099	3.94	7.30	0.47	0.05	0.35
11100	2.13	3.71	0.25	0.01	0.20
11101	1.00	3.36	0.10	0.01	0.08
11102	0.99	1.16	0.16	0.01	0.13
11103	13.20	27.24	1.30	0	1.30
11274	9.95	13.86	0.97	0.06	0.91
11296	13.24	18.91	1.27	0.07	1.20
11297	13.45	19.13	1.34	0.08	1.26
11104	4.28	5.51	0.40	0.06	0.34
11105	6.35	5.39	0.32	0.07	0.25
11106	1.83	1.95	0.16	0.05	0.11
11107	2.11	2.70	0.69	0.16	0.50
11108	8.97	10.19	0.94	0.14	0.69
11109	0.80	0.99	0.29	0.09	0.20
11110	0.08	0.11	0.06	0.04	0.02
11111	6.27	13.34	7.21	5.80	1.21
11112	12.49	23.88	13.74	11.20	2.18
11113	0.11	0.51	0.14	0.11	0.03
11114	0.44	0.26	0.20	0.09	0.11
11275	1.41	1.06	0.42	0.12	0.30
11294	2.08	1.83	0.34	0.12	0.22
11295	0.77	0.62	0.36	0.09	0.27
11311	0.24	0.15	0.19	0.05	0.14
11115	5.25	6.50	1.65	0.10	1.55
11116	3.25	4.10	1.04	0.06	0.98
11117	1.17	1.60	0.40	0.02	0.38
11118	27.09	32.73	8.31	0.49	7.82
11119	7.26	8.17	2.10	0.12	1.99
11120	6.00	6.82	1.70	0.09	1.61
11121	2.77	3.36	0.67	0.03	0.63
11122	27.57	29.89	8.60	0.50	8.09
11123	7.84	7.68	2.21	0.11	2.10
11125	9.90	9.73	2.78	0.14	2.64
11124	9.32	9.31	2.54	0.12	2.42
11276	8.90	18.60	6.03	1.40	4.63
11126	4.74	4.82	1.28	0.06	1.22
11127	2.07	2.35	0.48	0.02	0.45
11128	32.03	30.08	9.48	0.48	9.00
11129	14.60	15.26	3.50	0.18	3.32
11277	17.59	18.57	3.87	0.19	3.68
11130	3.59	4.24	1.24	0.06	1.18
11131	2.01	2.48	0.69	0.03	0.65
11133	2.68	3.27	0.86	0.04	0.82
11132	2.52	3.08	0.78	0.04	0.74
11134	1.12	1.48	0.37	0.02	0.35
11135	25.07	28.25	8.84	0.41	8.43
11136	5.80	7.40	2.00	0.10	1.90
11137	3.69	4.79	1.20	0.06	1.15
11138	1.79	2.46	0.49	0.02	0.47
11139	24.63	30.54	9.04	0.43	8.61
11140	1.29	1.38	0.45	0.03	0.43
11278	2.04	2.14	0.53	0.03	0.50
11279	2.72	14.46	5.82	1.62	4.19
11141	6.24	8.04	1.75	0.11	1.64
11142	3.82	4.98	1.11	0.07	1.05
11143	1.06	1.48	0.39	0.02	0.36
11144	28.38	36.07	7.57	0.47	7.10
11145	7.37	8.43	2.00	0.12	1.89
11146	5.91	6.84	1.60	0.09	1.51
11147	2.32	2.90	0.62	0.03	0.58
11148	28.60	31.69	7.84	0.47	7.37
11149	8.97	9.86	2.25	0.13	2.12
11150	5.26	5.92	1.32	0.08	1.24
11151	1.55	1.97	0.39	0.02	0.37
11152	31.96	34.25	8.02	0.48	7.54
11153	15.39	18.42	3.51	0.19	3.31
11154	5.47	6.71	1.52	0.09	1.43
11155	2.69	3.37	0.75	0.04	0.70
11156	1.74	2.22	0.48	0.03	0.46
11157	27.78	33.60	7.73	0.47	7.26
11158	7.05	9.73	1.95	0.12	1.83
11159	2.83	3.99	0.79	0.05	0.75
11160	1.50	2.18	0.43	0.02	0.41
11161	25.75	35.15	7.05	0.44	6.61
11162	0.48	0.55	0.24	0.01	0.22
11163	6.24	7.55	1.62	0.10	1.52
11280	7.64	9.60	1.82	0.08	1.74
11312	8.26	10.67	1.58	0.09	1.49
11313	10.52	13.75	1.86	0.10	1.76
11164	5.79	7.34	1.38	0.04	1.33
11165	2.10	1.74	0.98	0.03	0.95
11166	0.78	0.24	0.76	0.15	0.60
11167	1.30	0.86	1.00	0.11	0.88
11168	2.02	1.48	0.43	0.04	0.39
11169	5.93	3.88	0.85	0.08	0.76
11170	6.68	4.42	1.22	0.12	1.10
11171	0.18	0.15	0.11	0.01	0.09
11172	4.99	9.21	1.35	0.14	1.21
11173	7.11	7.31	2.09	0.17	1.91
11174	5.15	6.89	1.70	0.13	1.57
11175	1.18	1.49	0.56	0.06	0.50
11176	5.35	5.94	1.61	0.10	1.50
11303	6.15	7.26	1.51	0.09	1.42
11304	5.67	6.67	1.55	0.09	1.45
11305	3.84	17.95	7.53	2.22	5.31
11177	5.91	7.40	2.21	0.17	2.04
11181	6.47	6.91	1.92	0.12	1.79
11182	6.51	8.92	1.75	0.11	1.64
11178	1.51	1.56	0.44	0.08	0.36
11180	1.14	1.56	0.78	0.07	0.71
11183	6.94	8.26	1.93	0.17	1.75
11314	5.44	6.89	1.63	0.15	1.48
11315	3.04	10.48	2.62	0.24	2.38
11316	7.01	8.29	1.97	0.17	1.80
11184	4.92	5.11	2.20	0.19	2.01
11185	3.85	4.87	1.21	0.10	1.11
11186	10.98	13.42	3.59	0.24	3.35
11306	11.58	14.08	3.73	0.25	3.47
11307	11.69	14.24	3.85	0.26	3.59
11308	11.10	16.22	5.00	0.67	4.32
11187	11.17	12.92	3.54	0.43	3.06
11188	15.61	17.98	4.47	0.57	3.83
11189	8.78	11.26	3.07	0.24	2.82
11190	7.70	9.51	2.39	0.22	2.16
11191	4.55	5.43	1.83	0.19	1.64
11192	9.43	10.90	3.31	0.23	3.08
11193	6.75	7.24	1.89	0.34	1.55
11194	8.91	11.18	2.86	0.23	2.61
11317	8.42	10.11	3.03	0.21	2.82
11195	2.51	3.31	1.02	0.08	0.94
11196	12.93	14.31	4.42	0.43	3.97
11197	1.86	0.80	1.65	0.26	1.39
11199	6.80	5.52	0.50	0.16	0.34
11281	11.79	9.48	1.01	0.29	0.72
11245	3.11	2.62	0.32	0.13	0.19
11200	6.88	5.53	0.57	0.19	0.38
11201	7.62	6.36	0.61	0.19	0.41
11202	11.73	9.52	0.87	0.32	0.55
11282	14.26	10.53	1.18	0.45	0.73
11246	2.06	1.81	0.29	0.10	0.19
11203	4.91	4.39	0.52	0.18	0.34
11283	9.19	7.45	0.95	0.36	0.59
11179	1.32	1.38	0.58	0.13	0.45
11204	0.38	0.35	0.18	0.05	0.14
11207	2.93	3.85	4.60	0.24	4.36
11239	18.31	27.44	0.61	0	0.61
11208	0.70	0.86	0.55	0.03	0.52
11205	8.02	13.32	5.66	0.32	5.35
11206	4.94	7.81	4.67	0.30	4.37
11247	0.46	0.50	0.44	0.03	0.42
11284	11.55	18.58	10.90	0.71	10.20
11209	0.28	0.26	0.22	0.03	0.19
11210	0.15	0.13	0.15	0.04	0.11
11211	1.84	1.53	1.01	0.20	0.81
11212	2.06	4.80	2.34	0.09	2.25
11213	5.19	8.20	2.37	0.11	2.26
11214	0.40	0.62	0.42	0.02	0.40
11215	5.67	9.00	2.78	0.12	2.66
11216	0.99	1.86	1.13	0.04	1.09
11217	0.23	0.27	0.22	0.01	0.21
11218	3.98	7.13	1.99	0.16	1.84
11285	4.40	8.32	2.33	0.18	2.14
11286	3.64	6.18	1.73	0.14	1.59
11219	1.53	2.67	1.03	0.11	0.92
11287	2.33	3.97	1.69	0.18	1.50
11220	0.45	0.74	0.37	0.05	0.32
11288	0.78	1.22	0.65	0.08	0.56
11221	4.37	6.71	1.85	0.09	1.76
11223	4.43	7.24	1.90	0.09	1.81
11222	4.02	6.41	1.73	0.08	1.65
11289	3.26	9.54	3.67	0.70	2.97
11224	1.38	2.06	0.71	0.04	0.67
11226	1.36	1.98	0.69	0.04	0.65
11225	1.41	2.14	0.75	0.04	0.71
11290	1.62	5.89	2.58	0.59	1.99
11227	0.17	0.22	0.13	0.02	0.11
11229	0.20	0.25	0.12	0.01	0.10
11228	0.28	0.35	0.18	0.02	0.16
11298	0.58	2.61	1.22	0.30	0.91
11300	1.04	7.31	3.31	0.99	2.32
11299	0.65	4.07	1.87	0.55	1.32
11230	3.28	5.31	1.90	0.13	1.77
11291	4.17	6.64	2.29	0.16	2.13
11231	3.86	6.46	2.27	0.19	2.07
11232	0.72	0.44	0.63	0.25	0.38
11233	0.40	0.49	0.24	0.04	0.20
11234	14.85	23.50	6.31	0.28	6.03
11235	16.30	25.23	6.54	0.29	6.25
11236	0.09	0.12	0.03	Tr	0.03
11237	2.08	3.46	1.70	0.10	1.60
11292	3.28	6.20	2.26	0.36	1.90
11293	3.98	7.12	3.00	0.29	2.71
11238	1.23	1.90	1.09	0.05	1.04
11240	0.21	0.18	0.26	0.02	0.24
11241	0.11	0.12	0.32	0.24	0.08
11242	0.07	0.06	0.09	0.06	0.03
11243	2.66	5.43	3.36	2.32	1.02
11244	2.45	2.61	1.39	0.51	0.88
12020	3.06	8.19	1.64	0.24	1.40
12001	3.60	4.54	1.92	0.21	1.71
12002	3.87	4.73	1.61	0.33	1.27
12003	4.24	5.36	1.79	0.35	1.45
12004	3.12	4.32	1.43	0.11	1.32
12005	3.04	4.15	1.40	0.10	1.29
12006	3.21	4.17	1.86	0.18	1.68
12021	3.81	7.89	3.08	0.58	2.50
12022	3.47	7.53	2.95	0.57	2.38
12023	4.71	16.95	6.89	1.78	5.12
12007	2.97	4.06	1.68	0.18	1.50
12008	2.96	4.17	1.40	0.09	1.30
12009	(12.29)	(15.32)	(6.12)	(0.29)	(5.84)
12010	9.39	13.00	4.54	0.35	4.19
12011	9.18	12.77	4.45	0.33	4.13
12012	6.53	8.99	3.63	0.28	3.36
12013	18.41	22.95	9.17	0.43	8.74
12014	Tr	Tr	Tr	0	Tr
12015	0.01	0.02	0.01	0	0.01
12016	0.10	0.15	0.05	Tr	0.05
12017	(1.53)	(2.10)	(0.71)	(0.05)	(0.65)
12018	(2.59)	(3.70)	(1.42)	(0.13)	(1.29)
12019	(2.65)	(3.68)	(1.30)	(0.11)	(1.20)
13001	3.46	1.11	0.18	0.02	0.16
13002	2.36	1.06	0.15	0.02	0.13
13003	2.33	0.87	0.12	0.02	0.10
13006	0.05	0.02	Tr	0	Tr
13004	2.75	1.14	0.14	0.02	0.12
13005	0.67	0.23	0.03	Tr	0.03
13007	1.32	0.53	0.06	0.02	0.05
13008	0.13	0.04	0.01	0	0.01
13009	16.28	7.17	0.72	0.06	0.66
13010	0.44	0.18	0.03	Tr	0.03
13011	11.27	8.44	5.07	0.38	4.69
13012	4.88	2.10	0.13	0.02	0.10
13013	5.59	2.16	0.26	0.04	0.22
13014	26.28	9.89	1.37	0.21	1.15
13015	(18.32)	(18.74)	(1.17)	(0.21)	(0.96)
13016	26.61	7.38	1.73	0.10	1.63
13017	(24.98)	(9.34)	(1.25)	(0.19)	(1.06)
13018	(16.63)	(17.19)	(1.07)	(0.20)	(0.87)
13019	(8.30)	(25.01)	(0.88)	(0.20)	(0.68)
13020	11.57	4.73	0.58	0.08	0.50
13021	(8.66)	(10.98)	(0.59)	(0.11)	(0.49)
13022	5.70	17.18	0.61	0.14	0.47
13023	16.45	6.06	0.62	0.12	0.51
13024	31.00	0	0	0	0
13025	1.83	0.71	0.10	0.01	0.08
13053	0.58	0.22	0.03	Tr	0.02
13054	0.16	0.06	0.01	0	0.01
13026	0.13	0.06	0.01	0	0.01
13027	0.33	0.11	0.02	Tr	0.01
13028	0.03	0.01	Tr	0	Tr
13029	0.06	0.02	0.01	Tr	Tr
13030	0.04	0.02	0.03	Tr	0.03
13031	15.96	4.94	0.53	0.16	0.37
13032	18.99	8.12	0.87	0.35	0.52
13033	2.73	1.00	0.13	0.02	0.10
13034	14.87	5.71	0.70	0.16	0.54
13035	20.26	7.40	0.89	0.25	0.63
13036	17.75	6.39	0.67	0.19	0.48
13037	20.52	9.09	0.81	0.26	0.54
13038	18.15	7.11	0.94	0.28	0.67
13039	17.17	6.76	0.80	0.13	0.67
13055	16.77	6.40	0.81	0.13	0.68
13057	13.37	4.88	0.74	0.14	0.60
13040	16.00	6.83	0.56	0.17	0.39
13041	15.75	5.51	0.63	0.18	0.45
13042	7.12	2.79	0.34	0.06	0.28
13043	4.64	2.32	0.36	0.05	0.30
13044	4.64	1.35	0.16	0.02	0.13
13045	9.11	3.67	0.62	0.01	0.60
13046	1.41	0.47	0.05	0.01	0.05
13047	3.69	1.48	0.19	0.03	0.16
13048	1.02	0.30	0.05	0.01	0.03
13049	0.77	0.18	0.04	Tr	0.04
13050	0.75	0.32	0.04	0.01	0.04
13051	1.32	1.52	0.61	0.09	0.52
13052	2.19	0.77	0.09	0.03	0.07
14023	8.09	15.91	71.13	56.63	14.50
14024	7.64	16.94	70.60	58.31	12.29
14001	13.29	74.04	7.24	0.60	6.64
14002	15.04	37.59	41.19	0.31	40.88
14003	18.80	39.80	33.26	1.15	32.11
14004	7.36	73.24	13.62	0.21	13.41
14025	9.26	12.94	70.19	0.22	69.97
14005	14.87	22.12	55.78	6.10	49.67
14006	10.97	41.10	40.94	6.81	34.13
14007	13.04	27.96	51.58	0.76	50.82
14008	7.06	60.09	26.10	7.52	18.59
14009	47.08	36.70	9.16	0.19	8.97
14010	76.34	14.36	2.43	0	2.43
14011	10.25	27.35	57.94	0.43	57.51
14026	8.85	57.22	28.09	0.22	27.88
14027	8.74	79.90	6.79	0.23	6.57
14028	10.93	17.80	63.55	0.45	63.10
14012	21.06	17.44	53.85	0.34	53.51
14013	83.96	6.59	1.53	0	1.53
14014	19.92	43.34	29.00	0.21	28.80
14015	41.05	45.01	3.61	0.17	3.44
14032	16.40	44.90	25.54	22.64	2.30
14016	39.29	43.56	9.81	0.46	9.35
14017	50.45	17.97	2.14	0.28	1.86
14018	52.43	18.52	2.05	0.33	1.72
14019	50.56	17.99	2.15	0.29	1.87
14020	23.04	39.32	12.98	1.17	11.81
14029	39.00	28.86	8.78	0.64	8.13
14021	20.40	20.72	20.02	1.71	18.31
14022	46.23	35.54	11.56	0.99	10.57
14030	51.13	32.58	8.13	0.30	7.84
14031	41.37	38.39	13.19	0.78	12.42
15001	(0.04)	(0.01)	(0.08)	(0.03)	(0.06)
15002	(0.04)	(0.02)	(0.15)	(0.09)	(0.05)
15003	(0.05)	(0.08)	(0.12)	(0.02)	(0.11)
15005	(0.27)	(0.28)	(0.29)	(0.02)	(0.26)
15006	(0.05)	(0.04)	(0.05)	(Tr)	(0.05)
15007	(0.07)	(0.05)	(0.12)	(0.02)	(0.10)
15008	(0.10)	(0.06)	(0.12)	(0.01)	(0.11)
15009	1.51	1.74	0.91	0.08	0.83
15010	(0.05)	(0.01)	(0.10)	(0.03)	(0.07)
15011	(0.08)	(0.05)	(0.09)	(Tr)	(0.09)
15012	(0.06)	(0.06)	(0.08)	(Tr)	(0.08)
15013	(0.05)	(0.05)	(0.07)	(Tr)	(0.07)
15014	(0.10)	(0.07)	(0.10)	(Tr)	(0.10)
15016	(0.12)	(0.03)	(0.23)	(0.05)	(0.19)
15017	(0.10)	(0.06)	(0.12)	(0.01)	(0.11)
15018	(0.12)	(0.08)	(0.14)	(0.01)	(0.13)
15019	(0.13)	(0.10)	(0.14)	(0.01)	(0.14)
15020	(2.81)	(2.46)	(2.64)	(0.33)	(2.30)
15123	(0.13)	(0.11)	(0.27)	(0.03)	(0.23)
15022	(0.05)	(0.02)	(0.06)	(0.01)	(0.05)
15021	(0.08)	(0.03)	(0.17)	(0.02)	(0.15)
15124	(0.13)	(0.09)	(0.17)	(0.01)	(0.16)
15023	(0.12)	(0.07)	(0.14)	(0.01)	(0.12)
15024	(0.87)	(1.15)	(0.50)	(0.04)	(0.46)
15025	(0.06)	(0.04)	(0.06)	(Tr)	(0.06)
15026	(0.62)	(1.46)	(1.82)	(0.03)	(1.78)
15027	(0.92)	(1.15)	(0.62)	(0.06)	(0.57)
15004	(0.08)	(0.04)	(0.11)	(0.02)	(0.09)
15028	(0.04)	(0.01)	(0.09)	(0.02)	(0.06)
15029	(0.56)	(0.64)	(0.48)	(0.05)	(0.44)
15030	(0.02)	(0.01)	(0.05)	(0.01)	(0.03)
15031	(0.35)	(0.39)	(0.32)	(0.03)	(0.29)
15032	(0.88)	(1.10)	(0.59)	(0.06)	(0.53)
15033	(0.09)	(0.03)	(0.20)	(0.03)	(0.17)
15034	(1.63)	(2.01)	(1.41)	(0.05)	(1.37)
15035	(1.60)	(1.97)	(0.88)	(0.04)	(0.85)
15036	(0.06)	(0.02)	(0.09)	(0.02)	(0.07)
15037	(0.40)	(0.54)	(2.51)	(0.44)	(2.07)
15038	(0.03)	(0.01)	(0.06)	(0.02)	(0.04)
15039	(0.02)	(Tr)	(0.04)	(0.01)	(0.03)
15040	(0.05)	(0.02)	(0.11)	(0.02)	(0.09)
15042	(2.26)	(8.36)	(8.36)	(1.39)	(6.97)
15043	(0.16)	(0.21)	(0.23)	(0.03)	(0.20)
15044	(2.56)	(6.53)	(4.09)	(0.03)	(4.05)
15045	(1.41)	(4.39)	(4.85)	(0.74)	(4.11)
15046	(1.41)	(4.09)	(4.72)	(0.69)	(4.02)
15047	(0.92)	(1.45)	(3.41)	(0.49)	(2.93)
15048	(0.17)	(0.07)	(0.39)	(0.02)	(0.37)
15049	(0.92)	(1.11)	(0.71)	(0.04)	(0.67)
15050	(0.39)	(0.40)	(0.42)	(0.02)	(0.39)
15051	(1.73)	(3.69)	(4.92)	(0.06)	(4.86)
15052	(1.74)	(4.06)	(3.03)	(0.05)	(2.98)
15053	(0.08)	(0.04)	(0.05)	(Tr)	(0.05)
15056	(0.45)	(0.33)	(0.49)	(0.02)	(0.47)
15055	(0.63)	(0.59)	(1.26)	(0.13)	(1.13)
15057	(2.08)	(7.02)	(7.09)	(1.14)	(5.95)
15058	(0.28)	(0.20)	(0.30)	(0.01)	(0.29)
15059	(0.28)	(0.18)	(0.29)	(0.01)	(0.29)
15060	(0.30)	(0.22)	(0.33)	(0.01)	(0.32)
15061	(0.62)	(0.86)	(0.29)	(0.02)	(0.26)
15062	(0.94)	(1.20)	(0.77)	(0.05)	(0.72)
15063	(0.17)	(0.06)	(0.37)	(0.02)	(0.35)
15064	(1.20)	(1.98)	(4.70)	(0.68)	(4.02)
15065	(0.16)	(0.11)	(0.17)	(0.01)	(0.16)
15066	(0.07)	(0.04)	(0.05)	(Tr)	(0.05)
15067	(0.49)	(0.17)	(0.76)	(0.04)	(0.72)
15068	(0.05)	(0.02)	(0.09)	(0.02)	(0.07)
15125	3.34	9.03	4.61	0.85	3.76
15069	(1.57)	(1.11)	(0.51)	(0.05)	(0.46)
15126	(1.35)	(0.91)	(0.58)	(0.09)	(0.48)
15127	(7.04)	(7.11)	(2.41)	(0.22)	(2.19)
15128	8.55	8.61	3.13	0.30	2.83
15129	3.69	3.80	0.79	0.04	0.75
15070	(3.16)	(2.39)	(0.95)	(0.09)	(0.87)
15130	(2.87)	(2.29)	(0.83)	(0.07)	(0.76)
15071	(1.73)	(1.23)	(0.57)	(0.06)	(0.50)
15072	(6.06)	(5.93)	(1.97)	(0.18)	(1.79)
15131	(7.39)	(7.85)	(2.43)	(0.22)	(2.22)
15132	4.93	3.44	1.31	0.13	1.18
15073	(6.28)	(2.95)	(0.66)	(0.06)	(0.60)
15074	1.97	2.59	1.18	0.09	1.09
15075	(5.80)	(6.34)	(1.03)	(0.11)	(0.92)
15133	(6.94)	(4.01)	(0.74)	(0.08)	(0.66)
15134	(12.11)	(5.30)	(0.94)	(0.17)	(0.77)
15135	(16.59)	(6.36)	(0.90)	(0.16)	(0.74)
15076	(16.95)	(10.76)	(3.12)	(0.20)	(2.91)
15077	(3.52)	(8.30)	(6.73)	(1.03)	(5.70)
15078	(3.70)	(4.28)	(2.68)	(0.33)	(2.35)
15079	5.26	9.97	7.06	0.61	6.46
15080	(3.61)	(6.84)	(4.85)	(0.42)	(4.43)
15081	(6.67)	(11.85)	(7.72)	(0.66)	(7.06)
15082	(14.73)	(6.12)	(1.18)	(0.12)	(1.07)
15083	(2.33)	(1.61)	(0.76)	(0.05)	(0.71)
15084	(3.18)	(2.55)	(0.97)	(0.08)	(0.90)
15085	(1.75)	(1.32)	(0.60)	(0.05)	(0.55)
15086	2.10	1.60	0.57	0.05	0.51
15136	(0.79)	(0.29)	(0.04)	(0.01)	(0.03)
15087	(0.02)	(0.02)	(0.02)	(0.01)	(0.02)
15089	(2.27)	(0.85)	(0.11)	(0.02)	(0.10)
15091	(5.27)	(5.13)	(0.78)	(0.09)	(0.69)
15092	5.95	4.59	0.89	0.05	0.84
15141	(10.88)	(7.17)	(1.71)	(0.07)	(1.64)
15093	9.03	8.34	2.76	0.18	2.57
15094	3.66	4.26	0.95	0.06	0.89
15095	(7.27)	(5.80)	(2.27)	(0.18)	(2.09)
15054	(11.22)	(11.97)	(3.21)	(0.13)	(3.09)
15097	3.98	3.42	1.12	0.07	1.05
15098	12.42	8.81	1.56	0.18	1.38
15099	5.05	9.61	1.35	0.06	1.28
15096	(16.20)	(12.37)	(4.52)	(0.37)	(4.15)
15100	(8.95)	(9.49)	(3.44)	(0.19)	(3.24)
15101	(6.43)	(8.58)	(2.56)	(0.22)	(2.34)
15102	9.97	9.68	4.65	0.12	4.53
15103	(3.86)	(14.47)	(14.41)	(2.40)	(12.01)
15104	12.96	12.29	2.25	0.06	2.19
15105	7.45	2.06	0.35	0.04	0.31
15111	(4.10)	(1.45)	(0.16)	(0.03)	(0.13)
15112	(5.28)	(12.90)	(7.63)	(0.07)	(7.56)
15137	(14.19)	(18.68)	(5.02)	(0.06)	(4.96)
15114	(13.43)	(7.55)	(1.09)	(0.08)	(1.01)
15186	20.98	10.90	1.17	0.07	1.07
15187	23.30	12.14	1.25	0.07	1.14
15115	22.87	11.92	1.32	0.13	1.19
15116	19.88	10.38	1.08	0.09	0.99
15117	(0.05)	(0.03)	(0.15)	(0.03)	(0.12)
15138	(2.90)	(2.48)	(0.79)	(0.07)	(0.73)
15139	(0.03)	(0.01)	(0.07)	(0.02)	(0.05)
15140	(0.06)	(0.01)	(0.12)	(0.04)	(0.09)
16001	0	0	0	0	0
16002	0	0	0	0	0
16003	0	0	0	0	0
16004	0	0	0	0	0
16005	0	0	0	0	0
16006	0	0	0	0	0
16007	0	0	0	0	0
16008	0	0	0	0	0
16009	0	0	0	0	0
16012	0	0	0	0	0
16035	0.68	0.34	2.16	1.34	0.81
16036	0.62	0.25	1.94	1.35	0.59
16045	(0.01)	(Tr)	(0.01)	(0)	(0.01)
16046	0.09	0.02	0.10	Tr	0.09
16047	0.16	0.06	0.01	Tr	0.01
16048	12.40	6.88	0.70	0.04	0.66
16049	3.98	2.05	0.24	0.02	0.22
16056	0.55	0.10	2.08	1.29	0.52
17001	0.01	Tr	Tr	0	Tr
17002	0.01	Tr	0.01	Tr	0.01
17085	0.01	0.01	0.01	Tr	0.01
17004	0.34	0.29	1.12	0.10	1.02
17005	(0.07)	(0.04)	(0.26)	(Tr)	(0.26)
17006	(14.58)	(35.51)	(43.15)	(0.40)	(42.75)
17024	0.11	0.19	0.07	0.01	0.06
17027	2.12	1.73	0.03	Tr	0.03
17092	(0.02)	(0.01)	(0.03)	(0.02)	(Tr)
17093	0.55	0.67	0.17	0.01	0.15
17028	0.08	0.04	0.08	0.07	0.01
17095	(0.17)	(0.53)	(0.59)	(0.09)	(0.49)
17031	0.03	0.02	0.06	0.03	0.03
17096	(3.04)	(4.97)	(2.69)	(0.32)	(2.37)
17133	0	0	0	0	0
17134	0	0	0	0	0
17135	0	0	0	0	0
17107	Tr	Tr	0	0	0
17097	(1.12)	(2.82)	(3.34)	(0.03)	(3.32)
17098	(2.10)	(5.29)	(6.18)	(0.05)	(6.13)
17104	(0.51)	(1.27)	(1.39)	(0.01)	(1.38)
17108	0.16	0.45	0.47	Tr	0.46
17109	(1.97)	(2.45)	(1.46)	(0.09)	(1.37)
17144	0.10	0.28	0.16	0.03	0.13
17113	(0.32)	(0.80)	(0.89)	(0.01)	(0.89)
17034	(0.02)	(0.01)	(0.03)	(Tr)	(0.02)
17035	(0.02)	(0.01)	(0.03)	(Tr)	(0.02)
17036	0.03	0.01	0.05	0.01	0.04
17037	(0.03)	(0.02)	(0.06)	(0.01)	(0.05)
17038	(0.02)	(0.01)	(0.03)	(Tr)	(0.02)
17042	6.07	39.82	23.51	5.49	18.02
17043	10.37	27.69	31.54	4.92	26.62
17118	3.04	12.49	9.77	1.77	8.00
17040	(3.46)	(12.95)	(12.90)	(2.15)	(10.75)
17116	(1.68)	(5.79)	(5.90)	(0.80)	(5.10)
17117	(4.34)	(15.52)	(15.65)	(2.36)	(13.29)
17041	(4.34)	(16.10)	(15.99)	(2.66)	(13.33)
17044	0.49	0.52	1.84	0.30	1.55
17045	0.97	1.11	3.61	0.58	3.02
17046	0.88	1.07	3.21	0.54	2.66
17120	(0.87)	(0.98)	(3.13)	(0.54)	(2.59)
17145	0.80	1.14	2.59	0.30	2.29
17047	0.74	0.73	2.51	0.38	2.13
17048	1.62	1.88	6.29	0.99	5.30
17119	(0.98)	(1.18)	(3.38)	(0.46)	(2.92)
17049	1.23	1.37	4.52	0.73	3.79
17050	0.50	0.68	1.74	0.22	1.53
17121	(0.27)	(0.68)	(1.08)	(0.22)	(0.86)
17122	(1.43)	(3.14)	(4.51)	(0.22)	(4.29)
17123	(0.25)	(0.26)	(0.93)	(0.15)	(0.78)
17124	(0.27)	(0.29)	(1.04)	(0.17)	(0.87)
17051	14.84	14.85	1.65	0.10	1.55
17052	15.62	14.00	0.88	0.06	0.82
17125	(0.68)	(1.03)	(0.88)	(0.66)	(0.23)
17136	0.18	0.13	0.42	0.08	0.34
17126	(0.16)	(0.06)	(0.30)	(0.14)	(0.16)
17127	(4.75)	(7.72)	(6.33)	(0.28)	(6.04)
17055	(1.64)	(0.43)	(1.52)	(0.05)	(1.48)
17056	(0.23)	(0.21)	(0.33)	(0.02)	(0.31)
17057	(0.78)	(8.89)	(3.98)	(1.50)	(2.44)
17058	(0.80)	(9.01)	(4.04)	(1.52)	(2.47)
17059	(0.58)	(6.59)	(2.95)	(1.11)	(1.80)
17060	(0.88)	(9.94)	(4.45)	(1.67)	(2.72)
17061	1.28	6.44	3.40	0.24	3.16
17062	(4.13)	(1.46)	(3.77)	(0.81)	(2.87)
17063	(2.56)	(1.36)	(1.84)	(0.28)	(1.56)
17064	(2.73)	(1.45)	(1.96)	(0.30)	(1.66)
17065	(2.65)	(1.41)	(1.90)	(0.29)	(1.61)
17067	(0.97)	(0.69)	(0.19)	(0.03)	(0.12)
17069	(0.16)	(0.12)	(0.12)	(0.03)	(0.10)
17070	(5.57)	(1.48)	(1.39)	(0.97)	(0.42)
17071	(1.91)	(0.33)	(0.83)	(0.48)	(0.35)
17072	(1.41)	(1.84)	(4.60)	(0.30)	(4.30)
17073	(1.83)	(1.54)	(4.70)	(0.37)	(4.33)
17074	(11.31)	(13.28)	(5.22)	(0.10)	(5.12)
17075	0.10	0.04	0.22	0.02	0.20
17076	(0.07)	(0.02)	(0.16)	(0.02)	(0.14)
17077	(1.17)	(0.67)	(0.27)	(0.16)	(0.11)
17078	(0.55)	(0.31)	(1.25)	(0.75)	(0.51)
17079	(1.93)	(1.53)	(6.99)	(0.41)	(6.58)
17082	0.19	0.84	0.01	Tr	0.01
17083	0.79	3.71	0.04	0.01	0.03
17084	(0.22)	(0.02)	(0.36)	(0.09)	(0.27)
18054	2.29	3.41	3.34	0.33	3.01
18023	0.28	0.11	0.46	0.43	0.03
18015	3.23	5.33	2.35	0.29	2.05
18055	1.55	9.52	4.95	1.88	3.05
18007	0.94	1.22	1.19	0.17	1.02
18002	3.09	4.43	2.00	0.09	1.91
18012	2.86	4.05	1.39	0.09	1.30
